timestamp,pjm_load_mw,wind_generation_mw,solar_generation_mw
2020-01-01 05:00:00,158364.942,5079.214,-3.015
2020-01-01 06:00:00,155147.428,4778.677,-3.086
2020-01-01 07:00:00,152404.272,4240.8,-3.106
2020-01-01 08:00:00,151348.068,4304.538,-3.163
2020-01-01 09:00:00,152476.082,4157.699,-3.165
2020-01-01 10:00:00,155234.988,3905.225,-3.139
2020-01-01 11:00:00,159527.608,3529.245,-3.145
2020-01-01 12:00:00,163184.988,3724.779,66.205
2020-01-01 13:00:00,164383.994,4556.911,493.971
2020-01-01 14:00:00,165382.972,4737.343,954.088
2020-01-01 15:00:00,165491.858,4570.078,1057.862
2020-01-01 16:00:00,164801.554,5058.583,1061.181
2020-01-01 17:00:00,163461.046,5827.2,1017.391
2020-01-01 18:00:00,161136.226,6137.733,1001.407
2020-01-01 19:00:00,159573.068,6335.7,908.941
2020-01-01 20:00:00,160418.688,6362.788,588.497
2020-01-01 21:00:00,166255.022,6428.982,114.245
2020-01-01 22:00:00,179737.146,6649.065,-2.988
2020-01-01 23:00:00,184525.09,7161.41,-2.974
2020-01-02 00:00:00,184910.202,7447.303,-3.224
2020-01-02 01:00:00,183545.73200000002,7656.804,-3.083
2020-01-02 02:00:00,179730.218,7804.455,-3.147
2020-01-02 03:00:00,173021.03,7584.208,-3.106
2020-01-02 04:00:00,166449.088,7609.931,-2.998
2020-01-02 05:00:00,161916.394,7565.23,-3.159
2020-01-02 06:00:00,159923.676,7626.666,-3.141
2020-01-02 07:00:00,159704.676,7651.344,-3.041
2020-01-02 08:00:00,160984.588,7345.933,-3.251
2020-01-02 09:00:00,165902.244,7519.413,-3.208
2020-01-02 10:00:00,176017.434,7378.647,-3.191
2020-01-02 11:00:00,190659.532,7425.901,-3.125
2020-01-02 12:00:00,200736.28399999999,7505.622,34.739
2020-01-02 13:00:00,200192.144,7303.814,367.625
2020-01-02 14:00:00,195313.802,6890.925,906.94
2020-01-02 15:00:00,190376.672,6373.866,1120.372
2020-01-02 16:00:00,185933.114,6115.693,1100.33
2020-01-02 17:00:00,182624.994,6071.679,925.923
2020-01-02 18:00:00,180706.334,5384.259,664.6
2020-01-02 19:00:00,179401.022,4883.771,489.448
2020-01-02 20:00:00,179092.008,4129.506,388.726
2020-01-02 21:00:00,183534.268,3410.988,59.583
2020-01-02 22:00:00,193591.792,3046.098,-3.041
2020-01-02 23:00:00,194446.502,2985.972,-2.949
2020-01-03 00:00:00,191216.304,2893.192,-3.102
2020-01-03 01:00:00,186741.918,3190.447,-3.019
2020-01-03 02:00:00,179606.706,3165.538,-3.097
2020-01-03 03:00:00,169662.826,2784.561,-2.879
2020-01-03 04:00:00,159789.816,2515.815,-3.12
2020-01-03 05:00:00,152251.57,2073.397,-3.044
2020-01-03 06:00:00,148018.772,1700.014,-3.071
2020-01-03 07:00:00,145604.812,1364.378,-3.033
2020-01-03 08:00:00,145358.396,1386.868,-3.05
2020-01-03 09:00:00,148036.02000000002,1391.166,-2.934
2020-01-03 10:00:00,155596.736,1337.092,-2.99
2020-01-03 11:00:00,168397.85,1464.867,-3.045
2020-01-03 12:00:00,177478.63,1572.354,4.746
2020-01-03 13:00:00,180287.808,1461.925,65.178
2020-01-03 14:00:00,181034.816,1181.436,147.494
2020-01-03 15:00:00,181590.434,910.194,231.602
2020-01-03 16:00:00,181141.996,1027.063,262.28
2020-01-03 17:00:00,180328.102,841.861,258.19
2020-01-03 18:00:00,179723.948,625.959,204.897
2020-01-03 19:00:00,178473.278,279.512,172.863
2020-01-03 20:00:00,177803.866,239.02,108.34
2020-01-03 21:00:00,180803.1,310.064,21.682
2020-01-03 22:00:00,186792.35,315.19,-3.115
2020-01-03 23:00:00,185481.954,401.428,-3.053
2020-01-04 00:00:00,181682.61,583.928,-3.013
2020-01-04 01:00:00,177322.558,504.332,-3.156
2020-01-04 02:00:00,171670.36800000002,529.906,-3.12
2020-01-04 03:00:00,163739.53,597.958,-3.086
2020-01-04 04:00:00,154676.196,651.059,-3.151
2020-01-04 05:00:00,147014.646,769.762,-3.093
2020-01-04 06:00:00,142087.986,960.926,-3.0
2020-01-04 07:00:00,139400.30599999998,1105.947,-2.941
2020-01-04 08:00:00,137770.04,1191.432,-3.101
2020-01-04 09:00:00,138401.7,1365.966,-3.052
2020-01-04 10:00:00,141309.864,1389.515,-3.049
2020-01-04 11:00:00,146545.174,1445.407,-3.093
2020-01-04 12:00:00,152880.426,1594.642,-0.366
2020-01-04 13:00:00,158638.158,1766.875,23.182
2020-01-04 14:00:00,163848.61,1919.614,54.745
2020-01-04 15:00:00,167587.176,2038.322,99.376
2020-01-04 16:00:00,169051.294,2746.506,162.807
2020-01-04 17:00:00,168663.666,3558.293,242.452
2020-01-04 18:00:00,168008.696,4419.202,231.724
2020-01-04 19:00:00,166828.262,4856.25,227.582
2020-01-04 20:00:00,167550.794,4626.466,208.581
2020-01-04 21:00:00,171786.132,4688.657,80.424
2020-01-04 22:00:00,179358.626,4874.405,-2.915
2020-01-04 23:00:00,180714.966,4964.171,-2.946
2020-01-05 00:00:00,178829.148,5076.793,-3.067
2020-01-05 01:00:00,177125.532,5255.095,-3.072
2020-01-05 02:00:00,173716.294,4556.508,-3.029
2020-01-05 03:00:00,168892.17,3808.176,-3.232
2020-01-05 04:00:00,162438.994,3645.113,-2.983
2020-01-05 05:00:00,156666.882,3303.121,-3.01
2020-01-05 06:00:00,153233.694,2989.553,-3.049
2020-01-05 07:00:00,151818.638,2814.588,-3.173
2020-01-05 08:00:00,151513.148,2777.063,-3.168
2020-01-05 09:00:00,153222.976,3118.596,-3.164
2020-01-05 10:00:00,156655.266,3500.046,-3.122
2020-01-05 11:00:00,161755.772,4318.618,-3.187
2020-01-05 12:00:00,167983.5,5069.847,30.506
2020-01-05 13:00:00,172063.128,6196.816,491.083
2020-01-05 14:00:00,173929.018,6719.689,1015.996
2020-01-05 15:00:00,174499.316,6988.582,1084.436
2020-01-05 16:00:00,174666.468,7227.906,983.819
2020-01-05 17:00:00,174331.83,7534.748,937.851
2020-01-05 18:00:00,172836.744,7503.272,970.069
2020-01-05 19:00:00,171442.854,7455.857,898.846
2020-01-05 20:00:00,172455.258,7211.553,665.327
2020-01-05 21:00:00,178713.592,6753.814,144.279
2020-01-05 22:00:00,190623.396,6574.67,-3.011
2020-01-05 23:00:00,194798.742,6596.734,-3.116
2020-01-06 00:00:00,194080.222,6782.883,-3.207
2020-01-06 01:00:00,192609.19,6651.582,-3.036
2020-01-06 02:00:00,186651.192,6660.598,-3.195
2020-01-06 03:00:00,178086.232,6929.149,-3.164
2020-01-06 04:00:00,170398.76,7113.862,-3.027
2020-01-06 05:00:00,164990.156,6876.807,-3.057
2020-01-06 06:00:00,161757.052,6858.153,-3.168
2020-01-06 07:00:00,160195.342,6404.937,-2.971
2020-01-06 08:00:00,161195.578,5967.352,-3.041
2020-01-06 09:00:00,165660.918,5685.118,-3.238
2020-01-06 10:00:00,176130.552,5382.473,-3.03
2020-01-06 11:00:00,192888.258,4248.21,-3.139
2020-01-06 12:00:00,202837.27,3448.69,30.706
2020-01-06 13:00:00,202301.494,3152.961,426.419
2020-01-06 14:00:00,197360.558,2867.469,890.39
2020-01-06 15:00:00,191920.794,2422.38,1081.656
2020-01-06 16:00:00,186072.522,2349.267,1076.286
2020-01-06 17:00:00,182886.38,2275.465,983.496
2020-01-06 18:00:00,180318.9,2319.109,1002.127
2020-01-06 19:00:00,176878.238,2255.053,1040.784
2020-01-06 20:00:00,176827.274,2084.044,742.476
2020-01-06 21:00:00,182078.468,1965.67,167.127
2020-01-06 22:00:00,194703.114,2061.175,-0.579
2020-01-06 23:00:00,200771.15,2057.95,0.036
2020-01-07 00:00:00,200567.46,2033.065,-0.612
2020-01-07 01:00:00,198248.038,2185.246,-1.564
2020-01-07 02:00:00,192858.724,2384.857,-2.898
2020-01-07 03:00:00,183960.08000000002,2349.102,-2.992
2020-01-07 04:00:00,175411.412,2076.53,-2.847
2020-01-07 05:00:00,169406.718,1796.467,-3.101
2020-01-07 06:00:00,166827.548,1543.503,-3.029
2020-01-07 07:00:00,166193.71600000001,1465.398,-3.119
2020-01-07 08:00:00,167039.07,1442.154,-2.968
2020-01-07 09:00:00,171481.508,1399.489,-3.076
2020-01-07 10:00:00,181926.396,1331.652,-3.058
2020-01-07 11:00:00,197749.67,1199.516,-3.228
2020-01-07 12:00:00,207674.968,1551.109,27.364
2020-01-07 13:00:00,206453.49599999998,2017.671,360.462
2020-01-07 14:00:00,201600.07,2250.508,701.157
2020-01-07 15:00:00,196939.294,1765.618,666.18
2020-01-07 16:00:00,194680.652,1713.86,486.297
2020-01-07 17:00:00,193186.674,2693.43,400.47
2020-01-07 18:00:00,192402.344,4572.612,224.796
2020-01-07 19:00:00,192010.768,5251.89,98.011
2020-01-07 20:00:00,192328.93,5032.916,98.306
2020-01-07 21:00:00,197382.444,4709.303,54.698
2020-01-07 22:00:00,207325.584,4245.989,-2.794
2020-01-07 23:00:00,210785.078,4601.969,-3.064
2020-01-08 00:00:00,209041.94,5270.572,-3.004
2020-01-08 01:00:00,205842.736,5568.794,-3.112
2020-01-08 02:00:00,199202.634,5640.505,-3.064
2020-01-08 03:00:00,189832.00199999998,5913.14,-3.039
2020-01-08 04:00:00,181062.526,6218.649,-3.059
2020-01-08 05:00:00,175084.63199999998,6540.513,-3.141
2020-01-08 06:00:00,172347.028,6982.572,-3.061
2020-01-08 07:00:00,171373.388,7225.674,-3.181
2020-01-08 08:00:00,171986.564,7473.561,-3.221
2020-01-08 09:00:00,176083.02,7737.883,-3.24
2020-01-08 10:00:00,186314.69,7789.588,-3.422
2020-01-08 11:00:00,201849.024,7671.035,-3.147
2020-01-08 12:00:00,211655.664,6851.78,38.692
2020-01-08 13:00:00,210733.448,5464.831,482.331
2020-01-08 14:00:00,205284.804,4632.919,947.543
2020-01-08 15:00:00,200106.814,3944.684,1086.084
2020-01-08 16:00:00,196061.708,3130.723,1117.234
2020-01-08 17:00:00,193357.624,2668.159,1057.047
2020-01-08 18:00:00,192352.104,2435.514,982.569
2020-01-08 19:00:00,190629.162,2352.406,1033.214
2020-01-08 20:00:00,191530.478,2252.148,754.643
2020-01-08 21:00:00,198200.896,2398.874,186.293
2020-01-08 22:00:00,210133.994,2870.208,-1.096
2020-01-08 23:00:00,215816.644,3663.192,-1.84
2020-01-09 00:00:00,215097.6,4871.494,-1.99
2020-01-09 01:00:00,212876.678,5704.711,-1.894
2020-01-09 02:00:00,207261.28,6368.058,-1.762
2020-01-09 03:00:00,197678.524,6668.488,-1.884
2020-01-09 04:00:00,189501.762,6827.973,-1.729
2020-01-09 05:00:00,183920.514,6757.331,-1.822
2020-01-09 06:00:00,181313.694,6662.801,-1.993
2020-01-09 07:00:00,180805.358,6498.129,-1.8
2020-01-09 08:00:00,182243.418,6328.579,-1.99
2020-01-09 09:00:00,187442.804,6225.678,-1.875
2020-01-09 10:00:00,198202.99,6163.75,-1.951
2020-01-09 11:00:00,215258.94,6315.856,-1.926
2020-01-09 12:00:00,224622.86,6475.089,44.74
2020-01-09 13:00:00,221774.338,6507.171,563.987
2020-01-09 14:00:00,214053.256,6320.096,1138.085
2020-01-09 15:00:00,206969.288,6447.522,1293.285
2020-01-09 16:00:00,200563.16999999998,6722.047,1286.591
2020-01-09 17:00:00,195705.896,6834.496,1246.58
2020-01-09 18:00:00,192716.894,7023.495,1214.35
2020-01-09 19:00:00,190635.712,7225.074,1072.264
2020-01-09 20:00:00,191641.418,7274.768,592.822
2020-01-09 21:00:00,197142.554,7505.191,140.299
2020-01-09 22:00:00,207531.234,7823.102,-2.5
2020-01-09 23:00:00,210787.818,7993.684,-2.988
2020-01-10 00:00:00,208951.306,8165.652,-3.063
2020-01-10 01:00:00,205229.778,8131.662,-3.125
2020-01-10 02:00:00,198033.1,8099.613,-2.951
2020-01-10 03:00:00,187389.344,8141.535,-3.101
2020-01-10 04:00:00,177491.548,7955.022,-2.873
2020-01-10 05:00:00,170424.19199999998,7555.971,-3.121
2020-01-10 06:00:00,166000.908,6700.073,-3.134
2020-01-10 07:00:00,163543.39,5544.909,-2.993
2020-01-10 08:00:00,162786.804,4725.425,-3.197
2020-01-10 09:00:00,165603.806,4547.976,-3.251
2020-01-10 10:00:00,174163.22999999998,4410.427,-3.177
2020-01-10 11:00:00,188431.036,4104.119,-3.144
2020-01-10 12:00:00,197501.786,3511.262,19.81
2020-01-10 13:00:00,196529.374,3132.875,253.301
2020-01-10 14:00:00,193457.634,2901.388,566.92
2020-01-10 15:00:00,190855.674,2814.039,751.191
2020-01-10 16:00:00,186722.282,2650.36,848.037
2020-01-10 17:00:00,183222.41,2444.202,844.521
2020-01-10 18:00:00,180305.486,2486.016,736.865
2020-01-10 19:00:00,178131.122,2492.849,635.179
2020-01-10 20:00:00,177012.632,2731.417,406.168
2020-01-10 21:00:00,179882.59,3200.337,91.172
2020-01-10 22:00:00,186436.144,3722.086,-2.761
2020-01-10 23:00:00,185972.454,4016.46,-3.106
2020-01-11 00:00:00,182424.454,4606.711,-3.111
2020-01-11 01:00:00,178272.626,5758.042,-3.028
2020-01-11 02:00:00,172300.124,6488.462,-3.085
2020-01-11 03:00:00,163970.298,6267.062,-3.016
2020-01-11 04:00:00,154619.692,6087.292,-3.0
2020-01-11 05:00:00,147128.64,6251.834,-2.894
2020-01-11 06:00:00,141772.258,7029.027,-2.988
2020-01-11 07:00:00,139309.154,7859.631,-2.957
2020-01-11 08:00:00,137433.084,6883.213,-3.065
2020-01-11 09:00:00,137606.83000000002,6657.405,-2.969
2020-01-11 10:00:00,140426.246,6858.346,-2.862
2020-01-11 11:00:00,145502.734,6422.933,-3.307
2020-01-11 12:00:00,151478.806,6687.626,16.212
2020-01-11 13:00:00,155996.994,7255.094,192.417
2020-01-11 14:00:00,159258.122,7067.774,448.884
2020-01-11 15:00:00,160875.016,6686.486,584.711
2020-01-11 16:00:00,160677.308,6228.339,716.959
2020-01-11 17:00:00,159530.326,6120.417,692.873
2020-01-11 18:00:00,158251.868,6297.779,520.554
2020-01-11 19:00:00,156656.918,6724.051,368.135
2020-01-11 20:00:00,156184.668,6428.111,204.127
2020-01-11 21:00:00,159174.474,5827.533,45.676
2020-01-11 22:00:00,166749.36,5429.521,-2.723
2020-01-11 23:00:00,167472.856,5396.64,-2.874
2020-01-12 00:00:00,164704.846,5440.072,-3.087
2020-01-12 01:00:00,161112.664,5153.529,-2.997
2020-01-12 02:00:00,156117.496,4946.449,-2.968
2020-01-12 03:00:00,149774.12,5060.578,-2.919
2020-01-12 04:00:00,142513.49,5212.159,-2.971
2020-01-12 05:00:00,135529.276,4673.759,-3.012
2020-01-12 06:00:00,131523.976,3983.14,-2.986
2020-01-12 07:00:00,129138.616,3557.038,-2.811
2020-01-12 08:00:00,127705.572,3484.256,-2.958
2020-01-12 09:00:00,127783.24,2676.123,-2.973
2020-01-12 10:00:00,130244.662,2244.605,-2.914
2020-01-12 11:00:00,134432.63,2097.216,-2.91
2020-01-12 12:00:00,140143.866,2126.22,8.541
2020-01-12 13:00:00,146069.482,1977.25,150.301
2020-01-12 14:00:00,150506.894,1821.667,363.306
2020-01-12 15:00:00,153280.69400000002,1684.69,484.754
2020-01-12 16:00:00,153974.188,1442.885,660.955
2020-01-12 17:00:00,154312.748,1206.158,696.618
2020-01-12 18:00:00,153816.47,1023.162,681.09
2020-01-12 19:00:00,153683.438,795.373,611.232
2020-01-12 20:00:00,155367.462,625.164,437.306
2020-01-12 21:00:00,159679.284,699.59,131.237
2020-01-12 22:00:00,170318.214,915.158,-1.957
2020-01-12 23:00:00,174265.946,997.883,-3.144
2020-01-13 00:00:00,173102.182,1185.886,-2.987
2020-01-13 01:00:00,170388.31,1285.83,-3.174
2020-01-13 02:00:00,164957.048,1370.631,-3.085
2020-01-13 03:00:00,157817.146,1375.214,-3.057
2020-01-13 04:00:00,150437.926,1856.87,-2.948
2020-01-13 05:00:00,145374.394,2458.677,-3.194
2020-01-13 06:00:00,143083.21600000001,2885.331,-3.259
2020-01-13 07:00:00,142206.67,3049.741,-3.193
2020-01-13 08:00:00,143469.474,3204.582,-3.077
2020-01-13 09:00:00,147993.79200000002,3260.75,-3.187
2020-01-13 10:00:00,158946.338,3289.311,-3.145
2020-01-13 11:00:00,175902.58000000002,3175.479,-3.151
2020-01-13 12:00:00,187518.148,2657.868,3.634
2020-01-13 13:00:00,188803.874,2151.443,82.809
2020-01-13 14:00:00,188435.528,1538.541,144.325
2020-01-13 15:00:00,187023.602,1224.167,222.501
2020-01-13 16:00:00,185240.108,1010.708,318.864
2020-01-13 17:00:00,183178.498,843.271,288.02
2020-01-13 18:00:00,181095.204,861.359,232.683
2020-01-13 19:00:00,179353.522,806.445,159.462
2020-01-13 20:00:00,178343.952,845.536,74.145
2020-01-13 21:00:00,181335.066,1033.263,14.279
2020-01-13 22:00:00,190703.828,1483.679,-3.053
2020-01-13 23:00:00,194631.172,1762.95,-3.177
2020-01-14 00:00:00,193131.572,2062.866,-3.16
2020-01-14 01:00:00,189420.036,2124.507,-3.262
2020-01-14 02:00:00,182950.414,2723.049,-3.163
2020-01-14 03:00:00,173570.346,3402.631,-3.268
2020-01-14 04:00:00,164695.4,3896.822,-3.223
2020-01-14 05:00:00,157810.23,4284.688,-2.915
2020-01-14 06:00:00,153622.228,3465.715,-3.217
2020-01-14 07:00:00,151638.896,2841.035,-3.167
2020-01-14 08:00:00,151734.628,2449.019,-3.244
2020-01-14 09:00:00,155217.158,2209.723,-3.077
2020-01-14 10:00:00,165078.106,2393.698,-3.097
2020-01-14 11:00:00,180438.41,2842.028,-3.229
2020-01-14 12:00:00,190644.426,3020.358,-0.192
2020-01-14 13:00:00,190852.678,2977.046,30.821
2020-01-14 14:00:00,190182.466,3349.035,72.273
2020-01-14 15:00:00,189282.702,3494.811,167.398
2020-01-14 16:00:00,188168.886,3663.615,288.248
2020-01-14 17:00:00,186247.70799999998,3935.254,275.904
2020-01-14 18:00:00,184806.098,3952.113,232.017
2020-01-14 19:00:00,183037.158,3546.096,143.188
2020-01-14 20:00:00,182041.112,3480.143,103.256
2020-01-14 21:00:00,184161.666,3221.503,38.826
2020-01-14 22:00:00,191049.52000000002,2816.269,-2.673
2020-01-14 23:00:00,194191.43,2319.675,-3.155
2020-01-15 00:00:00,191902.184,2041.292,-3.046
2020-01-15 01:00:00,187731.906,2017.825,-3.018
2020-01-15 02:00:00,181001.182,1861.678,-2.98
2020-01-15 03:00:00,171311.426,1805.263,-3.098
2020-01-15 04:00:00,161778.812,1872.337,-2.913
2020-01-15 05:00:00,155023.252,1751.588,-3.051
2020-01-15 06:00:00,151617.736,1648.397,-3.0
2020-01-15 07:00:00,149917.35,1751.419,-3.001
2020-01-15 08:00:00,150390.454,1818.877,-3.05
2020-01-15 09:00:00,153984.134,1934.181,-3.004
2020-01-15 10:00:00,163706.324,1653.795,-3.012
2020-01-15 11:00:00,179546.62,1913.506,-3.015
2020-01-15 12:00:00,189767.42,1795.303,6.763
2020-01-15 13:00:00,189460.108,1686.265,149.09
2020-01-15 14:00:00,185796.15,1677.462,413.891
2020-01-15 15:00:00,182492.252,1100.516,651.882
2020-01-15 16:00:00,178819.124,607.913,848.221
2020-01-15 17:00:00,175721.496,433.699,939.618
2020-01-15 18:00:00,174074.794,560.139,911.259
2020-01-15 19:00:00,172424.03,1047.029,793.384
2020-01-15 20:00:00,172591.984,1998.738,627.178
2020-01-15 21:00:00,176808.234,3087.235,180.776
2020-01-15 22:00:00,186239.074,4011.474,-1.41
2020-01-15 23:00:00,189441.804,4817.762,-3.205
2020-01-16 00:00:00,187729.048,6009.208,-3.06
2020-01-16 01:00:00,184569.182,6527.639,-3.327
2020-01-16 02:00:00,177794.024,7207.331,-3.171
2020-01-16 03:00:00,167884.276,7495.862,-3.231
2020-01-16 04:00:00,158516.866,7750.116,-3.048
2020-01-16 05:00:00,152092.23,7844.828,-3.179
2020-01-16 06:00:00,148122.244,7682.828,-3.177
2020-01-16 07:00:00,146602.276,7468.368,-3.118
2020-01-16 08:00:00,146841.08,7575.001,-3.214
2020-01-16 09:00:00,150019.534,7588.95,-3.03
2020-01-16 10:00:00,159520.984,7407.605,-3.179
2020-01-16 11:00:00,175925.654,7223.3,-3.215
2020-01-16 12:00:00,186981.45,7025.679,7.145
2020-01-16 13:00:00,187838.706,6645.655,169.796
2020-01-16 14:00:00,186252.58,6411.329,605.175
2020-01-16 15:00:00,184901.044,6120.375,941.196
2020-01-16 16:00:00,182725.848,5715.869,1022.43
2020-01-16 17:00:00,181283.24,5315.683,956.25
2020-01-16 18:00:00,180886.714,4902.776,971.894
2020-01-16 19:00:00,180666.84,4507.734,978.764
2020-01-16 20:00:00,182011.118,4461.274,751.825
2020-01-16 21:00:00,187717.54,4521.698,229.706
2020-01-16 22:00:00,199489.512,4560.314,-0.424
2020-01-16 23:00:00,205720.604,4438.394,-2.904
2020-01-17 00:00:00,205699.848,3935.793,-3.058
2020-01-17 01:00:00,203793.934,3624.982,-2.916
2020-01-17 02:00:00,198909.87,3290.251,-3.03
2020-01-17 03:00:00,190384.692,3148.923,-2.904
2020-01-17 04:00:00,182326.336,2927.452,-2.926
2020-01-17 05:00:00,176778.928,2767.478,-3.168
2020-01-17 06:00:00,174018.32799999998,2761.279,-3.292
2020-01-17 07:00:00,173753.24,2898.328,-3.129
2020-01-17 08:00:00,175336.928,3139.123,-3.354
2020-01-17 09:00:00,180272.964,3117.595,-3.163
2020-01-17 10:00:00,191300.428,3221.496,-3.348
2020-01-17 11:00:00,208239.556,3728.358,-3.379
2020-01-17 12:00:00,218252.812,4359.5,34.0
2020-01-17 13:00:00,217625.18,4907.431,462.785
2020-01-17 14:00:00,213377.006,5459.531,1066.289
2020-01-17 15:00:00,209376.0,5797.159,1352.301
2020-01-17 16:00:00,204428.606,5199.452,1392.906
2020-01-17 17:00:00,200112.706,4624.997,1372.214
2020-01-17 18:00:00,197189.096,4364.016,1355.331
2020-01-17 19:00:00,195510.288,4335.631,1278.365
2020-01-17 20:00:00,196311.564,4487.651,977.04
2020-01-17 21:00:00,201806.198,4806.96,295.231
2020-01-17 22:00:00,212442.046,5207.249,2.134
2020-01-17 23:00:00,215793.454,5282.032,-2.592
2020-01-18 00:00:00,213780.848,5655.966,-2.494
2020-01-18 01:00:00,210411.724,5903.583,-2.439
2020-01-18 02:00:00,205531.914,6478.868,-2.504
2020-01-18 03:00:00,198215.524,6588.658,-2.677
2020-01-18 04:00:00,189345.876,6322.687,-2.458
2020-01-18 05:00:00,182434.124,6540.256,-2.557
2020-01-18 06:00:00,178018.348,5872.09,-2.452
2020-01-18 07:00:00,175804.646,4374.291,-2.529
2020-01-18 08:00:00,174619.828,4443.229,-2.732
2020-01-18 09:00:00,175483.48,5148.853,-2.68
2020-01-18 10:00:00,178448.8,5350.472,-2.63
2020-01-18 11:00:00,183833.332,5909.36,-2.539
2020-01-18 12:00:00,190789.662,6232.09,6.845
2020-01-18 13:00:00,196152.204,6750.176,78.096
2020-01-18 14:00:00,199984.58000000002,7441.69,182.631
2020-01-18 15:00:00,202498.682,7526.242,271.062
2020-01-18 16:00:00,202785.974,7522.35,373.612
2020-01-18 17:00:00,201623.342,7572.308,385.324
2020-01-18 18:00:00,198654.692,7482.811,278.658
2020-01-18 19:00:00,196787.518,7260.181,197.904
2020-01-18 20:00:00,196086.04200000002,7274.296,118.197
2020-01-18 21:00:00,198658.426,7334.191,29.075
2020-01-18 22:00:00,204144.846,7472.608,-2.496
2020-01-18 23:00:00,203824.446,7712.973,-2.949
2020-01-19 00:00:00,199512.032,7874.591,-3.307
2020-01-19 01:00:00,194870.394,7907.776,-3.312
2020-01-19 02:00:00,189112.26,7784.067,-3.155
2020-01-19 03:00:00,181846.784,7806.542,-3.205
2020-01-19 04:00:00,174833.812,7795.534,-3.205
2020-01-19 05:00:00,168305.062,7859.278,-3.267
2020-01-19 06:00:00,164740.012,7808.967,-3.112
2020-01-19 07:00:00,162388.47,7618.901,-3.273
2020-01-19 08:00:00,161777.692,7532.857,-3.305
2020-01-19 09:00:00,162611.016,7525.33,-3.287
2020-01-19 10:00:00,166064.052,7501.537,-2.969
2020-01-19 11:00:00,171251.94400000002,7365.295,-3.29
2020-01-19 12:00:00,177625.646,7384.674,15.09
2020-01-19 13:00:00,183173.124,7362.097,182.638
2020-01-19 14:00:00,186167.598,7358.594,508.69
2020-01-19 15:00:00,186005.998,7243.164,864.094
2020-01-19 16:00:00,185321.114,7115.002,1027.558
2020-01-19 17:00:00,184900.258,6776.086,990.424
2020-01-19 18:00:00,183976.816,6610.482,1042.897
2020-01-19 19:00:00,184306.924,6494.962,1080.222
2020-01-19 20:00:00,186825.808,6289.618,891.905
2020-01-19 21:00:00,193489.858,6294.244,293.004
2020-01-19 22:00:00,204728.472,6088.726,2.485
2020-01-19 23:00:00,211213.79,5715.089,-3.286
2020-01-20 00:00:00,211140.20799999998,5423.116,-3.083
2020-01-20 01:00:00,209761.844,5249.415,-3.25
2020-01-20 02:00:00,205769.194,5322.942,-3.101
2020-01-20 03:00:00,199814.264,5004.97,-3.043
2020-01-20 04:00:00,193647.544,4492.934,-2.448
2020-01-20 05:00:00,189557.868,4117.57,-3.177
2020-01-20 06:00:00,187852.608,3835.232,-3.188
2020-01-20 07:00:00,187779.024,3328.551,-3.103
2020-01-20 08:00:00,189318.356,2858.626,-3.301
2020-01-20 09:00:00,193695.178,2553.686,-3.349
2020-01-20 10:00:00,202864.612,2415.755,-3.4
2020-01-20 11:00:00,214997.628,2290.635,-3.281
2020-01-20 12:00:00,224210.244,2129.085,44.849
2020-01-20 13:00:00,225778.58,1851.678,551.388
2020-01-20 14:00:00,223993.326,1483.198,1158.331
2020-01-20 15:00:00,219770.89,1116.273,1317.92
2020-01-20 16:00:00,215229.448,925.514,1346.073
2020-01-20 17:00:00,210768.074,951.433,1345.987
2020-01-20 18:00:00,207385.162,997.46,1325.438
2020-01-20 19:00:00,205249.398,1000.206,1278.372
2020-01-20 20:00:00,205780.472,1071.947,987.21
2020-01-20 21:00:00,211390.532,1137.602,314.275
2020-01-20 22:00:00,223528.338,1225.836,5.261
2020-01-20 23:00:00,229775.43,1371.274,-3.042
2020-01-21 00:00:00,228714.662,1643.989,-3.195
2020-01-21 01:00:00,225607.748,1828.709,-3.197
2020-01-21 02:00:00,219515.876,1981.167,-3.346
2020-01-21 03:00:00,209957.314,1837.854,-3.101
2020-01-21 04:00:00,201686.4,1402.257,-3.058
2020-01-21 05:00:00,196150.802,1152.674,-3.183
2020-01-21 06:00:00,193583.294,1193.875,-3.152
2020-01-21 07:00:00,193443.47,1316.973,-3.205
2020-01-21 08:00:00,195034.912,1230.11,-3.403
2020-01-21 09:00:00,200200.774,1133.253,-3.445
2020-01-21 10:00:00,211711.698,1119.761,-3.223
2020-01-21 11:00:00,228751.66999999998,1070.817,-3.351
2020-01-21 12:00:00,238247.526,1079.064,53.654
2020-01-21 13:00:00,234604.278,886.157,606.244
2020-01-21 14:00:00,226573.428,765.658,1231.163
2020-01-21 15:00:00,219753.91,708.011,1400.649
2020-01-21 16:00:00,213601.922,656.097,1411.466
2020-01-21 17:00:00,208378.69,745.281,1393.516
2020-01-21 18:00:00,204665.346,1024.178,1381.126
2020-01-21 19:00:00,201815.488,1218.359,1287.869
2020-01-21 20:00:00,201748.808,1301.529,988.383
2020-01-21 21:00:00,207157.428,1396.076,330.115
2020-01-21 22:00:00,219462.5,1859.737,4.138
2020-01-21 23:00:00,227437.868,2671.166,-3.135
2020-01-22 00:00:00,227099.06,3389.526,-3.083
2020-01-22 01:00:00,224888.232,3556.425,-3.226
2020-01-22 02:00:00,218961.202,4008.894,-3.224
2020-01-22 03:00:00,209284.99,4797.805,-3.186
2020-01-22 04:00:00,201095.64,5275.481,-3.162
2020-01-22 05:00:00,196043.718,5497.256,-3.212
2020-01-22 06:00:00,193915.55,5132.017,-3.123
2020-01-22 07:00:00,194182.516,4981.462,-3.051
2020-01-22 08:00:00,195639.75400000002,5027.778,-3.471
2020-01-22 09:00:00,201020.042,5027.587,-3.265
2020-01-22 10:00:00,212629.23,4755.08,-3.341
2020-01-22 11:00:00,229783.704,4484.131,-3.435
2020-01-22 12:00:00,239086.654,4648.739,59.656
2020-01-22 13:00:00,234154.49,4546.661,670.203
2020-01-22 14:00:00,223096.77,4107.712,1272.329
2020-01-22 15:00:00,213518.84,4213.693,1414.208
2020-01-22 16:00:00,205377.92,4240.385,1402.785
2020-01-22 17:00:00,199103.75,3690.456,1378.775
2020-01-22 18:00:00,194856.606,3116.064,1372.268
2020-01-22 19:00:00,191777.324,3072.216,1309.314
2020-01-22 20:00:00,191730.72,3214.141,1015.559
2020-01-22 21:00:00,196931.686,3126.507,329.494
2020-01-22 22:00:00,209005.89,3513.431,2.64
2020-01-22 23:00:00,216554.44,3952.869,-3.064
2020-01-23 00:00:00,216839.128,4265.013,-3.097
2020-01-23 01:00:00,214843.184,4447.121,-3.106
2020-01-23 02:00:00,209137.67200000002,4484.924,-3.194
2020-01-23 03:00:00,199510.03,4531.333,-3.299
2020-01-23 04:00:00,191138.364,4773.394,-3.07
2020-01-23 05:00:00,185595.558,4757.415,-3.113
2020-01-23 06:00:00,183321.524,4621.909,-3.11
2020-01-23 07:00:00,182605.66,3915.88,-3.21
2020-01-23 08:00:00,184464.696,3621.508,-3.333
2020-01-23 09:00:00,189140.742,3447.099,-3.376
2020-01-23 10:00:00,200028.526,3240.167,-3.29
2020-01-23 11:00:00,216571.80599999998,3106.917,-3.133
2020-01-23 12:00:00,225254.9,3090.053,53.007
2020-01-23 13:00:00,222152.126,3098.199,337.983
2020-01-23 14:00:00,215488.478,2670.305,591.752
2020-01-23 15:00:00,208879.34,2343.215,742.773
2020-01-23 16:00:00,202304.55,2065.267,813.588
2020-01-23 17:00:00,198020.546,1614.558,756.173
2020-01-23 18:00:00,195327.464,1532.488,628.567
2020-01-23 19:00:00,192881.38,1389.662,413.265
2020-01-23 20:00:00,192570.356,1161.781,232.725
2020-01-23 21:00:00,196443.974,1186.442,88.786
2020-01-23 22:00:00,204942.77,1612.921,0.101
2020-01-23 23:00:00,208591.842,2016.907,-2.827
2020-01-24 00:00:00,207304.686,2382.065,-2.965
2020-01-24 01:00:00,203330.77,3181.948,-3.208
2020-01-24 02:00:00,196642.24,3276.278,-3.117
2020-01-24 03:00:00,186579.63,3327.39,-3.015
2020-01-24 04:00:00,177198.45799999998,3788.289,-3.104
2020-01-24 05:00:00,170970.372,3826.046,-3.001
2020-01-24 06:00:00,167229.544,3689.116,-3.199
2020-01-24 07:00:00,165412.726,3473.139,-3.136
2020-01-24 08:00:00,165700.522,3313.775,-3.284
2020-01-24 09:00:00,169536.016,3324.375,-3.177
2020-01-24 10:00:00,179086.698,3294.97,-3.113
2020-01-24 11:00:00,194148.844,3160.393,-3.222
2020-01-24 12:00:00,202926.38,2906.957,29.148
2020-01-24 13:00:00,202195.396,2521.631,196.126
2020-01-24 14:00:00,198795.036,2228.463,400.997
2020-01-24 15:00:00,195030.864,2043.257,587.461
2020-01-24 16:00:00,190930.088,1792.333,806.0
2020-01-24 17:00:00,187728.104,1604.47,884.12
2020-01-24 18:00:00,185223.772,1509.068,807.108
2020-01-24 19:00:00,183478.902,1439.971,647.852
2020-01-24 20:00:00,182502.852,1621.053,467.355
2020-01-24 21:00:00,185016.452,1683.78,174.56
2020-01-24 22:00:00,190902.752,1893.863,0.569
2020-01-24 23:00:00,191817.902,2349.893,-3.334
2020-01-25 00:00:00,188293.098,2721.918,-3.168
2020-01-25 01:00:00,184679.964,2736.294,-3.278
2020-01-25 02:00:00,179011.872,2816.55,-3.26
2020-01-25 03:00:00,171244.6,2952.428,-3.083
2020-01-25 04:00:00,162363.278,2767.731,-3.244
2020-01-25 05:00:00,155900.934,2732.662,-3.158
2020-01-25 06:00:00,151279.92,2969.56,-3.217
2020-01-25 07:00:00,148761.576,3314.845,-3.126
2020-01-25 08:00:00,147832.052,3437.568,-3.168
2020-01-25 09:00:00,148576.63,3511.441,-3.155
2020-01-25 10:00:00,152437.88,3792.038,-3.191
2020-01-25 11:00:00,158626.05,4235.301,-3.168
2020-01-25 12:00:00,166222.754,4392.461,6.291
2020-01-25 13:00:00,172682.008,5074.658,170.641
2020-01-25 14:00:00,177775.188,5582.701,416.097
2020-01-25 15:00:00,180045.494,5985.619,629.571
2020-01-25 16:00:00,179717.824,6494.917,754.771
2020-01-25 17:00:00,177881.76,6673.206,841.391
2020-01-25 18:00:00,175067.554,6660.649,843.362
2020-01-25 19:00:00,173232.146,6575.992,824.803
2020-01-25 20:00:00,172307.142,6367.052,735.56
2020-01-25 21:00:00,174522.552,5872.525,266.179
2020-01-25 22:00:00,181316.83,5363.447,5.642
2020-01-25 23:00:00,184632.712,4977.912,-3.184
2020-01-26 00:00:00,182913.416,4869.048,-3.322
2020-01-26 01:00:00,180408.826,4983.24,-3.099
2020-01-26 02:00:00,176566.392,5142.387,-3.31
2020-01-26 03:00:00,170984.25,4999.015,-3.168
2020-01-26 04:00:00,164366.802,4724.978,-3.14
2020-01-26 05:00:00,159322.846,4641.665,-3.126
2020-01-26 06:00:00,155989.164,4363.118,-3.157
2020-01-26 07:00:00,154561.53,4146.039,-3.18
2020-01-26 08:00:00,154386.00400000002,3833.02,-3.267
2020-01-26 09:00:00,155459.424,3591.732,-3.259
2020-01-26 10:00:00,159001.494,3407.216,-3.178
2020-01-26 11:00:00,164089.872,3198.41,-3.28
2020-01-26 12:00:00,170180.092,3146.63,44.237
2020-01-26 13:00:00,174164.06,3044.433,549.448
2020-01-26 14:00:00,174558.304,2749.578,1044.771
2020-01-26 15:00:00,172860.774,2397.966,1235.593
2020-01-26 16:00:00,172216.364,2193.539,1136.263
2020-01-26 17:00:00,172072.622,2339.672,1030.387
2020-01-26 18:00:00,170799.898,2522.041,989.914
2020-01-26 19:00:00,170070.704,2498.204,909.845
2020-01-26 20:00:00,171548.112,2426.199,770.726
2020-01-26 21:00:00,176858.012,2104.167,335.388
2020-01-26 22:00:00,185850.498,1993.227,6.862
2020-01-26 23:00:00,191551.054,1847.637,-3.091
2020-01-27 00:00:00,191429.892,1790.542,-3.268
2020-01-27 01:00:00,188355.74599999998,1809.834,-3.196
2020-01-27 02:00:00,182902.57,1807.49,-3.225
2020-01-27 03:00:00,175259.37,2013.197,-3.209
2020-01-27 04:00:00,168710.258,2100.477,-3.035
2020-01-27 05:00:00,164015.074,2274.085,-3.298
2020-01-27 06:00:00,161505.348,2123.143,-3.141
2020-01-27 07:00:00,161108.818,2000.297,-3.148
2020-01-27 08:00:00,162022.636,1788.842,-3.358
2020-01-27 09:00:00,167325.838,1623.883,-3.336
2020-01-27 10:00:00,178298.866,1372.53,-2.998
2020-01-27 11:00:00,194340.536,1211.531,-3.322
2020-01-27 12:00:00,204628.562,980.676,62.531
2020-01-27 13:00:00,204190.39,912.047,488.187
2020-01-27 14:00:00,201333.59,867.145,911.567
2020-01-27 15:00:00,197898.446,919.459,982.768
2020-01-27 16:00:00,195061.316,890.61,1015.949
2020-01-27 17:00:00,193471.608,976.903,988.404
2020-01-27 18:00:00,192424.062,1067.704,856.801
2020-01-27 19:00:00,190662.99,1125.601,727.413
2020-01-27 20:00:00,190391.194,1158.397,495.101
2020-01-27 21:00:00,193515.728,1089.966,164.142
2020-01-27 22:00:00,201255.394,1052.155,1.478
2020-01-27 23:00:00,205714.028,1000.018,-3.075
2020-01-28 00:00:00,203600.808,931.831,-3.225
2020-01-28 01:00:00,199770.864,939.954,-3.257
2020-01-28 02:00:00,192595.94,959.853,-3.129
2020-01-28 03:00:00,182068.46,897.255,-3.101
2020-01-28 04:00:00,172939.71600000001,755.759,-3.173
2020-01-28 05:00:00,166782.918,808.158,-3.09
2020-01-28 06:00:00,163311.344,862.0,-3.242
2020-01-28 07:00:00,161561.838,806.182,-3.215
2020-01-28 08:00:00,161402.164,769.738,-3.358
2020-01-28 09:00:00,165344.174,752.934,-3.071
2020-01-28 10:00:00,175360.694,679.61,-3.369
2020-01-28 11:00:00,191029.596,680.523,-3.248
2020-01-28 12:00:00,201928.022,668.534,53.185
2020-01-28 13:00:00,201545.824,638.554,608.821
2020-01-28 14:00:00,199131.604,691.556,1096.063
2020-01-28 15:00:00,197687.474,712.606,1156.18
2020-01-28 16:00:00,197122.17,628.419,992.428
2020-01-28 17:00:00,196169.698,576.027,804.991
2020-01-28 18:00:00,195615.04,485.622,689.316
2020-01-28 19:00:00,194406.342,474.98,661.131
2020-01-28 20:00:00,194481.358,495.418,620.95
2020-01-28 21:00:00,198056.886,484.146,289.537
2020-01-28 22:00:00,205459.4,463.156,9.882
2020-01-28 23:00:00,209266.44,427.283,-3.235
2020-01-29 00:00:00,207468.966,387.402,-3.2
2020-01-29 01:00:00,203739.916,355.484,-3.116
2020-01-29 02:00:00,196874.63,351.193,-3.2
2020-01-29 03:00:00,186673.2,393.988,-3.207
2020-01-29 04:00:00,177170.898,403.923,-3.181
2020-01-29 05:00:00,170920.76,410.232,-3.184
2020-01-29 06:00:00,167481.216,436.101,-3.219
2020-01-29 07:00:00,166401.26,374.31,-3.248
2020-01-29 08:00:00,166907.856,367.742,-3.358
2020-01-29 09:00:00,170715.12,361.782,-3.328
2020-01-29 10:00:00,181246.242,288.614,-3.326
2020-01-29 11:00:00,197336.214,319.356,-3.274
2020-01-29 12:00:00,206985.092,339.114,49.314
2020-01-29 13:00:00,206703.774,366.422,371.398
2020-01-29 14:00:00,203540.03,328.004,736.409
2020-01-29 15:00:00,199894.92,260.236,1062.074
2020-01-29 16:00:00,194996.28399999999,174.526,1272.71
2020-01-29 17:00:00,191579.46,143.869,1209.456
2020-01-29 18:00:00,189575.872,132.829,1110.491
2020-01-29 19:00:00,187547.258,148.973,990.163
2020-01-29 20:00:00,188481.78,136.478,663.804
2020-01-29 21:00:00,193035.308,164.394,215.853
2020-01-29 22:00:00,202752.678,205.079,6.867
2020-01-29 23:00:00,209089.896,230.565,-3.149
2020-01-30 00:00:00,208472.482,227.937,-3.358
2020-01-30 01:00:00,206458.182,198.481,-3.209
2020-01-30 02:00:00,200342.462,141.421,-3.265
2020-01-30 03:00:00,191048.482,106.318,-3.294
2020-01-30 04:00:00,182457.246,144.121,-3.191
2020-01-30 05:00:00,177396.948,159.153,-3.305
2020-01-30 06:00:00,174315.826,204.363,-3.331
2020-01-30 07:00:00,173819.47,201.401,-3.254
2020-01-30 08:00:00,175464.186,197.81,-3.442
2020-01-30 09:00:00,179959.024,165.019,-3.333
2020-01-30 10:00:00,190880.146,192.333,-3.411
2020-01-30 11:00:00,207827.232,179.742,-3.255
2020-01-30 12:00:00,216907.538,207.533,49.973
2020-01-30 13:00:00,214071.08000000002,214.142,403.689
2020-01-30 14:00:00,208285.724,166.138,922.761
2020-01-30 15:00:00,203694.288,173.568,1252.887
2020-01-30 16:00:00,199143.19,120.198,1265.359
2020-01-30 17:00:00,195714.34,88.866,1228.901
2020-01-30 18:00:00,193440.894,52.007,1115.129
2020-01-30 19:00:00,191835.768,66.946,882.667
2020-01-30 20:00:00,192370.54200000002,107.039,650.637
2020-01-30 21:00:00,196446.14,166.217,358.164
2020-01-30 22:00:00,204552.106,217.707,15.198
2020-01-30 23:00:00,210211.764,247.046,-3.326
2020-01-31 00:00:00,209607.776,361.482,-3.181
2020-01-31 01:00:00,206371.334,478.072,-3.208
2020-01-31 02:00:00,200213.666,501.216,-3.327
2020-01-31 03:00:00,189942.718,548.504,-3.059
2020-01-31 04:00:00,180830.654,599.318,-3.391
2020-01-31 05:00:00,174753.932,566.819,-4.125
2020-01-31 06:00:00,171215.726,453.302,-3.082
2020-01-31 07:00:00,169735.256,399.066,-3.178
2020-01-31 08:00:00,170137.336,363.333,-3.262
2020-01-31 09:00:00,175454.112,258.541,-3.25
2020-01-31 10:00:00,184489.612,305.975,-3.092
2020-01-31 11:00:00,199061.972,332.316,-3.286
2020-01-31 12:00:00,208035.266,429.838,73.029
2020-01-31 13:00:00,205802.982,416.015,485.591
2020-01-31 14:00:00,203557.516,340.55,631.026
2020-01-31 15:00:00,200336.454,236.828,712.924
2020-01-31 16:00:00,196728.86,246.869,775.859
2020-01-31 17:00:00,193417.06,242.424,770.077
2020-01-31 18:00:00,191290.22,222.349,717.78
2020-01-31 19:00:00,189827.108,149.813,480.468
2020-01-31 20:00:00,190114.534,228.583,182.404
2020-01-31 21:00:00,191630.88,375.941,52.011
2020-01-31 22:00:00,196561.118,551.15,-2.021
2020-01-31 23:00:00,198976.9,816.117,-3.104
2020-02-01 00:00:00,196193.558,977.026,-3.132
2020-02-01 01:00:00,192664.828,907.465,-2.943
2020-02-01 02:00:00,188172.228,885.979,-3.1
2020-02-01 03:00:00,179673.642,725.124,-3.083
2020-02-01 04:00:00,171261.526,726.504,-3.058
2020-02-01 05:00:00,165289.08000000002,677.536,-3.069
2020-02-01 06:00:00,161536.24599999998,758.333,-4.261
2020-02-01 07:00:00,159804.228,772.84,-3.159
2020-02-01 08:00:00,159428.978,792.225,-3.08
2020-02-01 09:00:00,161160.698,986.779,-3.25
2020-02-01 10:00:00,165010.72,1311.81,-3.007
2020-02-01 11:00:00,171178.112,1429.37,-3.205
2020-02-01 12:00:00,177911.194,1617.122,16.133
2020-02-01 13:00:00,182837.608,1631.039,137.79
2020-02-01 14:00:00,184843.402,1636.305,285.832
2020-02-01 15:00:00,183967.842,2088.844,424.574
2020-02-01 16:00:00,181197.376,2504.72,490.202
2020-02-01 17:00:00,177814.616,2735.783,438.139
2020-02-01 18:00:00,174512.76799999998,3133.006,367.76
2020-02-01 19:00:00,172310.68,3718.231,234.184
2020-02-01 20:00:00,172638.45799999998,4031.716,121.98
2020-02-01 21:00:00,175319.542,4276.215,48.925
2020-02-01 22:00:00,181908.89,4533.524,-0.795
2020-02-01 23:00:00,185143.514,4615.248,-4.077
2020-02-02 00:00:00,183794.898,4628.9,-3.116
2020-02-02 01:00:00,181362.372,4988.347,-2.933
2020-02-02 02:00:00,177071.976,5336.282,-3.131
2020-02-02 03:00:00,170908.744,5481.188,-3.219
2020-02-02 04:00:00,163806.808,5881.98,-3.061
2020-02-02 05:00:00,158254.778,6225.701,-3.226
2020-02-02 06:00:00,154794.912,6427.184,-3.189
2020-02-02 07:00:00,152987.462,6956.339,-3.161
2020-02-02 08:00:00,153290.122,7387.36,-3.348
2020-02-02 09:00:00,154680.802,7348.899,-3.267
2020-02-02 10:00:00,157976.352,7489.497,-3.37
2020-02-02 11:00:00,163599.168,7497.391,-3.013
2020-02-02 12:00:00,169434.00400000002,7466.943,97.465
2020-02-02 13:00:00,171572.828,7301.667,767.09
2020-02-02 14:00:00,170947.624,7285.374,1286.988
2020-02-02 15:00:00,170087.136,7334.164,1272.945
2020-02-02 16:00:00,169208.972,7235.529,989.618
2020-02-02 17:00:00,167208.386,7062.589,886.462
2020-02-02 18:00:00,164217.382,6678.097,950.374
2020-02-02 19:00:00,161526.276,6474.291,1105.656
2020-02-02 20:00:00,161712.134,6424.246,1036.124
2020-02-02 21:00:00,164848.376,6165.634,479.235
2020-02-02 22:00:00,172864.628,5978.622,23.925
2020-02-02 23:00:00,177437.706,5788.819,-3.099
2020-02-03 00:00:00,173911.98,5844.661,-3.025
2020-02-03 01:00:00,171032.388,5752.586,-2.972
2020-02-03 02:00:00,167460.278,5332.3,-3.097
2020-02-03 03:00:00,162024.852,4503.265,-2.988
2020-02-03 04:00:00,155483.256,3682.899,-2.92
2020-02-03 05:00:00,149186.91,3252.988,-3.005
2020-02-03 06:00:00,146208.656,2723.398,-3.048
2020-02-03 07:00:00,145667.572,2393.546,-3.023
2020-02-03 08:00:00,147071.092,2197.12,-3.077
2020-02-03 09:00:00,151931.28,2354.508,-2.925
2020-02-03 10:00:00,162934.072,2842.265,-3.065
2020-02-03 11:00:00,180044.428,3308.497,-3.049
2020-02-03 12:00:00,190152.578,3953.488,68.95
2020-02-03 13:00:00,188432.148,4695.824,452.057
2020-02-03 14:00:00,182444.73,4461.967,831.971
2020-02-03 15:00:00,177165.796,3153.035,1204.59
2020-02-03 16:00:00,172454.154,2386.964,1354.364
2020-02-03 17:00:00,169051.72,2182.37,1253.829
2020-02-03 18:00:00,167255.518,2207.159,1120.04
2020-02-03 19:00:00,165656.33,2050.501,947.438
2020-02-03 20:00:00,165082.334,1737.608,714.464
2020-02-03 21:00:00,167705.364,1984.21,226.562
2020-02-03 22:00:00,175425.726,2600.052,13.018
2020-02-03 23:00:00,182554.084,3609.64,-3.171
2020-02-04 00:00:00,181885.662,4656.54,-3.093
2020-02-04 01:00:00,178261.952,5478.244,-3.269
2020-02-04 02:00:00,171264.396,5579.043,-3.176
2020-02-04 03:00:00,161548.292,5044.526,-3.191
2020-02-04 04:00:00,152292.176,4719.69,-3.079
2020-02-04 05:00:00,145512.396,4479.465,-3.141
2020-02-04 06:00:00,141891.876,4553.386,-3.299
2020-02-04 07:00:00,139564.444,4676.473,-3.124
2020-02-04 08:00:00,139409.6,5449.62,-3.17
2020-02-04 09:00:00,142499.512,5518.64,-3.2
2020-02-04 10:00:00,151749.754,5662.705,-3.108
2020-02-04 11:00:00,167434.864,6144.464,-3.035
2020-02-04 12:00:00,177445.164,6287.351,19.202
2020-02-04 13:00:00,178345.536,6157.724,164.176
2020-02-04 14:00:00,178650.036,6372.966,320.171
2020-02-04 15:00:00,178207.592,6645.834,457.644
2020-02-04 16:00:00,176966.382,6608.802,593.824
2020-02-04 17:00:00,175595.27,6519.354,633.56
2020-02-04 18:00:00,174152.652,6395.529,559.798
2020-02-04 19:00:00,172808.27,6311.194,461.977
2020-02-04 20:00:00,173002.546,6272.656,334.659
2020-02-04 21:00:00,175999.948,6351.958,145.288
2020-02-04 22:00:00,183202.614,6196.236,4.914
2020-02-04 23:00:00,187562.022,6298.584,-3.135
2020-02-05 00:00:00,185893.2,6149.477,-3.266
2020-02-05 01:00:00,181957.864,5981.838,-3.185
2020-02-05 02:00:00,174539.888,5501.058,-3.118
2020-02-05 03:00:00,165201.964,4687.299,-3.186
2020-02-05 04:00:00,156603.798,4315.834,-3.159
2020-02-05 05:00:00,149523.812,4068.284,-3.22
2020-02-05 06:00:00,145906.956,3803.489,-3.035
2020-02-05 07:00:00,144632.186,3756.347,-3.178
2020-02-05 08:00:00,145316.69,3626.504,-3.115
2020-02-05 09:00:00,149609.17,3231.09,-3.038
2020-02-05 10:00:00,159805.32,2776.929,-3.261
2020-02-05 11:00:00,176166.142,3048.424,-2.257
2020-02-05 12:00:00,187678.512,3186.126,23.146
2020-02-05 13:00:00,189812.088,2844.247,166.805
2020-02-05 14:00:00,190130.458,3141.51,363.948
2020-02-05 15:00:00,190596.464,3176.361,380.314
2020-02-05 16:00:00,190069.618,3112.485,340.368
2020-02-05 17:00:00,189186.20799999998,3076.616,331.342
2020-02-05 18:00:00,188976.212,3311.52,269.413
2020-02-05 19:00:00,188495.53,3892.971,160.667
2020-02-05 20:00:00,188990.938,4173.426,78.971
2020-02-05 21:00:00,192224.284,4933.913,26.689
2020-02-05 22:00:00,200077.342,5657.028,-1.526
2020-02-05 23:00:00,203707.948,5966.125,-3.116
2020-02-06 00:00:00,201902.532,5671.336,-3.221
2020-02-06 01:00:00,198165.754,4487.953,-3.176
2020-02-06 02:00:00,191129.32,3690.569,-3.163
2020-02-06 03:00:00,180978.372,3446.756,-3.066
2020-02-06 04:00:00,171370.334,2771.234,-3.188
2020-02-06 05:00:00,164419.57,2002.299,-3.09
2020-02-06 06:00:00,160539.544,1529.31,-3.094
2020-02-06 07:00:00,158480.098,1453.02,-3.024
2020-02-06 08:00:00,158353.924,1704.916,-3.026
2020-02-06 09:00:00,162032.708,2956.68,-4.061
2020-02-06 10:00:00,171754.062,2682.153,-3.095
2020-02-06 11:00:00,186473.208,2148.62,-3.01
2020-02-06 12:00:00,196364.804,1174.282,-0.602
2020-02-06 13:00:00,197260.966,1408.588,20.479
2020-02-06 14:00:00,197837.38,1874.285,61.292
2020-02-06 15:00:00,197953.91,1841.698,105.105
2020-02-06 16:00:00,197622.85,2193.457,176.156
2020-02-06 17:00:00,196809.732,2566.759,205.027
2020-02-06 18:00:00,195260.598,2413.267,305.439
2020-02-06 19:00:00,194136.82,2135.829,275.376
2020-02-06 20:00:00,193300.146,1619.252,102.69
2020-02-06 21:00:00,194806.872,1390.846,28.597
2020-02-06 22:00:00,200056.498,2070.004,-2.016
2020-02-06 23:00:00,202319.442,2162.611,-2.956
2020-02-07 00:00:00,200220.332,1995.857,-3.009
2020-02-07 01:00:00,195899.55,1604.752,-2.899
2020-02-07 02:00:00,188430.288,1387.192,-2.845
2020-02-07 03:00:00,178120.404,1454.217,-3.704
2020-02-07 04:00:00,168341.39,1772.451,-2.856
2020-02-07 05:00:00,161496.7,1986.111,-2.933
2020-02-07 06:00:00,157759.626,2069.249,-2.765
2020-02-07 07:00:00,156220.66,2256.612,-2.827
2020-02-07 08:00:00,156093.054,2563.344,-2.849
2020-02-07 09:00:00,159648.00400000002,2854.002,-2.944
2020-02-07 10:00:00,168689.132,2530.195,-2.72
2020-02-07 11:00:00,182844.0,2412.616,-2.875
2020-02-07 12:00:00,192838.826,2218.694,21.566
2020-02-07 13:00:00,194554.866,2057.728,260.837
2020-02-07 14:00:00,194604.214,1876.444,537.248
2020-02-07 15:00:00,194591.11,1826.119,670.262
2020-02-07 16:00:00,193161.432,1807.508,792.715
2020-02-07 17:00:00,191823.856,1756.408,839.907
2020-02-07 18:00:00,191285.318,1621.643,745.834
2020-02-07 19:00:00,190490.344,1734.357,571.175
2020-02-07 20:00:00,190619.378,2064.686,364.529
2020-02-07 21:00:00,193578.326,2197.523,246.649
2020-02-07 22:00:00,200181.886,2556.66,17.614
2020-02-07 23:00:00,205933.99,2648.356,-3.197
2020-02-08 00:00:00,204325.858,2618.839,-3.076
2020-02-08 01:00:00,201332.446,2473.655,-3.123
2020-02-08 02:00:00,196275.04,2304.926,-3.06
2020-02-08 03:00:00,188733.85,2314.515,-3.127
2020-02-08 04:00:00,179969.548,2277.4,-3.017
2020-02-08 05:00:00,174124.56,1967.451,-3.275
2020-02-08 06:00:00,170468.022,1784.889,-4.093
2020-02-08 07:00:00,168902.728,1652.628,-3.171
2020-02-08 08:00:00,168854.68,1633.56,-3.189
2020-02-08 09:00:00,170666.554,1647.721,-3.181
2020-02-08 10:00:00,174954.404,1457.069,-3.214
2020-02-08 11:00:00,181890.442,1218.837,-2.913
2020-02-08 12:00:00,188038.282,1195.895,153.746
2020-02-08 13:00:00,190009.526,1093.164,943.878
2020-02-08 14:00:00,187568.786,1065.33,1458.993
2020-02-08 15:00:00,185044.862,969.086,1536.778
2020-02-08 16:00:00,182069.458,737.694,1317.054
2020-02-08 17:00:00,178727.176,681.498,1253.107
2020-02-08 18:00:00,175919.048,711.782,1179.773
2020-02-08 19:00:00,174808.458,698.95,778.229
2020-02-08 20:00:00,175457.284,729.96,421.166
2020-02-08 21:00:00,178514.338,801.63,178.672
2020-02-08 22:00:00,185446.256,667.369,15.895
2020-02-08 23:00:00,192193.916,598.112,-2.589
2020-02-09 00:00:00,191687.772,794.377,-2.959
2020-02-09 01:00:00,189803.776,1180.636,-2.093
2020-02-09 02:00:00,186135.616,1374.752,-2.048
2020-02-09 03:00:00,180380.384,1670.61,-2.132
2020-02-09 04:00:00,174306.958,2218.025,-2.158
2020-02-09 05:00:00,169115.324,2282.699,-2.046
2020-02-09 06:00:00,166285.788,2137.038,-2.18
2020-02-09 07:00:00,165222.698,2145.881,-2.148
2020-02-09 08:00:00,165211.814,2474.283,-3.028
2020-02-09 09:00:00,167106.242,3086.47,-2.12
2020-02-09 10:00:00,171007.63,3049.039,-2.272
2020-02-09 11:00:00,176904.214,3326.335,-2.094
2020-02-09 12:00:00,181904.406,3950.973,157.407
2020-02-09 13:00:00,182692.168,4502.021,926.794
2020-02-09 14:00:00,178690.018,5067.057,1413.39
2020-02-09 15:00:00,173947.022,5524.818,1524.753
2020-02-09 16:00:00,170859.042,6029.837,1495.35
2020-02-09 17:00:00,168768.478,6208.296,1432.862
2020-02-09 18:00:00,167252.702,6351.667,1421.587
2020-02-09 19:00:00,166357.862,6159.154,1414.444
2020-02-09 20:00:00,167201.412,6250.46,1194.397
2020-02-09 21:00:00,171871.046,5834.788,598.361
2020-02-09 22:00:00,180978.492,5169.166,43.436
2020-02-09 23:00:00,189167.072,4368.205,-3.048
2020-02-10 00:00:00,189528.908,3777.52,-3.168
2020-02-10 01:00:00,186434.054,4015.516,-3.072
2020-02-10 02:00:00,180271.566,4353.931,-4.04
2020-02-10 03:00:00,172100.282,4426.257,-3.121
2020-02-10 04:00:00,164158.428,4430.28,-3.063
2020-02-10 05:00:00,158978.192,4425.942,-3.093
2020-02-10 06:00:00,155676.07,4564.845,-3.12
2020-02-10 07:00:00,154419.614,4582.002,-3.111
2020-02-10 08:00:00,154902.272,4447.192,-3.325
2020-02-10 09:00:00,159023.296,4095.353,-3.249
2020-02-10 10:00:00,169270.618,4005.429,-3.228
2020-02-10 11:00:00,185173.354,4183.796,-3.055
2020-02-10 12:00:00,194513.068,3788.292,141.762
2020-02-10 13:00:00,194727.094,3054.575,570.07
2020-02-10 14:00:00,193882.758,2325.366,945.347
2020-02-10 15:00:00,192824.984,1917.143,1026.989
2020-02-10 16:00:00,191456.03,1827.55,888.643
2020-02-10 17:00:00,190559.546,1620.034,720.481
2020-02-10 18:00:00,189720.056,1539.784,547.276
2020-02-10 19:00:00,188328.478,1361.639,363.255
2020-02-10 20:00:00,187993.422,1129.32,238.774
2020-02-10 21:00:00,190053.098,760.889,107.282
2020-02-10 22:00:00,195138.098,560.648,6.15
2020-02-10 23:00:00,198672.248,569.72,-3.196
2020-02-11 00:00:00,196537.574,562.862,-3.174
2020-02-11 01:00:00,191555.198,554.865,-3.237
2020-02-11 02:00:00,183874.59,416.34,-3.073
2020-02-11 03:00:00,173080.842,372.785,-3.113
2020-02-11 04:00:00,163410.512,439.381,-3.142
2020-02-11 05:00:00,156269.36599999998,655.006,-3.185
2020-02-11 06:00:00,152066.278,824.389,-3.075
2020-02-11 07:00:00,150090.78,898.419,-3.17
2020-02-11 08:00:00,150091.488,938.093,-3.369
2020-02-11 09:00:00,153533.4,1063.74,-3.041
2020-02-11 10:00:00,163132.746,1148.018,-3.177
2020-02-11 11:00:00,178671.922,1031.424,-3.235
2020-02-11 12:00:00,188519.822,1053.97,3.431
2020-02-11 13:00:00,189345.944,1083.456,51.401
2020-02-11 14:00:00,189147.09,985.456,119.228
2020-02-11 15:00:00,188860.404,1233.127,161.146
2020-02-11 16:00:00,187804.75400000002,1643.184,257.872
2020-02-11 17:00:00,185949.094,2104.938,268.111
2020-02-11 18:00:00,184259.338,2375.631,292.829
2020-02-11 19:00:00,181843.41999999998,3313.236,314.055
2020-02-11 20:00:00,180975.152,4425.795,224.103
2020-02-11 21:00:00,183144.072,5037.57,97.642
2020-02-11 22:00:00,188972.816,4661.088,9.379
2020-02-11 23:00:00,194616.092,3708.66,-3.026
2020-02-12 00:00:00,193996.984,3058.292,-3.077
2020-02-12 01:00:00,190767.4,2704.844,-3.097
2020-02-12 02:00:00,183859.52000000002,2429.646,-3.025
2020-02-12 03:00:00,174402.64,2298.043,-3.028
2020-02-12 04:00:00,165460.882,2305.76,-2.955
2020-02-12 05:00:00,159549.406,2136.435,-3.269
2020-02-12 06:00:00,156451.602,2102.653,-3.195
2020-02-12 07:00:00,155712.884,2174.428,-2.983
2020-02-12 08:00:00,156955.94,2218.898,-3.239
2020-02-12 09:00:00,161404.988,1943.973,-3.316
2020-02-12 10:00:00,172373.064,1498.739,-3.215
2020-02-12 11:00:00,189136.904,1495.627,-2.955
2020-02-12 12:00:00,198350.484,1643.713,57.681
2020-02-12 13:00:00,197355.932,2123.407,306.852
2020-02-12 14:00:00,193683.562,2151.248,583.126
2020-02-12 15:00:00,190388.418,1744.204,767.058
2020-02-12 16:00:00,188175.234,1577.265,886.949
2020-02-12 17:00:00,186922.982,1159.158,749.594
2020-02-12 18:00:00,185769.492,1073.611,614.133
2020-02-12 19:00:00,186567.726,767.914,341.672
2020-02-12 20:00:00,188146.54,586.439,190.328
2020-02-12 21:00:00,192408.128,729.423,63.624
2020-02-12 22:00:00,199581.462,961.043,0.809
2020-02-12 23:00:00,204087.568,1229.411,-3.166
2020-02-13 00:00:00,202586.028,1388.165,-3.241
2020-02-13 01:00:00,198556.882,1167.282,-3.114
2020-02-13 02:00:00,191714.098,1244.074,-3.087
2020-02-13 03:00:00,180683.762,1528.924,-3.171
2020-02-13 04:00:00,170957.956,1506.227,-3.137
2020-02-13 05:00:00,164022.58000000002,1397.947,-2.892
2020-02-13 06:00:00,159919.956,1509.898,-3.077
2020-02-13 07:00:00,157852.44199999998,1793.766,-3.1
2020-02-13 08:00:00,157910.246,2157.818,-3.035
2020-02-13 09:00:00,160872.206,2595.065,-2.891
2020-02-13 10:00:00,170473.288,3605.454,-3.022
2020-02-13 11:00:00,185493.834,4263.551,-3.085
2020-02-13 12:00:00,194861.158,4746.625,28.046
2020-02-13 13:00:00,195461.568,5351.025,155.581
2020-02-13 14:00:00,195384.42,5299.783,177.385
2020-02-13 15:00:00,195747.644,5838.681,205.645
2020-02-13 16:00:00,194956.588,6178.887,232.91
2020-02-13 17:00:00,193765.086,6429.143,256.714
2020-02-13 18:00:00,193289.95799999998,6518.49,227.558
2020-02-13 19:00:00,191621.658,6890.09,155.351
2020-02-13 20:00:00,190634.338,6939.233,64.169
2020-02-13 21:00:00,192573.814,6906.688,36.133
2020-02-13 22:00:00,198055.25400000002,6646.095,1.588
2020-02-13 23:00:00,203403.12,6233.988,-3.16
2020-02-14 00:00:00,203742.918,5922.058,-3.011
2020-02-14 01:00:00,201410.968,5526.312,-2.797
2020-02-14 02:00:00,196433.502,5430.343,-3.146
2020-02-14 03:00:00,187668.012,5201.463,-2.957
2020-02-14 04:00:00,179320.214,4682.382,-2.901
2020-02-14 05:00:00,173624.538,4496.734,-2.441
2020-02-14 06:00:00,171086.014,4061.916,-2.454
2020-02-14 07:00:00,170650.224,3736.1,-2.483
2020-02-14 08:00:00,171817.33,3399.968,-2.564
2020-02-14 09:00:00,176512.95,2970.461,-2.505
2020-02-14 10:00:00,187086.638,2770.081,-2.565
2020-02-14 11:00:00,203496.218,2423.301,-2.586
2020-02-14 12:00:00,213774.234,1982.839,46.543
2020-02-14 13:00:00,214666.578,1468.102,268.452
2020-02-14 14:00:00,211340.288,1133.158,601.103
2020-02-14 15:00:00,207535.648,1008.342,976.634
2020-02-14 16:00:00,203719.698,1021.52,1154.179
2020-02-14 17:00:00,200199.668,1039.17,1226.013
2020-02-14 18:00:00,197311.77,1049.702,1261.066
2020-02-14 19:00:00,195097.938,1115.427,1286.103
2020-02-14 20:00:00,194584.238,1231.772,1057.245
2020-02-14 21:00:00,198852.204,1237.851,569.459
2020-02-14 22:00:00,207536.69400000002,1247.355,59.661
2020-02-14 23:00:00,217526.76,1386.894,-2.402
2020-02-15 00:00:00,219034.164,2138.112,-2.504
2020-02-15 01:00:00,217900.962,2864.006,-2.527
2020-02-15 02:00:00,214340.998,3594.339,-2.599
2020-02-15 03:00:00,208425.62,4170.283,-2.616
2020-02-15 04:00:00,201797.452,4676.714,-2.458
2020-02-15 05:00:00,197198.84,5004.479,-3.317
2020-02-15 06:00:00,194966.412,5489.497,-3.278
2020-02-15 07:00:00,194892.836,5675.904,-3.276
2020-02-15 08:00:00,194962.066,5728.789,-3.376
2020-02-15 09:00:00,197847.642,5853.438,-3.509
2020-02-15 10:00:00,202917.902,6050.424,-3.472
2020-02-15 11:00:00,210015.644,6187.256,-2.726
2020-02-15 12:00:00,214872.52,6473.699,238.266
2020-02-15 13:00:00,213212.156,6559.863,1153.259
2020-02-15 14:00:00,207421.168,6219.636,1602.312
2020-02-15 15:00:00,201113.802,5966.745,1693.707
2020-02-15 16:00:00,195063.052,6142.538,1684.103
2020-02-15 17:00:00,189345.824,6150.181,1628.186
2020-02-15 18:00:00,184324.79,6208.629,1546.676
2020-02-15 19:00:00,180724.636,6090.836,1449.848
2020-02-15 20:00:00,180270.226,5981.408,1263.276
2020-02-15 21:00:00,183579.228,5948.113,575.573
2020-02-15 22:00:00,191185.894,5724.157,59.37
2020-02-15 23:00:00,199546.442,5344.406,-3.277
2020-02-16 00:00:00,200041.398,5199.209,-3.282
2020-02-16 01:00:00,198099.238,4920.673,-3.037
2020-02-16 02:00:00,193821.986,4813.88,-3.339
2020-02-16 03:00:00,187366.096,4596.093,-3.308
2020-02-16 04:00:00,179926.54,4317.418,-3.27
2020-02-16 05:00:00,173813.44,3888.227,-3.236
2020-02-16 06:00:00,169638.714,4042.925,-3.315
2020-02-16 07:00:00,167626.66,3795.918,-3.205
2020-02-16 08:00:00,166534.25,3259.668,-3.479
2020-02-16 09:00:00,167105.602,2635.083,-3.393
2020-02-16 10:00:00,169569.8,1837.205,-3.354
2020-02-16 11:00:00,173983.582,1266.234,-3.102
2020-02-16 12:00:00,178566.548,1112.219,109.604
2020-02-16 13:00:00,181527.714,963.023,456.136
2020-02-16 14:00:00,181307.352,908.35,720.682
2020-02-16 15:00:00,177556.912,845.673,1153.05
2020-02-16 16:00:00,173701.58,856.453,1265.199
2020-02-16 17:00:00,169960.976,861.637,1048.774
2020-02-16 18:00:00,166287.222,851.923,824.546
2020-02-16 19:00:00,163585.9,771.631,668.124
2020-02-16 20:00:00,162425.426,678.724,489.433
2020-02-16 21:00:00,165074.528,627.904,181.935
2020-02-16 22:00:00,172457.146,404.389,16.34
2020-02-16 23:00:00,181322.778,406.73,-3.14
2020-02-17 00:00:00,183016.234,621.66,-3.284
2020-02-17 01:00:00,181182.45799999998,910.872,-3.249
2020-02-17 02:00:00,177291.492,1376.506,-3.217
2020-02-17 03:00:00,171241.87,1747.783,-3.014
2020-02-17 04:00:00,165210.232,1815.472,-3.25
2020-02-17 05:00:00,161022.098,2089.974,-3.121
2020-02-17 06:00:00,159057.288,2587.496,-3.033
2020-02-17 07:00:00,158899.32,2980.422,-4.084
2020-02-17 08:00:00,160443.092,3245.649,-3.051
2020-02-17 09:00:00,165087.772,3340.719,-3.082
2020-02-17 10:00:00,174708.14,3365.228,-3.224
2020-02-17 11:00:00,188519.954,3791.53,-2.264
2020-02-17 12:00:00,196629.008,4281.996,178.887
2020-02-17 13:00:00,195033.344,4331.862,901.79
2020-02-17 14:00:00,190375.768,3783.751,1451.435
2020-02-17 15:00:00,186022.13,3606.663,1586.679
2020-02-17 16:00:00,181176.576,3518.438,1605.255
2020-02-17 17:00:00,177820.734,3658.942,1523.721
2020-02-17 18:00:00,175174.832,3669.271,1501.791
2020-02-17 19:00:00,173015.15,3949.83,1406.696
2020-02-17 20:00:00,172571.06,4404.198,1228.412
2020-02-17 21:00:00,175847.388,4911.756,650.457
2020-02-17 22:00:00,183341.682,5103.052,80.479
2020-02-17 23:00:00,192670.212,5316.463,-3.006
2020-02-18 00:00:00,193077.988,5179.831,-3.163
2020-02-18 01:00:00,190469.094,4786.773,-3.076
2020-02-18 02:00:00,184081.826,4272.553,-4.043
2020-02-18 03:00:00,174572.15,4136.238,-3.229
2020-02-18 04:00:00,165866.064,4413.428,-3.009
2020-02-18 05:00:00,159157.018,5070.476,-2.997
2020-02-18 06:00:00,155837.204,6100.709,-2.995
2020-02-18 07:00:00,154773.822,7173.482,-3.064
2020-02-18 08:00:00,155258.318,7631.48,-2.955
2020-02-18 09:00:00,159012.028,7962.161,-3.152
2020-02-18 10:00:00,169203.298,7690.725,-3.964
2020-02-18 11:00:00,184892.996,7357.693,-2.616
2020-02-18 12:00:00,192980.884,7273.943,99.11
2020-02-18 13:00:00,192138.838,6980.294,370.411
2020-02-18 14:00:00,189505.47,6251.933,569.956
2020-02-18 15:00:00,186571.262,5970.538,758.342
2020-02-18 16:00:00,182831.426,6027.138,975.402
2020-02-18 17:00:00,179924.792,5878.299,945.771
2020-02-18 18:00:00,178380.018,5961.094,928.724
2020-02-18 19:00:00,176874.592,5595.201,836.624
2020-02-18 20:00:00,176466.418,5294.722,482.666
2020-02-18 21:00:00,179354.154,4711.792,174.11
2020-02-18 22:00:00,185240.63,4057.093,24.783
2020-02-18 23:00:00,191016.188,3900.237,-2.017
2020-02-19 00:00:00,190660.73,4090.203,-3.039
2020-02-19 01:00:00,187021.242,4390.23,-2.992
2020-02-19 02:00:00,180148.826,4386.391,-3.115
2020-02-19 03:00:00,170918.944,4467.538,-3.099
2020-02-19 04:00:00,161769.724,4558.371,-3.039
2020-02-19 05:00:00,155421.818,4382.648,-2.481
2020-02-19 06:00:00,152604.682,4378.532,-1.299
2020-02-19 07:00:00,151782.816,4324.004,-1.25
2020-02-19 08:00:00,153007.518,3905.212,-1.235
2020-02-19 09:00:00,157682.186,3426.527,-1.265
2020-02-19 10:00:00,168757.722,3057.731,-1.325
2020-02-19 11:00:00,185984.352,2800.386,-1.222
2020-02-19 12:00:00,195321.094,2506.024,41.777
2020-02-19 13:00:00,194544.21,2266.863,235.301
2020-02-19 14:00:00,191415.768,2338.011,469.278
2020-02-19 15:00:00,188311.58,2015.54,637.286
2020-02-19 16:00:00,184795.806,1773.317,734.251
2020-02-19 17:00:00,180650.618,1880.308,853.391
2020-02-19 18:00:00,177800.544,2002.89,845.572
2020-02-19 19:00:00,175514.0,1946.664,736.574
2020-02-19 20:00:00,175148.96,1692.793,558.889
2020-02-19 21:00:00,178574.762,1575.451,317.131
2020-02-19 22:00:00,186633.112,1468.348,46.655
2020-02-19 23:00:00,197634.812,1278.509,-2.014
2020-02-20 00:00:00,200698.464,1196.636,-1.249
2020-02-20 01:00:00,199425.708,1205.282,-1.059
2020-02-20 02:00:00,195031.98,1156.641,-1.218
2020-02-20 03:00:00,186537.142,1447.214,-1.348
2020-02-20 04:00:00,178244.614,1850.104,-1.336
2020-02-20 05:00:00,173030.9,2261.619,-3.134
2020-02-20 06:00:00,170757.356,2458.201,-3.105
2020-02-20 07:00:00,170388.294,2479.891,-4.064
2020-02-20 08:00:00,171569.428,2645.626,-3.144
2020-02-20 09:00:00,176469.466,2715.688,-3.038
2020-02-20 10:00:00,186945.532,2570.783,-3.299
2020-02-20 11:00:00,203687.948,2294.368,-2.761
2020-02-20 12:00:00,211563.708,2218.559,67.316
2020-02-20 13:00:00,210242.156,2302.523,237.617
2020-02-20 14:00:00,207990.888,2237.72,334.25
2020-02-20 15:00:00,206059.342,2039.545,372.757
2020-02-20 16:00:00,203287.808,1973.674,438.146
2020-02-20 17:00:00,201331.742,1987.765,415.194
2020-02-20 18:00:00,199568.084,2140.994,362.052
2020-02-20 19:00:00,197380.01,2384.43,295.708
2020-02-20 20:00:00,197760.936,2445.533,182.903
2020-02-20 21:00:00,200942.244,2181.588,85.094
2020-02-20 22:00:00,207492.096,1998.512,9.468
2020-02-20 23:00:00,216209.592,1863.488,-4.091
2020-02-21 00:00:00,217918.536,1636.213,-3.158
2020-02-21 01:00:00,215793.908,1621.432,-3.224
2020-02-21 02:00:00,209340.894,1648.752,-3.193
2020-02-21 03:00:00,200234.148,1528.309,-3.112
2020-02-21 04:00:00,192093.024,1510.86,-3.15
2020-02-21 05:00:00,187156.496,1400.862,-3.22
2020-02-21 06:00:00,185179.724,1533.569,-3.064
2020-02-21 07:00:00,185814.26,1605.032,-3.223
2020-02-21 08:00:00,187882.398,1747.762,-3.265
2020-02-21 09:00:00,193851.846,1863.001,-3.352
2020-02-21 10:00:00,205216.74,1971.588,-3.281
2020-02-21 11:00:00,222171.084,2147.364,-2.295
2020-02-21 12:00:00,229979.888,2240.108,86.545
2020-02-21 13:00:00,225635.706,2286.86,415.471
2020-02-21 14:00:00,217718.776,1878.423,776.554
2020-02-21 15:00:00,210994.072,1933.061,1137.62
2020-02-21 16:00:00,204354.292,2049.354,1326.118
2020-02-21 17:00:00,198214.342,2631.012,1426.132
2020-02-21 18:00:00,193539.2,3269.011,1457.197
2020-02-21 19:00:00,189281.616,4091.516,1459.384
2020-02-21 20:00:00,186258.438,4824.25,1338.903
2020-02-21 21:00:00,188630.024,5426.032,822.454
2020-02-21 22:00:00,195515.624,5843.24,108.82
2020-02-21 23:00:00,205513.078,5793.783,-3.122
2020-02-22 00:00:00,208062.456,6315.1,-3.045
2020-02-22 01:00:00,206662.482,7029.303,-3.273
2020-02-22 02:00:00,202790.402,7623.334,-3.266
2020-02-22 03:00:00,196103.724,7894.428,-3.249
2020-02-22 04:00:00,189033.308,7591.262,-3.108
2020-02-22 05:00:00,184037.104,7356.544,-3.027
2020-02-22 06:00:00,181730.784,7455.798,-3.112
2020-02-22 07:00:00,180895.098,7322.17,-3.189
2020-02-22 08:00:00,181357.896,7295.391,-3.257
2020-02-22 09:00:00,183449.132,7229.779,-3.143
2020-02-22 10:00:00,188250.62,7146.984,-3.171
2020-02-22 11:00:00,195291.834,7195.685,-0.179
2020-02-22 12:00:00,199424.382,6971.751,286.473
2020-02-22 13:00:00,195958.3,6307.139,1109.399
2020-02-22 14:00:00,189300.476,4883.991,1516.472
2020-02-22 15:00:00,182741.5,4366.764,1642.502
2020-02-22 16:00:00,175495.144,4482.449,1655.649
2020-02-22 17:00:00,168778.624,4670.687,1643.971
2020-02-22 18:00:00,162835.166,4747.042,1619.079
2020-02-22 19:00:00,158060.982,5091.385,1559.047
2020-02-22 20:00:00,156385.868,5711.52,1310.598
2020-02-22 21:00:00,158659.486,5625.924,794.327
2020-02-22 22:00:00,165417.962,5370.333,114.124
2020-02-22 23:00:00,176031.196,6052.419,-2.551
2020-02-23 00:00:00,180064.346,6871.613,-2.826
2020-02-23 01:00:00,180226.764,7261.942,-2.822
2020-02-23 02:00:00,178235.504,7534.381,-2.621
2020-02-23 03:00:00,173992.668,7691.8,-2.74
2020-02-23 04:00:00,168842.342,7704.96,-2.901
2020-02-23 05:00:00,165315.268,7542.719,-2.877
2020-02-23 06:00:00,163767.202,7434.355,-2.864
2020-02-23 07:00:00,163334.506,7176.838,-2.985
2020-02-23 08:00:00,164310.948,6957.537,-3.125
2020-02-23 09:00:00,166610.668,6820.0,-2.948
2020-02-23 10:00:00,171221.538,6636.596,-3.116
2020-02-23 11:00:00,177292.908,6411.24,0.919
2020-02-23 12:00:00,180938.674,6201.707,340.69
2020-02-23 13:00:00,178132.166,5724.304,1172.697
2020-02-23 14:00:00,171806.52,4498.014,1520.545
2020-02-23 15:00:00,165257.84,3424.42,1617.769
2020-02-23 16:00:00,159870.172,3010.749,1632.991
2020-02-23 17:00:00,156004.694,2857.815,1624.585
2020-02-23 18:00:00,152337.312,2699.654,1610.478
2020-02-23 19:00:00,149688.132,2683.805,1537.425
2020-02-23 20:00:00,150100.744,2992.467,1370.827
2020-02-23 21:00:00,153616.812,2986.021,778.095
2020-02-23 22:00:00,161094.20799999998,2674.171,105.34
2020-02-23 23:00:00,171536.768,2703.067,-2.662
2020-02-24 00:00:00,175314.534,3498.241,-3.107
2020-02-24 01:00:00,174446.262,3917.58,-3.114
2020-02-24 02:00:00,169645.79200000002,4361.094,-2.986
2020-02-24 03:00:00,162782.412,4479.278,-3.085
2020-02-24 04:00:00,156403.604,4520.924,-3.219
2020-02-24 05:00:00,152654.234,4382.385,-3.145
2020-02-24 06:00:00,151212.894,4277.899,-3.092
2020-02-24 07:00:00,151750.076,4360.859,-3.029
2020-02-24 08:00:00,153965.218,4005.782,-4.228
2020-02-24 09:00:00,159718.234,3612.928,-3.136
2020-02-24 10:00:00,171435.616,3202.497,-3.206
2020-02-24 11:00:00,188913.078,2843.986,1.011
2020-02-24 12:00:00,196594.036,2274.798,208.224
2020-02-24 13:00:00,192983.29,1889.834,555.086
2020-02-24 14:00:00,187624.388,1535.015,674.303
2020-02-24 15:00:00,183792.52,1297.421,774.109
2020-02-24 16:00:00,180006.052,1230.233,821.071
2020-02-24 17:00:00,177767.012,1078.649,775.36
2020-02-24 18:00:00,176095.526,1241.522,633.385
2020-02-24 19:00:00,175032.614,1423.974,412.806
2020-02-24 20:00:00,174654.078,1659.243,274.856
2020-02-24 21:00:00,177517.864,1831.992,133.323
2020-02-24 22:00:00,183377.944,2267.231,20.376
2020-02-24 23:00:00,190323.348,2879.86,-2.893
2020-02-25 00:00:00,189984.394,3730.67,-2.937
2020-02-25 01:00:00,185749.476,4191.57,-3.182
2020-02-25 02:00:00,178095.94,4204.932,-4.026
2020-02-25 03:00:00,168206.006,4397.384,-3.003
2020-02-25 04:00:00,158928.46600000001,4259.378,-2.967
2020-02-25 05:00:00,152431.752,4479.287,-3.184
2020-02-25 06:00:00,148635.7,4252.895,-3.161
2020-02-25 07:00:00,146732.628,4435.208,-3.156
2020-02-25 08:00:00,147151.394,4776.813,-3.05
2020-02-25 09:00:00,150559.184,5234.91,-3.28
2020-02-25 10:00:00,160325.772,5272.67,-3.116
2020-02-25 11:00:00,176078.958,5694.573,-3.095
2020-02-25 12:00:00,184711.3,5791.693,15.865
2020-02-25 13:00:00,185414.502,5802.411,66.392
2020-02-25 14:00:00,184461.056,5858.083,209.816
2020-02-25 15:00:00,184218.78399999999,5785.64,312.581
2020-02-25 16:00:00,182600.388,5794.825,400.41
2020-02-25 17:00:00,181221.07,5843.16,396.442
2020-02-25 18:00:00,180055.816,5660.747,371.626
2020-02-25 19:00:00,179157.092,5664.467,296.897
2020-02-25 20:00:00,178373.414,5486.635,210.387
2020-02-25 21:00:00,180614.276,5290.632,192.102
2020-02-25 22:00:00,185119.092,5261.904,39.555
2020-02-25 23:00:00,190367.728,5329.411,-3.186
2020-02-26 00:00:00,189770.586,5280.965,-3.347
2020-02-26 01:00:00,185891.36,5049.791,-3.233
2020-02-26 02:00:00,178480.014,5066.964,-3.047
2020-02-26 03:00:00,168702.592,5300.515,-3.387
2020-02-26 04:00:00,158986.964,5360.417,-3.179
2020-02-26 05:00:00,152673.472,5599.969,-2.998
2020-02-26 06:00:00,148889.278,5580.377,-3.108
2020-02-26 07:00:00,146862.976,5215.111,-3.197
2020-02-26 08:00:00,147201.836,4785.904,-3.162
2020-02-26 09:00:00,150487.326,4459.798,-2.971
2020-02-26 10:00:00,160288.982,4245.466,-3.054
2020-02-26 11:00:00,175837.84,4037.972,-2.087
2020-02-26 12:00:00,184458.572,4583.316,58.356
2020-02-26 13:00:00,185776.132,4832.255,181.861
2020-02-26 14:00:00,184929.246,4970.886,301.939
2020-02-26 15:00:00,184513.888,4973.581,418.321
2020-02-26 16:00:00,183026.67,4824.072,610.423
2020-02-26 17:00:00,182635.544,4955.28,571.615
2020-02-26 18:00:00,182369.116,5382.371,411.786
2020-02-26 19:00:00,181780.692,5858.22,268.882
2020-02-26 20:00:00,182122.32,6163.44,155.992
2020-02-26 21:00:00,185305.898,6356.5,70.432
2020-02-26 22:00:00,190416.954,6662.899,9.446
2020-02-26 23:00:00,195484.91,6493.16,-3.115
2020-02-27 00:00:00,195130.634,6250.297,-3.246
2020-02-27 01:00:00,192117.058,5985.352,-3.066
2020-02-27 02:00:00,186080.464,5862.828,-2.974
2020-02-27 03:00:00,177013.848,5654.528,-3.086
2020-02-27 04:00:00,168294.37,5607.641,-3.102
2020-02-27 05:00:00,162756.938,5375.297,-2.958
2020-02-27 06:00:00,159931.248,5001.914,-3.136
2020-02-27 07:00:00,159733.296,4614.612,-3.025
2020-02-27 08:00:00,161332.214,4701.508,-2.929
2020-02-27 09:00:00,166449.512,4717.467,-2.8
2020-02-27 10:00:00,177823.414,4469.998,-3.106
2020-02-27 11:00:00,195225.312,4578.616,0.751
2020-02-27 12:00:00,203909.034,4711.154,367.705
2020-02-27 13:00:00,203668.91999999998,4446.409,1108.893
2020-02-27 14:00:00,200832.826,4151.449,1461.412
2020-02-27 15:00:00,198281.74,4098.224,1598.001
2020-02-27 16:00:00,195875.548,4461.769,1615.288
2020-02-27 17:00:00,193110.668,4886.467,1617.329
2020-02-27 18:00:00,190568.82,5114.493,1672.432
2020-02-27 19:00:00,188687.336,5651.155,1634.459
2020-02-27 20:00:00,189138.044,5652.309,1483.393
2020-02-27 21:00:00,193728.666,5343.796,992.344
2020-02-27 22:00:00,201732.932,5026.659,172.874
2020-02-27 23:00:00,211816.766,4489.668,-3.079
2020-02-28 00:00:00,214140.618,4219.47,-3.048
2020-02-28 01:00:00,212033.086,3957.993,-3.244
2020-02-28 02:00:00,205616.524,3929.457,-3.185
2020-02-28 03:00:00,196036.686,4280.282,-3.174
2020-02-28 04:00:00,187215.58000000002,4172.611,-3.015
2020-02-28 05:00:00,181037.37,4077.33,-3.272
2020-02-28 06:00:00,177634.776,3898.618,-3.274
2020-02-28 07:00:00,176702.244,3742.949,-3.101
2020-02-28 08:00:00,177286.196,3629.307,-3.487
2020-02-28 09:00:00,181160.698,3226.36,-3.516
2020-02-28 10:00:00,191349.228,2746.92,-3.311
2020-02-28 11:00:00,206586.804,2396.405,6.982
2020-02-28 12:00:00,212190.134,2119.226,423.749
2020-02-28 13:00:00,209236.266,1969.276,1193.347
2020-02-28 14:00:00,204205.428,1922.781,1474.104
2020-02-28 15:00:00,199053.062,1987.934,1545.752
2020-02-28 16:00:00,195295.066,2276.1,1566.195
2020-02-28 17:00:00,192446.098,2563.147,1518.061
2020-02-28 18:00:00,189650.156,2900.247,1363.807
2020-02-28 19:00:00,187519.93,3219.174,1136.58
2020-02-28 20:00:00,186916.126,3618.216,922.485
2020-02-28 21:00:00,189894.084,4073.857,551.604
2020-02-28 22:00:00,195415.85,4370.942,121.946
2020-02-28 23:00:00,201713.71,4463.259,4.455
2020-02-29 00:00:00,202715.808,4368.562,4.211
2020-02-29 01:00:00,200112.544,4495.5,0.659
2020-02-29 02:00:00,195572.554,4584.969,-3.253
2020-02-29 03:00:00,188165.496,4777.903,-3.33
2020-02-29 04:00:00,181059.74599999998,4753.248,-3.36
2020-02-29 05:00:00,176114.508,4453.402,-3.43
2020-02-29 06:00:00,173083.222,4381.902,-3.262
2020-02-29 07:00:00,172240.984,4407.247,-3.226
2020-02-29 08:00:00,173021.88,4356.914,-3.501
2020-02-29 09:00:00,175242.582,4230.982,-3.377
2020-02-29 10:00:00,180131.414,3906.656,-3.241
2020-02-29 11:00:00,187246.788,3535.279,8.387
2020-02-29 12:00:00,192638.24,3170.871,347.683
2020-02-29 13:00:00,194163.078,2673.044,942.62
2020-02-29 14:00:00,192316.83,2323.47,1368.078
2020-02-29 15:00:00,190232.374,2149.317,1284.344
2020-02-29 16:00:00,188088.16,2540.483,1247.651
2020-02-29 17:00:00,185163.34,3003.007,1254.326
2020-02-29 18:00:00,180823.106,3237.639,1378.305
2020-02-29 19:00:00,177264.934,3410.183,1353.928
2020-02-29 20:00:00,175958.99599999998,3469.305,1362.57
2020-02-29 21:00:00,178132.14,3444.544,957.683
2020-02-29 22:00:00,184463.688,3336.243,186.371
2020-02-29 23:00:00,194246.09,3325.073,-3.002
2020-03-01 00:00:00,197638.824,3835.707,-3.156
2020-03-01 01:00:00,196693.786,4789.652,-3.309
2020-03-01 02:00:00,193191.096,5424.778,-3.311
2020-03-01 03:00:00,188113.3,6090.418,-3.42
2020-03-01 04:00:00,181932.788,6384.405,-3.24
2020-03-01 05:00:00,177227.976,6942.568,-3.324
2020-03-01 06:00:00,174851.008,7102.445,-3.482
2020-03-01 07:00:00,173745.844,7182.193,-3.377
2020-03-01 08:00:00,174219.048,7343.703,-3.526
2020-03-01 09:00:00,176026.63,7190.215,-3.495
2020-03-01 10:00:00,180076.066,7319.475,-3.411
2020-03-01 11:00:00,185633.954,7353.466,11.244
2020-03-01 12:00:00,187825.93,7495.332,513.562
2020-03-01 13:00:00,184296.464,7104.013,1384.622
2020-03-01 14:00:00,178815.03,6751.17,1679.834
2020-03-01 15:00:00,172576.774,6472.255,1782.895
2020-03-01 16:00:00,167351.468,6234.864,1818.786
2020-03-01 17:00:00,162528.782,5868.189,1813.161
2020-03-01 18:00:00,158264.152,5465.755,1791.464
2020-03-01 19:00:00,154960.184,5376.335,1719.77
2020-03-01 20:00:00,154255.026,5634.036,1549.768
2020-03-01 21:00:00,157654.684,5575.605,1041.505
2020-03-01 22:00:00,165175.278,5174.763,194.034
2020-03-01 23:00:00,175986.902,5223.341,3.979
2020-03-02 00:00:00,181051.378,5552.796,2.715
2020-03-02 01:00:00,180301.116,6060.301,-3.315
2020-03-02 02:00:00,175462.612,6280.006,-3.39
2020-03-02 03:00:00,167975.776,6675.254,-3.254
2020-03-02 04:00:00,160813.026,6654.194,-3.253
2020-03-02 05:00:00,156163.23,6468.9,-3.321
2020-03-02 06:00:00,154281.682,6413.003,-3.114
2020-03-02 07:00:00,153418.55,6015.921,-3.271
2020-03-02 08:00:00,154878.376,5412.523,-3.317
2020-03-02 09:00:00,159666.822,5049.776,-3.242
2020-03-02 10:00:00,170404.822,4787.848,-3.333
2020-03-02 11:00:00,186638.884,4435.17,13.399
2020-03-02 12:00:00,192909.764,4546.47,445.319
2020-03-02 13:00:00,188229.962,4294.136,1242.398
2020-03-02 14:00:00,182409.88,3328.513,1564.62
2020-03-02 15:00:00,178017.002,2689.626,1666.227
2020-03-02 16:00:00,174420.362,2246.939,1677.679
2020-03-02 17:00:00,172115.474,2179.902,1645.462
2020-03-02 18:00:00,170750.552,2122.569,1510.765
2020-03-02 19:00:00,170120.77,2107.344,1142.772
2020-03-02 20:00:00,170558.172,2211.193,698.754
2020-03-02 21:00:00,173522.442,1870.784,298.425
2020-03-02 22:00:00,177865.232,1540.372,49.436
2020-03-02 23:00:00,184105.396,1158.733,-2.921
2020-03-03 00:00:00,183888.554,1346.21,-3.075
2020-03-03 01:00:00,179844.39,1642.738,-3.095
2020-03-03 02:00:00,172012.842,1741.924,-3.133
2020-03-03 03:00:00,162014.478,1622.32,-2.931
2020-03-03 04:00:00,152507.84,1523.173,-3.029
2020-03-03 05:00:00,146334.968,1205.085,-3.253
2020-03-03 06:00:00,142464.73,996.414,-3.011
2020-03-03 07:00:00,141134.564,852.213,-3.023
2020-03-03 08:00:00,141369.65,709.805,-3.168
2020-03-03 09:00:00,144935.234,801.002,-3.118
2020-03-03 10:00:00,155355.016,762.23,-3.0
2020-03-03 11:00:00,170396.72,1177.031,6.711
2020-03-03 12:00:00,178157.24599999998,1890.555,214.48
2020-03-03 13:00:00,177462.128,2792.569,617.091
2020-03-03 14:00:00,176404.642,3507.133,802.749
2020-03-03 15:00:00,176233.478,4428.121,897.037
2020-03-03 16:00:00,175022.03,5441.242,883.475
2020-03-03 17:00:00,174085.44,6875.202,686.933
2020-03-03 18:00:00,174119.202,7404.514,448.223
2020-03-03 19:00:00,172023.23,7494.653,271.448
2020-03-03 20:00:00,170281.994,7327.26,199.112
2020-03-03 21:00:00,170770.63,7455.967,139.469
2020-03-03 22:00:00,174124.168,7744.998,40.465
2020-03-03 23:00:00,180225.044,7175.956,-1.949
2020-03-04 00:00:00,182722.522,6209.776,-3.264
2020-03-04 01:00:00,179906.95,5854.276,-2.998
2020-03-04 02:00:00,173515.374,5200.483,-3.112
2020-03-04 03:00:00,164202.466,4693.822,-3.179
2020-03-04 04:00:00,155803.672,4566.609,-3.178
2020-03-04 05:00:00,150107.788,4669.325,-3.103
2020-03-04 06:00:00,147400.328,4939.834,-3.222
2020-03-04 07:00:00,146558.468,5172.769,-3.216
2020-03-04 08:00:00,147250.734,5902.235,-3.334
2020-03-04 09:00:00,151665.966,6396.11,-3.039
2020-03-04 10:00:00,162478.232,5804.667,-3.257
2020-03-04 11:00:00,179194.93,5162.792,14.843
2020-03-04 12:00:00,185491.392,4433.146,410.701
2020-03-04 13:00:00,181839.542,3800.122,1089.744
2020-03-04 14:00:00,176559.544,4292.498,1445.678
2020-03-04 15:00:00,173228.2,4511.33,1418.144
2020-03-04 16:00:00,170182.89,4315.488,1324.798
2020-03-04 17:00:00,167790.492,4243.077,1284.286
2020-03-04 18:00:00,166777.41,3685.003,1250.904
2020-03-04 19:00:00,165485.278,2892.679,1061.993
2020-03-04 20:00:00,165172.902,2769.013,845.304
2020-03-04 21:00:00,167289.378,2996.978,505.523
2020-03-04 22:00:00,171898.806,3259.815,107.286
2020-03-04 23:00:00,179445.676,2783.243,-1.769
2020-03-05 00:00:00,182624.318,2483.63,-3.094
2020-03-05 01:00:00,180123.658,2189.023,-3.042
2020-03-05 02:00:00,174164.58,1735.874,-3.33
2020-03-05 03:00:00,165323.53,1678.386,-3.15
2020-03-05 04:00:00,156837.356,1783.751,-3.143
2020-03-05 05:00:00,151264.256,1821.47,-3.085
2020-03-05 06:00:00,149147.716,1921.608,-3.078
2020-03-05 07:00:00,149098.77,2421.142,-3.194
2020-03-05 08:00:00,150286.038,3206.028,-3.101
2020-03-05 09:00:00,155369.766,3660.828,-3.102
2020-03-05 10:00:00,166473.972,4463.035,-3.132
2020-03-05 11:00:00,183728.366,5251.905,10.231
2020-03-05 12:00:00,190263.892,5646.584,220.783
2020-03-05 13:00:00,186747.01,5478.681,543.324
2020-03-05 14:00:00,181767.29,4984.448,727.898
2020-03-05 15:00:00,177634.646,5383.016,967.691
2020-03-05 16:00:00,173051.52,5797.435,1106.804
2020-03-05 17:00:00,170268.764,5814.703,1170.002
2020-03-05 18:00:00,169119.28399999999,5775.423,1092.424
2020-03-05 19:00:00,167303.118,5821.071,785.991
2020-03-05 20:00:00,166524.786,6111.027,563.532
2020-03-05 21:00:00,168157.694,6117.276,318.547
2020-03-05 22:00:00,173702.042,6069.132,58.564
2020-03-05 23:00:00,181841.516,6350.552,-3.139
2020-03-06 00:00:00,185926.488,6654.588,-3.106
2020-03-06 01:00:00,184504.99,6411.755,-3.181
2020-03-06 02:00:00,179476.454,6781.971,-3.223
2020-03-06 03:00:00,170259.972,6342.566,-3.156
2020-03-06 04:00:00,162249.074,6709.223,-3.059
2020-03-06 05:00:00,156723.522,7082.705,-3.223
2020-03-06 06:00:00,154275.836,7203.309,-3.106
2020-03-06 07:00:00,153487.196,7114.945,-3.085
2020-03-06 08:00:00,154475.766,7217.619,-3.206
2020-03-06 09:00:00,158127.982,7183.614,-3.178
2020-03-06 10:00:00,168455.05,7271.83,-3.102
2020-03-06 11:00:00,183958.454,6933.53,4.708
2020-03-06 12:00:00,191080.87,7120.591,77.043
2020-03-06 13:00:00,191787.94,7306.263,188.791
2020-03-06 14:00:00,191751.642,7228.733,348.212
2020-03-06 15:00:00,191506.398,7100.255,644.447
2020-03-06 16:00:00,191203.324,6827.532,796.538
2020-03-06 17:00:00,189587.728,6465.814,768.728
2020-03-06 18:00:00,187508.02,6145.887,770.488
2020-03-06 19:00:00,185404.064,6023.747,566.824
2020-03-06 20:00:00,184500.656,5741.53,521.422
2020-03-06 21:00:00,186928.088,5248.619,326.586
2020-03-06 22:00:00,190311.97,4571.146,87.925
2020-03-06 23:00:00,194347.504,3849.812,-2.745
2020-03-07 00:00:00,194628.18,3485.77,-3.224
2020-03-07 01:00:00,191679.816,3181.26,-3.297
2020-03-07 02:00:00,186743.744,2884.169,-3.359
2020-03-07 03:00:00,178400.39,2862.448,-3.17
2020-03-07 04:00:00,169978.528,3128.444,-3.196
2020-03-07 05:00:00,166836.08,3078.036,-3.339
2020-03-07 06:00:00,162874.592,2994.683,-3.316
2020-03-07 07:00:00,160791.12,3029.258,-3.297
2020-03-07 08:00:00,159673.968,2870.826,-3.517
2020-03-07 09:00:00,161515.84,2884.566,-3.58
2020-03-07 10:00:00,167022.364,2948.675,-3.392
2020-03-07 11:00:00,174012.724,3185.468,5.942
2020-03-07 12:00:00,180034.96,3520.733,202.447
2020-03-07 13:00:00,182741.41999999998,3464.547,877.385
2020-03-07 14:00:00,181138.778,3355.389,1376.4
2020-03-07 15:00:00,177102.43,3576.224,1606.395
2020-03-07 16:00:00,172264.288,3493.964,1683.656
2020-03-07 17:00:00,166891.776,3569.694,1724.693
2020-03-07 18:00:00,160580.4,3753.732,1762.997
2020-03-07 19:00:00,156292.03399999999,4007.863,1727.331
2020-03-07 20:00:00,154855.946,4394.779,1577.677
2020-03-07 21:00:00,157151.802,4766.687,1149.701
2020-03-07 22:00:00,162706.754,4851.941,258.418
2020-03-07 23:00:00,172495.28,4804.982,-1.969
2020-03-08 00:00:00,179026.604,5425.176,-3.316
2020-03-08 01:00:00,179738.624,5925.148,-3.512
2020-03-08 02:00:00,178025.56,6539.989,-3.363
2020-03-08 03:00:00,173033.33,6902.805,-3.336
2020-03-08 04:00:00,167873.738,7173.513,-3.335
2020-03-08 05:00:00,160265.06,7244.4,-3.427
2020-03-08 06:00:00,147563.998,7369.771,-3.391
2020-03-08 07:00:00,157871.396,7402.546,-3.551
2020-03-08 08:00:00,158973.332,7441.226,-3.343
2020-03-08 09:00:00,161889.956,7226.176,-3.563
2020-03-08 10:00:00,167062.622,7204.364,-0.904
2020-03-08 11:00:00,173020.316,7070.191,67.663
2020-03-08 12:00:00,174259.938,6915.719,695.424
2020-03-08 13:00:00,169167.816,6703.611,1446.731
2020-03-08 14:00:00,162806.238,6401.884,1684.532
2020-03-08 15:00:00,157624.068,6392.697,1776.719
2020-03-08 16:00:00,153257.8,6276.62,1810.678
2020-03-08 17:00:00,148831.258,6138.187,1800.126
2020-03-08 18:00:00,145015.476,6138.362,1787.49
2020-03-08 19:00:00,142788.94,6235.415,1716.322
2020-03-08 20:00:00,143395.098,6439.148,1551.225
2020-03-08 21:00:00,146412.386,6533.836,1080.556
2020-03-08 22:00:00,151611.56,6545.337,241.601
2020-03-08 23:00:00,160464.694,6696.397,4.805
2020-03-09 00:00:00,165863.38,7063.518,3.315
2020-03-09 01:00:00,163071.966,7529.535,1.498
2020-03-09 02:00:00,156565.138,7816.46,-0.777
2020-03-09 03:00:00,149002.196,8142.567,-2.678
2020-03-09 04:00:00,144029.48,8244.103,-3.096
2020-03-09 05:00:00,141100.49,8253.342,-3.356
2020-03-09 06:00:00,140699.486,8312.635,-3.147
2020-03-09 07:00:00,142047.412,8320.95,-3.264
2020-03-09 08:00:00,146616.282,8133.569,-3.098
2020-03-09 09:00:00,156947.128,8130.271,-3.117
2020-03-09 10:00:00,174238.69,8144.711,-0.216
2020-03-09 11:00:00,185832.586,7603.128,43.715
2020-03-09 12:00:00,184616.808,7562.842,672.948
2020-03-09 13:00:00,177994.622,7052.257,1448.347
2020-03-09 14:00:00,172657.806,6480.455,1671.725
2020-03-09 15:00:00,168148.374,6500.244,1743.346
2020-03-09 16:00:00,165331.41,6649.158,1710.295
2020-03-09 17:00:00,163161.08,6708.249,1722.142
2020-03-09 18:00:00,160915.886,7016.146,1721.16
2020-03-09 19:00:00,159359.12,7289.194,1633.121
2020-03-09 20:00:00,159729.74599999998,7154.854,1307.069
2020-03-09 21:00:00,162281.11,6949.346,686.389
2020-03-09 22:00:00,165233.598,6877.091,116.984
2020-03-09 23:00:00,171748.622,6786.854,-2.809
2020-03-10 00:00:00,172126.908,6748.209,-3.06
2020-03-10 01:00:00,165775.082,6850.873,-3.173
2020-03-10 02:00:00,156174.772,6995.241,-3.147
2020-03-10 03:00:00,145444.682,6627.458,-2.89
2020-03-10 04:00:00,137978.746,6222.887,-3.059
2020-03-10 05:00:00,133814.42,6028.622,-3.093
2020-03-10 06:00:00,131709.894,6062.535,-2.995
2020-03-10 07:00:00,131265.602,6066.629,-3.005
2020-03-10 08:00:00,135587.684,6575.132,-2.925
2020-03-10 09:00:00,144652.54,6559.576,-3.119
2020-03-10 10:00:00,160644.114,6545.006,-2.668
2020-03-10 11:00:00,170843.21,6407.487,9.254
2020-03-10 12:00:00,172564.632,5933.58,147.457
2020-03-10 13:00:00,172416.296,5497.734,496.897
2020-03-10 14:00:00,172289.168,4493.539,678.696
2020-03-10 15:00:00,172103.04,3570.973,767.929
2020-03-10 16:00:00,171051.484,2933.007,890.853
2020-03-10 17:00:00,169768.22,2642.098,883.452
2020-03-10 18:00:00,167869.132,2357.54,725.943
2020-03-10 19:00:00,166358.502,2194.04,480.042
2020-03-10 20:00:00,166277.92,2060.242,401.258
2020-03-10 21:00:00,169171.546,1921.441,278.519
2020-03-10 22:00:00,170604.346,1807.98,93.363
2020-03-10 23:00:00,174389.638,1820.399,-1.01
2020-03-11 00:00:00,175035.918,1566.517,-3.045
2020-03-11 01:00:00,168901.064,1521.224,-3.067
2020-03-11 02:00:00,160295.352,1269.23,-3.107
2020-03-11 03:00:00,148731.634,981.076,-2.744
2020-03-11 04:00:00,142406.774,999.689,-3.064
2020-03-11 05:00:00,138378.368,1127.853,-2.984
2020-03-11 06:00:00,136321.864,1059.751,-2.82
2020-03-11 07:00:00,136589.196,1177.319,-3.047
2020-03-11 08:00:00,140058.97,1388.609,-3.051
2020-03-11 09:00:00,149606.152,900.887,-2.918
2020-03-11 10:00:00,165670.378,660.748,-2.114
2020-03-11 11:00:00,176553.384,441.893,41.728
2020-03-11 12:00:00,176891.244,480.282,543.032
2020-03-11 13:00:00,174632.176,255.611,1023.102
2020-03-11 14:00:00,173351.258,209.108,1069.755
2020-03-11 15:00:00,171483.646,346.713,1208.953
2020-03-11 16:00:00,170819.718,520.021,1178.664
2020-03-11 17:00:00,170024.31,562.366,1149.022
2020-03-11 18:00:00,167429.826,410.9,1207.939
2020-03-11 19:00:00,165831.078,289.33,899.036
2020-03-11 20:00:00,167236.762,271.179,651.398
2020-03-11 21:00:00,169016.348,245.298,461.328
2020-03-11 22:00:00,171032.968,207.888,128.592
2020-03-11 23:00:00,175775.064,153.205,-2.467
2020-03-12 00:00:00,177203.11,180.39,-2.887
2020-03-12 01:00:00,171811.04,317.526,-2.974
2020-03-12 02:00:00,162863.598,321.123,-3.027
2020-03-12 03:00:00,153719.244,536.8,-3.156
2020-03-12 04:00:00,146805.714,782.362,-2.861
2020-03-12 05:00:00,143274.24599999998,1009.304,-3.081
2020-03-12 06:00:00,142216.252,1167.69,-3.077
2020-03-12 07:00:00,142089.36,1347.501,-3.032
2020-03-12 08:00:00,145435.04,1473.263,-3.044
2020-03-12 09:00:00,154956.026,1830.912,-2.917
2020-03-12 10:00:00,170653.838,2023.395,-2.94
2020-03-12 11:00:00,181332.864,2008.957,12.674
2020-03-12 12:00:00,181596.412,2251.549,223.854
2020-03-12 13:00:00,179513.678,2665.311,465.605
2020-03-12 14:00:00,176827.178,2676.612,668.818
2020-03-12 15:00:00,173197.998,2289.656,873.532
2020-03-12 16:00:00,169602.876,2467.14,1045.685
2020-03-12 17:00:00,167574.258,2670.35,1200.159
2020-03-12 18:00:00,165581.516,2798.421,1256.806
2020-03-12 19:00:00,163958.046,2599.842,1047.853
2020-03-12 20:00:00,163635.918,3785.934,757.907
2020-03-12 21:00:00,165694.14,3804.131,466.295
2020-03-12 22:00:00,168500.37,3119.148,137.862
2020-03-12 23:00:00,172828.266,2704.145,-1.437
2020-03-13 00:00:00,173317.36,3385.771,-3.181
2020-03-13 01:00:00,167733.796,4716.418,-2.983
2020-03-13 02:00:00,158321.802,6111.269,-3.15
2020-03-13 03:00:00,148501.438,6786.691,-3.086
2020-03-13 04:00:00,140917.238,7278.945,-3.458
2020-03-13 05:00:00,136783.392,7511.774,-3.26
2020-03-13 06:00:00,134488.032,7445.924,-3.142
2020-03-13 07:00:00,133871.784,7144.613,-3.243
2020-03-13 08:00:00,136018.582,7308.164,-3.189
2020-03-13 09:00:00,143915.784,7367.638,-3.236
2020-03-13 10:00:00,157633.486,7453.289,-3.022
2020-03-13 11:00:00,168606.6,7182.447,1.904
2020-03-13 12:00:00,171382.084,6851.403,81.423
2020-03-13 13:00:00,171845.156,6780.794,296.526
2020-03-13 14:00:00,171254.902,7437.888,616.898
2020-03-13 15:00:00,168696.77,7410.333,858.704
2020-03-13 16:00:00,165816.96,7108.354,1180.803
2020-03-13 17:00:00,163800.512,6989.2,1292.847
2020-03-13 18:00:00,161204.65,6805.599,1181.524
2020-03-13 19:00:00,159105.63,6539.92,1045.057
2020-03-13 20:00:00,158046.352,6585.798,711.814
2020-03-13 21:00:00,159176.49599999998,6379.476,355.075
2020-03-13 22:00:00,160011.422,5944.995,92.675
2020-03-13 23:00:00,163938.694,4721.847,-2.287
2020-03-14 00:00:00,166380.034,4274.377,-3.181
2020-03-14 01:00:00,162316.222,4201.918,-3.274
2020-03-14 02:00:00,154872.92,4110.954,-3.229
2020-03-14 03:00:00,147253.176,3814.876,-3.236
2020-03-14 04:00:00,140702.46,3668.405,-3.264
2020-03-14 05:00:00,136486.124,3352.769,-3.281
2020-03-14 06:00:00,134435.792,3212.271,-3.07
2020-03-14 07:00:00,134170.888,2965.378,-3.34
2020-03-14 08:00:00,135724.724,2828.278,-3.237
2020-03-14 09:00:00,139842.702,2961.967,-3.24
2020-03-14 10:00:00,146592.806,2528.385,-2.041
2020-03-14 11:00:00,153068.93,1879.712,63.981
2020-03-14 12:00:00,157376.006,1678.729,642.738
2020-03-14 13:00:00,159608.658,1460.084,1326.116
2020-03-14 14:00:00,159855.072,1131.812,1522.838
2020-03-14 15:00:00,158844.346,837.085,1674.082
2020-03-14 16:00:00,157044.684,795.546,1641.531
2020-03-14 17:00:00,155545.162,696.413,1620.166
2020-03-14 18:00:00,154025.424,787.114,1604.559
2020-03-14 19:00:00,154099.724,1112.977,1448.858
2020-03-14 20:00:00,156355.748,1546.525,948.614
2020-03-14 21:00:00,161449.226,2274.793,301.6
2020-03-14 22:00:00,164329.744,2703.012,41.743
2020-03-14 23:00:00,168830.738,3063.996,-3.246
2020-03-15 00:00:00,169062.542,3513.014,-3.071
2020-03-15 01:00:00,164897.058,3076.569,-3.227
2020-03-15 02:00:00,158572.528,2737.898,-3.327
2020-03-15 03:00:00,151782.418,2699.945,-3.238
2020-03-15 04:00:00,146028.344,2822.28,-3.282
2020-03-15 05:00:00,142361.464,2536.425,-3.123
2020-03-15 06:00:00,140404.964,2218.011,-3.199
2020-03-15 07:00:00,139732.592,1719.199,-3.253
2020-03-15 08:00:00,140167.44,1589.375,-3.188
2020-03-15 09:00:00,142833.724,1746.484,-3.145
2020-03-15 10:00:00,147313.602,2081.625,-2.656
2020-03-15 11:00:00,152383.514,2432.12,10.446
2020-03-15 12:00:00,157987.862,2334.157,110.161
2020-03-15 13:00:00,162955.414,2108.948,269.187
2020-03-15 14:00:00,164258.6,1745.163,531.798
2020-03-15 15:00:00,162761.436,1587.838,796.785
2020-03-15 16:00:00,160457.734,1489.084,984.964
2020-03-15 17:00:00,157400.716,1205.391,965.166
2020-03-15 18:00:00,154567.234,947.481,924.587
2020-03-15 19:00:00,153375.54,896.45,794.532
2020-03-15 20:00:00,154169.724,936.719,557.61
2020-03-15 21:00:00,157597.366,932.467,339.302
2020-03-15 22:00:00,160984.764,981.898,79.198
2020-03-15 23:00:00,167104.002,979.103,-1.913
2020-03-16 00:00:00,170919.812,1129.157,-3.209
2020-03-16 01:00:00,167674.784,1279.286,-3.065
2020-03-16 02:00:00,161595.612,1583.136,-3.222
2020-03-16 03:00:00,155508.096,1797.336,-3.275
2020-03-16 04:00:00,150943.226,1876.142,-3.405
2020-03-16 05:00:00,148611.258,1930.129,-3.215
2020-03-16 06:00:00,148051.778,1976.342,-3.345
2020-03-16 07:00:00,149698.298,1808.084,-3.262
2020-03-16 08:00:00,154387.642,1535.916,-3.354
2020-03-16 09:00:00,164791.75,1367.943,-3.249
2020-03-16 10:00:00,177905.886,1440.868,-2.269
2020-03-16 11:00:00,187636.584,1510.219,47.501
2020-03-16 12:00:00,189595.178,1399.306,407.238
2020-03-16 13:00:00,186876.43,1160.341,942.007
2020-03-16 14:00:00,183874.34,997.853,1351.427
2020-03-16 15:00:00,180992.964,946.084,1448.73
2020-03-16 16:00:00,177799.926,916.346,1415.272
2020-03-16 17:00:00,175500.76,890.981,1378.017
2020-03-16 18:00:00,172763.08,1066.171,1147.501
2020-03-16 19:00:00,171423.046,1240.21,938.391
2020-03-16 20:00:00,172649.522,1156.558,818.658
2020-03-16 21:00:00,175710.78,1249.012,506.304
2020-03-16 22:00:00,178863.392,1311.888,141.876
2020-03-16 23:00:00,182476.142,1420.188,-2.256
2020-03-17 00:00:00,181572.262,1468.445,-3.241
2020-03-17 01:00:00,175384.428,1462.659,-2.943
2020-03-17 02:00:00,166844.878,1510.608,-3.015
2020-03-17 03:00:00,158598.088,1463.421,-3.135
2020-03-17 04:00:00,151915.17,1513.131,-3.09
2020-03-17 05:00:00,147663.762,1664.042,-3.131
2020-03-17 06:00:00,145955.698,2162.406,-2.979
2020-03-17 07:00:00,145380.03399999999,2550.727,-3.243
2020-03-17 08:00:00,147970.78,2706.255,-3.077
2020-03-17 09:00:00,155932.326,3021.74,-3.18
2020-03-17 10:00:00,167518.45,3271.736,-3.074
2020-03-17 11:00:00,177051.832,3266.328,20.207
2020-03-17 12:00:00,181020.55,3166.016,145.762
2020-03-17 13:00:00,182786.682,3081.611,335.609
2020-03-17 14:00:00,182476.49,3498.119,597.104
2020-03-17 15:00:00,179519.128,2780.269,920.235
2020-03-17 16:00:00,176422.77000000002,2108.644,1193.033
2020-03-17 17:00:00,173807.03399999999,1684.141,1225.9
2020-03-17 18:00:00,170599.474,1424.901,1172.395
2020-03-17 19:00:00,167413.55,1287.42,1050.872
2020-03-17 20:00:00,166334.256,1171.319,777.634
2020-03-17 21:00:00,168117.634,1135.37,578.457
2020-03-17 22:00:00,169362.782,957.788,209.05
2020-03-17 23:00:00,172757.198,780.365,1.398
2020-03-18 00:00:00,174034.91,876.419,-3.287
2020-03-18 01:00:00,169112.974,963.452,-3.252
2020-03-18 02:00:00,160843.588,1055.095,-3.106
2020-03-18 03:00:00,153177.1,1447.082,-3.261
2020-03-18 04:00:00,147501.482,2117.401,-3.127
2020-03-18 05:00:00,144130.222,2534.98,-3.137
2020-03-18 06:00:00,142751.77,2523.64,-3.077
2020-03-18 07:00:00,143763.628,2268.003,-3.186
2020-03-18 08:00:00,146996.43,2264.821,-3.112
2020-03-18 09:00:00,155365.432,2342.012,-2.992
2020-03-18 10:00:00,167178.872,2182.994,-2.135
2020-03-18 11:00:00,176695.076,2307.071,71.683
2020-03-18 12:00:00,178526.974,2735.993,582.964
2020-03-18 13:00:00,175826.69,2699.595,1064.615
2020-03-18 14:00:00,173699.18,2900.937,1189.214
2020-03-18 15:00:00,171705.23200000002,2629.656,1260.513
2020-03-18 16:00:00,170607.196,2557.901,1376.067
2020-03-18 17:00:00,169483.594,2476.635,1375.042
2020-03-18 18:00:00,167758.996,2273.422,1274.448
2020-03-18 19:00:00,166219.494,1900.045,1195.081
2020-03-18 20:00:00,167553.318,2499.674,817.187
2020-03-18 21:00:00,170251.074,2898.568,407.443
2020-03-18 22:00:00,172477.79200000002,2691.885,97.869
2020-03-18 23:00:00,175267.808,2746.821,-0.404
2020-03-19 00:00:00,174297.414,2304.515,-1.605
2020-03-19 01:00:00,168341.344,2135.955,-1.512
2020-03-19 02:00:00,159636.522,2056.095,-1.547
2020-03-19 03:00:00,151104.308,2003.116,-1.664
2020-03-19 04:00:00,144393.892,1894.332,-2.833
2020-03-19 05:00:00,140085.362,1809.984,-3.124
2020-03-19 06:00:00,138239.794,1740.548,-3.199
2020-03-19 07:00:00,138082.858,1817.238,-3.244
2020-03-19 08:00:00,140099.972,2352.741,-2.85
2020-03-19 09:00:00,146170.996,2624.437,-3.215
2020-03-19 10:00:00,156829.724,2944.874,-3.27
2020-03-19 11:00:00,165768.992,3618.932,10.918
2020-03-19 12:00:00,170308.412,3996.646,129.659
2020-03-19 13:00:00,171908.742,4062.852,360.58
2020-03-19 14:00:00,172560.982,4075.512,681.369
2020-03-19 15:00:00,171530.512,4442.298,975.23
2020-03-19 16:00:00,170724.892,5069.571,1134.276
2020-03-19 17:00:00,170227.914,4813.961,1198.871
2020-03-19 18:00:00,168053.772,4818.549,1227.431
2020-03-19 19:00:00,166065.746,4795.342,1189.024
2020-03-19 20:00:00,166118.266,4965.958,1062.991
2020-03-19 21:00:00,167754.78,5332.546,617.202
2020-03-19 22:00:00,169035.106,5683.294,115.735
2020-03-19 23:00:00,171346.26,6436.629,-2.144
2020-03-20 00:00:00,169779.676,6770.113,-3.196
2020-03-20 01:00:00,163168.858,7162.341,-3.104
2020-03-20 02:00:00,154459.286,7252.368,-3.375
2020-03-20 03:00:00,145580.858,7276.325,-3.07
2020-03-20 04:00:00,138113.646,7249.922,-1.649
2020-03-20 05:00:00,133030.402,7039.37,-1.773
2020-03-20 06:00:00,130186.112,7237.803,-1.5
2020-03-20 07:00:00,129271.384,7419.795,-1.78
2020-03-20 08:00:00,130827.984,7199.256,-1.602
2020-03-20 09:00:00,136190.744,7069.151,-3.177
2020-03-20 10:00:00,146130.526,7600.498,-2.914
2020-03-20 11:00:00,154847.676,7682.318,48.6
2020-03-20 12:00:00,159249.094,7826.368,477.657
2020-03-20 13:00:00,162560.862,7951.341,812.084
2020-03-20 14:00:00,164364.718,7668.29,1074.538
2020-03-20 15:00:00,165753.132,7737.683,1131.385
2020-03-20 16:00:00,166569.398,7505.896,1193.724
2020-03-20 17:00:00,166312.106,7394.731,1165.098
2020-03-20 18:00:00,163672.76,7148.874,1199.531
2020-03-20 19:00:00,160569.414,7145.529,1317.601
2020-03-20 20:00:00,161189.796,7064.428,1158.925
2020-03-20 21:00:00,163598.348,6834.225,734.405
2020-03-20 22:00:00,165163.126,6428.427,174.523
2020-03-20 23:00:00,167412.22,6025.912,0.226
2020-03-21 00:00:00,166603.12,5524.681,-3.033
2020-03-21 01:00:00,161115.078,5160.497,-3.255
2020-03-21 02:00:00,152375.462,4928.272,-3.218
2020-03-21 03:00:00,144442.436,4364.458,-3.175
2020-03-21 04:00:00,137516.55,3819.063,-3.219
2020-03-21 05:00:00,133025.982,3702.894,-3.296
2020-03-21 06:00:00,130306.046,3527.173,-3.118
2020-03-21 07:00:00,129314.74,3223.715,-3.143
2020-03-21 08:00:00,129768.418,3242.586,-3.346
2020-03-21 09:00:00,132680.68,3066.032,-3.127
2020-03-21 10:00:00,137322.304,3014.344,-2.718
2020-03-21 11:00:00,142710.106,2332.396,15.627
2020-03-21 12:00:00,148261.836,2153.785,123.253
2020-03-21 13:00:00,154021.61,2031.513,259.069
2020-03-21 14:00:00,157128.056,1515.338,445.575
2020-03-21 15:00:00,157764.13199999998,1274.865,699.114
2020-03-21 16:00:00,157191.642,921.918,771.405
2020-03-21 17:00:00,155190.136,610.021,831.73
2020-03-21 18:00:00,153035.78,504.538,814.443
2020-03-21 19:00:00,151781.21,518.757,694.84
2020-03-21 20:00:00,153083.384,503.425,511.62
2020-03-21 21:00:00,156418.602,553.691,312.152
2020-03-21 22:00:00,159732.692,671.716,82.2
2020-03-21 23:00:00,164392.326,830.96,-1.416
2020-03-22 00:00:00,166637.752,1142.776,-3.193
2020-03-22 01:00:00,162478.308,1243.429,-2.994
2020-03-22 02:00:00,156923.782,1433.716,-3.151
2020-03-22 03:00:00,150744.33,1430.76,-3.225
2020-03-22 04:00:00,145552.55,1230.659,-3.113
2020-03-22 05:00:00,142393.714,1025.188,-3.195
2020-03-22 06:00:00,140965.46600000001,965.192,-3.365
2020-03-22 07:00:00,140738.154,1101.093,-3.094
2020-03-22 08:00:00,142202.08,1245.937,-3.152
2020-03-22 09:00:00,145334.978,1505.283,-3.225
2020-03-22 10:00:00,150067.59,1862.38,-1.753
2020-03-22 11:00:00,154119.098,2305.638,67.439
2020-03-22 12:00:00,156901.14,2570.579,445.283
2020-03-22 13:00:00,157885.69,2760.941,930.504
2020-03-22 14:00:00,157138.136,3617.67,1200.643
2020-03-22 15:00:00,155725.41,3807.213,1261.792
2020-03-22 16:00:00,154263.232,3124.589,1215.072
2020-03-22 17:00:00,151627.926,2466.074,1181.288
2020-03-22 18:00:00,149459.892,2007.37,1125.09
2020-03-22 19:00:00,149367.172,1733.371,888.067
2020-03-22 20:00:00,153092.002,2064.409,596.229
2020-03-22 21:00:00,158087.158,2521.053,259.484
2020-03-22 22:00:00,161793.874,2981.257,74.828
2020-03-22 23:00:00,167163.722,3210.875,-1.098
2020-03-23 00:00:00,168092.66,2941.352,-2.285
2020-03-23 01:00:00,163547.754,3021.212,-3.196
2020-03-23 02:00:00,157548.48,2754.104,-3.261
2020-03-23 03:00:00,151258.094,2558.202,-3.199
2020-03-23 04:00:00,146164.128,2264.787,-3.102
2020-03-23 05:00:00,142756.588,2253.144,-3.28
2020-03-23 06:00:00,141633.956,2106.677,-3.262
2020-03-23 07:00:00,141726.506,2026.182,-3.065
2020-03-23 08:00:00,144831.236,1849.516,-3.258
2020-03-23 09:00:00,151824.97,1793.32,-3.278
2020-03-23 10:00:00,162876.724,1858.626,-1.947
2020-03-23 11:00:00,171898.262,1810.122,11.825
2020-03-23 12:00:00,177447.706,1713.838,65.207
2020-03-23 13:00:00,180783.924,1602.653,125.172
2020-03-23 14:00:00,183161.902,1484.426,228.482
2020-03-23 15:00:00,183812.09,1214.818,294.305
2020-03-23 16:00:00,183841.064,850.247,343.197
2020-03-23 17:00:00,182148.978,518.544,349.389
2020-03-23 18:00:00,179000.5,561.84,281.991
2020-03-23 19:00:00,176327.776,390.465,241.168
2020-03-23 20:00:00,175243.454,490.978,204.98
2020-03-23 21:00:00,175675.03399999999,653.444,135.431
2020-03-23 22:00:00,174295.5,726.993,61.171
2020-03-23 23:00:00,176239.924,881.247,1.263
2020-03-24 00:00:00,176674.672,1019.737,-2.473
2020-03-24 01:00:00,171128.878,1151.192,-2.679
2020-03-24 02:00:00,163115.47,1150.311,-2.979
2020-03-24 03:00:00,155266.834,1090.281,-2.94
2020-03-24 04:00:00,148905.144,851.826,-3.107
2020-03-24 05:00:00,145705.464,754.259,-3.207
2020-03-24 06:00:00,143684.178,534.804,-3.146
2020-03-24 07:00:00,143490.482,639.471,-3.198
2020-03-24 08:00:00,146074.87,795.388,-3.094
2020-03-24 09:00:00,153025.012,912.167,-3.031
2020-03-24 10:00:00,163058.658,1088.309,-2.447
2020-03-24 11:00:00,170974.418,1473.226,75.041
2020-03-24 12:00:00,173994.756,1632.477,469.101
2020-03-24 13:00:00,173186.316,2332.17,830.277
2020-03-24 14:00:00,171558.538,3004.722,989.289
2020-03-24 15:00:00,169645.352,2410.011,1106.947
2020-03-24 16:00:00,167505.4,1493.444,1112.029
2020-03-24 17:00:00,164295.184,743.737,1106.442
2020-03-24 18:00:00,161073.174,506.406,1033.418
2020-03-24 19:00:00,158393.62,664.992,852.506
2020-03-24 20:00:00,158732.726,966.764,548.644
2020-03-24 21:00:00,161718.54,1167.296,258.268
2020-03-24 22:00:00,164345.904,1560.778,71.405
2020-03-24 23:00:00,168567.058,1682.214,-1.932
2020-03-25 00:00:00,169297.122,2177.349,-3.073
2020-03-25 01:00:00,164352.466,2228.572,-3.079
2020-03-25 02:00:00,157460.528,1899.032,-3.134
2020-03-25 03:00:00,149925.392,1551.704,-3.051
2020-03-25 04:00:00,144437.574,1682.495,-3.07
2020-03-25 05:00:00,140991.486,1576.144,-3.177
2020-03-25 06:00:00,139635.856,1471.022,-3.137
2020-03-25 07:00:00,139658.816,1543.115,-3.003
2020-03-25 08:00:00,141839.66,1528.863,-3.145
2020-03-25 09:00:00,148789.778,1372.726,-3.028
2020-03-25 10:00:00,158334.922,1261.511,-2.813
2020-03-25 11:00:00,167534.018,943.366,6.237
2020-03-25 12:00:00,172085.698,893.519,62.718
2020-03-25 13:00:00,174013.694,765.63,166.508
2020-03-25 14:00:00,175016.536,607.766,288.955
2020-03-25 15:00:00,174336.392,552.903,413.997
2020-03-25 16:00:00,173307.23,829.745,488.237
2020-03-25 17:00:00,170498.608,994.154,547.588
2020-03-25 18:00:00,167276.864,1253.747,491.151
2020-03-25 19:00:00,164890.968,1775.096,377.149
2020-03-25 20:00:00,164716.578,1826.524,283.668
2020-03-25 21:00:00,166274.932,2355.239,166.713
2020-03-25 22:00:00,166713.636,2554.985,59.063
2020-03-25 23:00:00,168237.836,2310.71,-0.98
2020-03-26 00:00:00,169258.81,3079.118,-3.208
2020-03-26 01:00:00,164123.556,4052.458,-3.061
2020-03-26 02:00:00,156816.038,4609.944,-3.07
2020-03-26 03:00:00,149533.218,5082.829,-2.949
2020-03-26 04:00:00,143499.14,5462.264,-3.157
2020-03-26 05:00:00,140768.21,5435.581,-3.112
2020-03-26 06:00:00,139136.832,5165.481,-3.145
2020-03-26 07:00:00,139754.056,4658.562,-3.009
2020-03-26 08:00:00,142539.16,4115.99,-3.226
2020-03-26 09:00:00,149337.776,3743.96,-3.073
2020-03-26 10:00:00,159917.9,3167.16,-0.393
2020-03-26 11:00:00,166944.012,2317.98,105.931
2020-03-26 12:00:00,168027.19,1910.585,471.876
2020-03-26 13:00:00,165775.462,1371.52,720.749
2020-03-26 14:00:00,164004.176,816.775,966.659
2020-03-26 15:00:00,161030.97,912.941,1229.118
2020-03-26 16:00:00,158453.624,922.556,1429.475
2020-03-26 17:00:00,154955.998,1257.219,1553.798
2020-03-26 18:00:00,152222.586,2301.757,1584.636
2020-03-26 19:00:00,150260.726,3019.256,1617.534
2020-03-26 20:00:00,150627.232,3034.383,1513.215
2020-03-26 21:00:00,153929.342,2615.851,1176.499
2020-03-26 22:00:00,156859.80599999998,2429.591,401.8
2020-03-26 23:00:00,160778.014,2253.315,4.668
2020-03-27 00:00:00,161900.982,2229.536,-3.132
2020-03-27 01:00:00,156310.73,2462.191,-3.166
2020-03-27 02:00:00,148603.232,2746.902,-3.061
2020-03-27 03:00:00,140607.756,2666.34,-3.11
2020-03-27 04:00:00,134124.22,2555.558,-3.107
2020-03-27 05:00:00,130356.64199999999,2506.484,-3.11
2020-03-27 06:00:00,128288.746,2528.251,-3.081
2020-03-27 07:00:00,127564.48,2441.056,-3.13
2020-03-27 08:00:00,129494.388,2163.603,-2.944
2020-03-27 09:00:00,134907.63,1824.122,-3.018
2020-03-27 10:00:00,144099.454,2406.142,-2.292
2020-03-27 11:00:00,151819.994,3188.536,103.353
2020-03-27 12:00:00,155318.778,3953.012,527.646
2020-03-27 13:00:00,155442.702,4377.435,1095.26
2020-03-27 14:00:00,154966.688,3523.042,1500.981
2020-03-27 15:00:00,155032.296,2942.09,1405.978
2020-03-27 16:00:00,154849.094,2398.892,1284.767
2020-03-27 17:00:00,153493.55,2250.39,1085.826
2020-03-27 18:00:00,151701.978,2163.708,1001.26
2020-03-27 19:00:00,149825.5,2381.419,872.273
2020-03-27 20:00:00,149528.586,3019.499,870.559
2020-03-27 21:00:00,151122.17,3762.099,728.109
2020-03-27 22:00:00,152517.262,3749.364,219.596
2020-03-27 23:00:00,155131.418,3799.058,4.145
2020-03-28 00:00:00,156245.352,4163.017,-2.762
2020-03-28 01:00:00,150600.86,4488.939,-2.902
2020-03-28 02:00:00,143402.93,4592.625,-2.833
2020-03-28 03:00:00,135983.678,4471.223,-3.016
2020-03-28 04:00:00,129355.728,4107.331,-2.692
2020-03-28 05:00:00,124922.354,4336.864,-2.804
2020-03-28 06:00:00,123112.668,3517.401,-2.913
2020-03-28 07:00:00,121283.756,3125.281,-2.839
2020-03-28 08:00:00,121534.476,3761.729,-2.678
2020-03-28 09:00:00,123326.72,3382.626,-2.822
2020-03-28 10:00:00,126413.298,2610.287,-2.394
2020-03-28 11:00:00,131146.306,2461.833,37.172
2020-03-28 12:00:00,136750.064,2671.907,170.007
2020-03-28 13:00:00,142250.878,3081.674,366.994
2020-03-28 14:00:00,146676.974,3456.6,714.23
2020-03-28 15:00:00,149978.33,2849.241,950.396
2020-03-28 16:00:00,151522.428,2791.135,1024.322
2020-03-28 17:00:00,151670.336,2953.224,1091.635
2020-03-28 18:00:00,150561.046,3308.528,1087.407
2020-03-28 19:00:00,150421.52,4085.527,1080.837
2020-03-28 20:00:00,151864.738,4020.663,970.296
2020-03-28 21:00:00,154390.468,4509.613,658.53
2020-03-28 22:00:00,155854.176,4788.27,182.094
2020-03-28 23:00:00,157237.348,5580.452,2.503
2020-03-29 00:00:00,156482.548,5607.139,-3.233
2020-03-29 01:00:00,150479.51,6038.678,-3.113
2020-03-29 02:00:00,143720.638,6340.095,-3.233
2020-03-29 03:00:00,136030.642,6559.456,-3.104
2020-03-29 04:00:00,129485.826,6345.318,-3.2
2020-03-29 05:00:00,124417.25,6390.794,-3.256
2020-03-29 06:00:00,121971.82,6720.775,-3.098
2020-03-29 07:00:00,119996.788,6271.121,-3.272
2020-03-29 08:00:00,119785.606,6453.826,-3.076
2020-03-29 09:00:00,120784.588,6751.672,-3.119
2020-03-29 10:00:00,123813.94,6671.602,-2.774
2020-03-29 11:00:00,126202.572,6597.848,60.758
2020-03-29 12:00:00,130927.478,6886.963,338.661
2020-03-29 13:00:00,136696.012,7481.997,566.495
2020-03-29 14:00:00,141802.118,7202.948,754.956
2020-03-29 15:00:00,145063.976,7162.63,971.025
2020-03-29 16:00:00,147274.014,7306.715,992.127
2020-03-29 17:00:00,147446.614,7267.43,1049.701
2020-03-29 18:00:00,146148.5,7357.009,1147.421
2020-03-29 19:00:00,145451.874,7509.589,1129.154
2020-03-29 20:00:00,147416.99,7618.609,973.781
2020-03-29 21:00:00,150541.218,7769.01,631.126
2020-03-29 22:00:00,151815.674,7862.296,158.102
2020-03-29 23:00:00,153700.04,7698.51,3.111
2020-03-30 00:00:00,155514.358,6844.941,-3.302
2020-03-30 01:00:00,149911.364,7059.499,-3.092
2020-03-30 02:00:00,142878.828,7354.736,-3.122
2020-03-30 03:00:00,135476.848,7557.808,-3.303
2020-03-30 04:00:00,129045.17,7788.082,-3.099
2020-03-30 05:00:00,124773.048,7751.537,-3.289
2020-03-30 06:00:00,122615.564,7515.083,-3.181
2020-03-30 07:00:00,122101.892,7599.772,-3.223
2020-03-30 08:00:00,124084.202,7564.038,-3.044
2020-03-30 09:00:00,130671.388,7403.974,-3.065
2020-03-30 10:00:00,140346.684,7181.467,-2.862
2020-03-30 11:00:00,148919.216,6597.134,47.719
2020-03-30 12:00:00,153760.282,6246.683,288.677
2020-03-30 13:00:00,156291.658,5897.272,473.627
2020-03-30 14:00:00,157240.24599999998,6251.506,712.021
2020-03-30 15:00:00,157826.442,6232.338,822.615
2020-03-30 16:00:00,157939.988,6224.515,1056.821
2020-03-30 17:00:00,157265.988,6207.579,1249.217
2020-03-30 18:00:00,156144.566,6467.207,1227.667
2020-03-30 19:00:00,155839.15600000002,6312.32,1135.855
2020-03-30 20:00:00,156554.016,5757.491,856.991
2020-03-30 21:00:00,158239.45799999998,4897.357,580.036
2020-03-30 22:00:00,158375.748,3781.165,196.546
2020-03-30 23:00:00,160451.21600000001,3002.615,5.587
2020-03-31 00:00:00,162067.588,2431.097,-2.992
2020-03-31 01:00:00,157244.036,2501.401,-3.152
2020-03-31 02:00:00,149626.238,2331.529,-3.063
2020-03-31 03:00:00,141464.454,2028.909,-3.128
2020-03-31 04:00:00,135742.298,1643.708,-3.055
2020-03-31 05:00:00,131501.35,1387.564,-3.202
2020-03-31 06:00:00,129918.714,1395.687,-3.07
2020-03-31 07:00:00,129721.054,1340.252,-3.145
2020-03-31 08:00:00,131940.744,1446.044,-2.985
2020-03-31 09:00:00,137771.558,1409.6,-3.147
2020-03-31 10:00:00,147870.07,1184.505,-1.979
2020-03-31 11:00:00,156117.082,978.83,47.392
2020-03-31 12:00:00,161425.468,951.572,168.311
2020-03-31 13:00:00,164769.854,815.745,277.889
2020-03-31 14:00:00,166283.884,748.532,341.211
2020-03-31 15:00:00,167451.5,547.575,456.357
2020-03-31 16:00:00,168197.444,506.432,542.733
2020-03-31 17:00:00,167231.112,557.159,481.033
2020-03-31 18:00:00,165593.692,941.916,350.11
2020-03-31 19:00:00,165155.314,1250.988,239.121
2020-03-31 20:00:00,166285.556,1423.705,176.695
2020-03-31 21:00:00,169158.682,1594.343,100.97
2020-03-31 22:00:00,170426.198,1846.217,25.049
2020-03-31 23:00:00,171035.326,1924.634,-2.747
2020-04-01 00:00:00,170563.996,1924.828,-3.074
2020-04-01 01:00:00,165728.796,1787.329,-3.086
2020-04-01 02:00:00,157955.72,1472.831,-3.086
2020-04-01 03:00:00,150754.316,1309.957,-3.084
2020-04-01 04:00:00,144340.184,961.379,-3.086
2020-04-01 05:00:00,140800.298,908.391,-3.095
2020-04-01 06:00:00,138847.116,886.058,-3.1
2020-04-01 07:00:00,138703.478,802.893,-3.041
2020-04-01 08:00:00,140842.166,707.968,-3.164
2020-04-01 09:00:00,147353.464,687.733,-3.169
2020-04-01 10:00:00,157064.152,649.876,-1.583
2020-04-01 11:00:00,165095.372,588.829,51.84
2020-04-01 12:00:00,168806.948,548.663,225.052
2020-04-01 13:00:00,169399.318,457.681,427.017
2020-04-01 14:00:00,168244.262,384.522,643.789
2020-04-01 15:00:00,166199.004,374.218,934.964
2020-04-01 16:00:00,164650.74,477.111,1164.751
2020-04-01 17:00:00,162251.54,601.31,1177.32
2020-04-01 18:00:00,159352.354,777.851,1112.719
2020-04-01 19:00:00,156511.476,982.118,995.431
2020-04-01 20:00:00,156653.022,1112.055,710.226
2020-04-01 21:00:00,158326.848,1216.475,541.634
2020-04-01 22:00:00,159495.366,1319.782,310.064
2020-04-01 23:00:00,162437.71,1357.345,15.96
2020-04-02 00:00:00,165724.046,1514.497,-3.118
2020-04-02 01:00:00,161757.638,2065.157,-3.212
2020-04-02 02:00:00,155231.186,2464.144,-2.896
2020-04-02 03:00:00,148595.144,2960.323,-2.999
2020-04-02 04:00:00,143239.374,3112.068,-2.993
2020-04-02 05:00:00,140182.684,2989.136,-2.95
2020-04-02 06:00:00,138825.858,2681.808,-2.969
2020-04-02 07:00:00,139397.842,2525.803,-2.843
2020-04-02 08:00:00,142658.54,2536.16,-3.032
2020-04-02 09:00:00,149951.996,2538.203,-2.866
2020-04-02 10:00:00,159921.854,2480.393,-0.086
2020-04-02 11:00:00,166093.082,2469.485,265.567
2020-04-02 12:00:00,165756.894,2489.679,1132.446
2020-04-02 13:00:00,162396.314,2475.137,1521.037
2020-04-02 14:00:00,159055.858,2406.373,1682.062
2020-04-02 15:00:00,156678.924,2796.107,1751.362
2020-04-02 16:00:00,155488.75,3100.448,1758.506
2020-04-02 17:00:00,152921.878,3252.999,1749.566
2020-04-02 18:00:00,149813.282,3310.488,1701.987
2020-04-02 19:00:00,147245.792,3186.216,1628.751
2020-04-02 20:00:00,147089.49,3099.408,1522.982
2020-04-02 21:00:00,149442.658,2966.788,1278.087
2020-04-02 22:00:00,151871.782,2937.399,502.128
2020-04-02 23:00:00,155100.654,3016.787,20.57
2020-04-03 00:00:00,159281.722,3361.125,-3.271
2020-04-03 01:00:00,155461.146,4032.059,-3.108
2020-04-03 02:00:00,148867.734,4187.22,-3.093
2020-04-03 03:00:00,142050.31,3868.779,-3.063
2020-04-03 04:00:00,136694.124,3588.511,-3.102
2020-04-03 05:00:00,133663.976,3443.225,-3.169
2020-04-03 06:00:00,132984.848,3259.685,-3.058
2020-04-03 07:00:00,133433.28,3149.236,-2.995
2020-04-03 08:00:00,136213.13,3192.116,-3.12
2020-04-03 09:00:00,142966.092,3318.776,-2.967
2020-04-03 10:00:00,152727.22,3519.294,-0.387
2020-04-03 11:00:00,159233.19,3759.864,260.118
2020-04-03 12:00:00,160691.296,3741.605,1046.647
2020-04-03 13:00:00,158961.34,3507.603,1357.01
2020-04-03 14:00:00,156516.97,3197.995,1478.833
2020-04-03 15:00:00,154226.02,3090.585,1545.991
2020-04-03 16:00:00,152686.204,3049.341,1567.085
2020-04-03 17:00:00,150345.684,2965.421,1531.465
2020-04-03 18:00:00,147902.574,2792.992,1433.487
2020-04-03 19:00:00,146198.904,2575.802,1332.685
2020-04-03 20:00:00,145856.066,2527.406,1243.954
2020-04-03 21:00:00,147693.394,2722.938,1055.276
2020-04-03 22:00:00,148952.656,2804.059,450.909
2020-04-03 23:00:00,150945.61,2559.807,16.655
2020-04-04 00:00:00,153869.332,2921.691,-3.076
2020-04-04 01:00:00,149510.936,3233.601,-2.957
2020-04-04 02:00:00,142936.932,3475.427,-2.986
2020-04-04 03:00:00,135605.178,3727.546,-3.112
2020-04-04 04:00:00,129825.384,3418.323,-2.914
2020-04-04 05:00:00,126346.792,3202.803,-2.952
2020-04-04 06:00:00,124508.402,2940.478,-2.944
2020-04-04 07:00:00,124131.85,2774.994,-2.829
2020-04-04 08:00:00,125084.882,2998.154,-3.942
2020-04-04 09:00:00,128237.278,3185.671,-2.966
2020-04-04 10:00:00,133035.584,3463.181,-1.123
2020-04-04 11:00:00,136517.994,3753.55,230.267
2020-04-04 12:00:00,139738.79,3471.919,904.791
2020-04-04 13:00:00,141148.08,3123.643,1116.231
2020-04-04 14:00:00,142100.108,2463.401,1125.636
2020-04-04 15:00:00,142006.106,1972.165,1128.951
2020-04-04 16:00:00,141120.59,1579.035,992.392
2020-04-04 17:00:00,139251.802,1218.561,1021.586
2020-04-04 18:00:00,137154.586,1127.556,956.527
2020-04-04 19:00:00,135752.972,1330.751,892.251
2020-04-04 20:00:00,136963.442,1404.923,943.013
2020-04-04 21:00:00,139869.86,1319.491,791.262
2020-04-04 22:00:00,142309.84,1116.675,400.527
2020-04-04 23:00:00,144693.344,954.598,20.325
2020-04-05 00:00:00,148115.202,565.866,-2.903
2020-04-05 01:00:00,144313.444,702.93,-2.934
2020-04-05 02:00:00,138448.424,745.313,-2.815
2020-04-05 03:00:00,131672.228,588.504,-2.938
2020-04-05 04:00:00,126407.916,507.703,-3.079
2020-04-05 05:00:00,122904.868,420.555,-3.053
2020-04-05 06:00:00,120771.35,667.437,-2.791
2020-04-05 07:00:00,119943.974,747.423,-3.092
2020-04-05 08:00:00,120754.784,567.1,-3.143
2020-04-05 09:00:00,122906.836,461.828,-3.035
2020-04-05 10:00:00,126407.016,455.318,1.672
2020-04-05 11:00:00,128973.664,725.071,263.093
2020-04-05 12:00:00,131590.922,1139.969,971.517
2020-04-05 13:00:00,134108.91,1041.456,1258.174
2020-04-05 14:00:00,135648.394,1293.584,1366.267
2020-04-05 15:00:00,135899.83000000002,1310.239,1426.92
2020-04-05 16:00:00,135595.85,1116.951,1533.506
2020-04-05 17:00:00,134152.718,866.847,1575.929
2020-04-05 18:00:00,133109.818,783.336,1525.959
2020-04-05 19:00:00,133625.24599999998,948.462,1414.91
2020-04-05 20:00:00,135982.992,928.549,1296.343
2020-04-05 21:00:00,139013.784,722.175,1110.666
2020-04-05 22:00:00,141355.848,775.112,453.213
2020-04-05 23:00:00,144150.002,796.26,16.996
2020-04-06 00:00:00,148031.336,1216.577,-3.001
2020-04-06 01:00:00,143793.052,1610.025,-2.867
2020-04-06 02:00:00,137519.842,1656.089,-3.068
2020-04-06 03:00:00,131125.38199999998,1577.672,-3.002
2020-04-06 04:00:00,125645.618,1429.754,-3.009
2020-04-06 05:00:00,122689.492,1659.728,-2.963
2020-04-06 06:00:00,121263.558,1710.64,-3.023
2020-04-06 07:00:00,121277.738,1508.27,-3.005
2020-04-06 08:00:00,123873.21,1367.392,-2.924
2020-04-06 09:00:00,130338.062,1297.37,-2.75
2020-04-06 10:00:00,140090.058,1165.42,1.077
2020-04-06 11:00:00,147433.422,1203.739,221.229
2020-04-06 12:00:00,150683.226,1203.364,845.281
2020-04-06 13:00:00,150213.318,785.256,1205.66
2020-04-06 14:00:00,149287.352,552.29,1420.556
2020-04-06 15:00:00,148453.108,897.289,1599.389
2020-04-06 16:00:00,148081.504,1007.451,1657.759
2020-04-06 17:00:00,147097.45,1072.736,1632.212
2020-04-06 18:00:00,145406.102,1215.389,1519.859
2020-04-06 19:00:00,144180.938,1496.318,1387.952
2020-04-06 20:00:00,145717.044,1677.303,1033.93
2020-04-06 21:00:00,148369.772,1786.133,847.508
2020-04-06 22:00:00,149934.118,1644.212,387.394
2020-04-06 23:00:00,151601.416,1360.775,22.569
2020-04-07 00:00:00,154685.956,1785.537,-3.178
2020-04-07 01:00:00,148950.63,2316.93,-3.321
2020-04-07 02:00:00,141288.796,2752.56,-3.336
2020-04-07 03:00:00,133199.976,3061.492,-3.153
2020-04-07 04:00:00,126784.01000000001,3144.323,-3.25
2020-04-07 05:00:00,122871.696,3236.246,-3.199
2020-04-07 06:00:00,121113.834,3852.373,-3.093
2020-04-07 07:00:00,120712.13,4121.537,-3.093
2020-04-07 08:00:00,122704.708,4527.385,-3.02
2020-04-07 09:00:00,128115.526,4460.557,-3.134
2020-04-07 10:00:00,137164.82,3963.842,1.583
2020-04-07 11:00:00,144152.896,3531.211,189.601
2020-04-07 12:00:00,148235.528,3168.155,681.046
2020-04-07 13:00:00,149294.064,2449.339,1057.943
2020-04-07 14:00:00,149069.454,2542.823,1356.651
2020-04-07 15:00:00,149211.896,2158.429,1601.723
2020-04-07 16:00:00,150157.182,1693.29,1581.176
2020-04-07 17:00:00,150458.706,2369.193,1554.89
2020-04-07 18:00:00,150080.84,3773.388,1434.046
2020-04-07 19:00:00,149856.652,4518.975,1146.837
2020-04-07 20:00:00,150709.732,5526.904,916.059
2020-04-07 21:00:00,152948.976,6220.259,598.072
2020-04-07 22:00:00,153182.662,6094.607,210.933
2020-04-07 23:00:00,154099.772,5761.682,13.589
2020-04-08 00:00:00,156586.09,5518.753,-2.998
2020-04-08 01:00:00,151388.316,5330.005,-3.025
2020-04-08 02:00:00,142897.012,5561.673,-3.078
2020-04-08 03:00:00,134496.18,5706.367,-3.052
2020-04-08 04:00:00,126776.362,5817.719,-3.199
2020-04-08 05:00:00,121604.712,5455.158,-2.955
2020-04-08 06:00:00,119031.678,4955.452,-3.05
2020-04-08 07:00:00,117964.822,4053.125,-3.038
2020-04-08 08:00:00,118851.152,3255.06,-3.195
2020-04-08 09:00:00,123447.054,3017.702,-3.056
2020-04-08 10:00:00,131027.476,2615.277,0.759
2020-04-08 11:00:00,137501.874,2229.334,210.436
2020-04-08 12:00:00,142990.406,2112.965,497.553
2020-04-08 13:00:00,145429.108,1920.714,925.77
2020-04-08 14:00:00,146686.356,1497.67,1242.598
2020-04-08 15:00:00,148067.078,1276.358,1348.979
2020-04-08 16:00:00,149914.444,1349.026,1436.925
2020-04-08 17:00:00,149932.64,1572.624,1519.153
2020-04-08 18:00:00,149595.168,1696.602,1498.871
2020-04-08 19:00:00,149498.758,1926.754,1458.35
2020-04-08 20:00:00,151069.544,2980.951,1260.922
2020-04-08 21:00:00,153805.948,3687.965,888.152
2020-04-08 22:00:00,154513.236,4196.129,217.652
2020-04-08 23:00:00,154586.38,4073.82,6.063
2020-04-09 00:00:00,156189.7,3608.836,-3.09
2020-04-09 01:00:00,150318.142,3631.462,-3.087
2020-04-09 02:00:00,141410.144,3643.285,-2.975
2020-04-09 03:00:00,132829.73,3818.279,-3.1
2020-04-09 04:00:00,125786.714,4170.113,-3.093
2020-04-09 05:00:00,121294.526,4997.351,-3.035
2020-04-09 06:00:00,118653.25,5972.061,-3.083
2020-04-09 07:00:00,117490.418,6637.969,-2.746
2020-04-09 08:00:00,119093.076,6822.468,-3.174
2020-04-09 09:00:00,123995.512,6806.466,-2.995
2020-04-09 10:00:00,132194.652,7045.252,-0.823
2020-04-09 11:00:00,139529.796,7503.865,75.539
2020-04-09 12:00:00,145620.806,7602.433,171.522
2020-04-09 13:00:00,148719.38,7422.851,539.874
2020-04-09 14:00:00,149138.586,7622.539,1342.94
2020-04-09 15:00:00,149933.378,7693.442,1556.526
2020-04-09 16:00:00,151292.304,7797.393,1500.454
2020-04-09 17:00:00,151501.934,7933.043,1358.049
2020-04-09 18:00:00,149459.83,7871.122,1319.223
2020-04-09 19:00:00,147012.436,7696.689,1351.724
2020-04-09 20:00:00,147107.206,7547.508,1292.513
2020-04-09 21:00:00,149844.19,7458.978,1148.974
2020-04-09 22:00:00,151416.50400000002,7327.369,498.347
2020-04-09 23:00:00,153236.94199999998,7325.868,28.31
2020-04-10 00:00:00,157118.304,7409.1,-2.991
2020-04-10 01:00:00,153383.924,7050.492,-3.069
2020-04-10 02:00:00,146461.49,6947.01,-2.91
2020-04-10 03:00:00,139398.51,7036.721,-2.91
2020-04-10 04:00:00,133448.472,7315.258,-3.047
2020-04-10 05:00:00,130492.086,7333.244,-2.93
2020-04-10 06:00:00,129380.48,7343.495,-2.924
2020-04-10 07:00:00,129314.126,7211.626,-2.823
2020-04-10 08:00:00,131786.448,6790.785,-2.961
2020-04-10 09:00:00,137479.436,6560.69,-2.975
2020-04-10 10:00:00,145524.022,6299.231,4.601
2020-04-10 11:00:00,150791.186,6003.456,290.373
2020-04-10 12:00:00,153659.998,5629.202,1114.505
2020-04-10 13:00:00,155706.516,5298.822,1338.699
2020-04-10 14:00:00,157137.344,4780.163,1287.56
2020-04-10 15:00:00,157379.912,4269.924,1233.97
2020-04-10 16:00:00,156318.94,4353.161,1295.735
2020-04-10 17:00:00,154209.598,4811.959,1291.157
2020-04-10 18:00:00,150726.154,5057.753,1288.998
2020-04-10 19:00:00,148444.21600000001,5380.249,1331.669
2020-04-10 20:00:00,148644.798,5599.747,1321.297
2020-04-10 21:00:00,151120.292,5616.027,1158.842
2020-04-10 22:00:00,152877.144,5212.109,553.445
2020-04-10 23:00:00,155360.782,4289.088,33.793
2020-04-11 00:00:00,159587.814,3043.537,-2.877
2020-04-11 01:00:00,156220.834,2513.977,-3.085
2020-04-11 02:00:00,150767.53,2283.281,-3.022
2020-04-11 03:00:00,145086.452,2144.89,-2.869
2020-04-11 04:00:00,139967.836,2084.708,-2.923
2020-04-11 05:00:00,136800.594,2140.741,-3.218
2020-04-11 06:00:00,135132.572,2055.249,-3.021
2020-04-11 07:00:00,135270.726,2044.57,-3.105
2020-04-11 08:00:00,136775.978,1955.92,-3.024
2020-04-11 09:00:00,139688.116,2042.078,-3.197
2020-04-11 10:00:00,143653.78,2207.868,8.15
2020-04-11 11:00:00,144730.828,2233.321,379.943
2020-04-11 12:00:00,145318.214,2319.381,1205.564
2020-04-11 13:00:00,144199.912,2420.937,1502.388
2020-04-11 14:00:00,142908.45,2969.97,1547.271
2020-04-11 15:00:00,141237.788,3150.238,1604.266
2020-04-11 16:00:00,138588.32,3556.918,1655.173
2020-04-11 17:00:00,135205.31,4230.773,1655.453
2020-04-11 18:00:00,132528.572,4674.929,1658.296
2020-04-11 19:00:00,131059.244,5057.689,1638.01
2020-04-11 20:00:00,131646.142,5399.607,1505.632
2020-04-11 21:00:00,134618.776,5673.634,1265.771
2020-04-11 22:00:00,137710.07,5665.966,551.278
2020-04-11 23:00:00,141231.70799999998,4780.832,32.429
2020-04-12 00:00:00,146297.406,3867.394,-3.082
2020-04-12 01:00:00,143305.602,3457.362,-3.149
2020-04-12 02:00:00,138305.722,4270.351,-3.149
2020-04-12 03:00:00,132108.57,4567.357,-3.11
2020-04-12 04:00:00,127783.78,3943.178,-3.065
2020-04-12 05:00:00,124445.028,4103.517,-3.014
2020-04-12 06:00:00,122749.058,3598.036,-3.147
2020-04-12 07:00:00,121860.59,3340.723,-3.144
2020-04-12 08:00:00,122460.218,3770.598,-3.152
2020-04-12 09:00:00,124624.924,3847.014,-2.982
2020-04-12 10:00:00,127502.076,4200.989,7.785
2020-04-12 11:00:00,129119.376,4200.881,304.623
2020-04-12 12:00:00,131716.982,3984.011,975.47
2020-04-12 13:00:00,133297.84,3556.723,1320.559
2020-04-12 14:00:00,134668.44,3278.337,1379.406
2020-04-12 15:00:00,136215.762,3123.24,1178.346
2020-04-12 16:00:00,136690.164,2750.178,1159.413
2020-04-12 17:00:00,133881.9,2538.95,1325.943
2020-04-12 18:00:00,132218.514,3776.021,1186.307
2020-04-12 19:00:00,132684.538,4503.934,1060.14
2020-04-12 20:00:00,133889.332,5052.467,963.371
2020-04-12 21:00:00,135664.83000000002,5185.793,710.762
2020-04-12 22:00:00,137008.65,5160.678,164.354
2020-04-12 23:00:00,139711.236,5063.275,5.436
2020-04-13 00:00:00,141688.494,4836.242,-3.007
2020-04-13 01:00:00,137767.372,4107.524,-3.098
2020-04-13 02:00:00,132000.87,3803.375,-3.133
2020-04-13 03:00:00,125525.896,4043.8,-3.069
2020-04-13 04:00:00,120396.06,4195.077,-3.142
2020-04-13 05:00:00,117140.45999999999,5066.72,-3.232
2020-04-13 06:00:00,115180.582,5764.122,-2.975
2020-04-13 07:00:00,114429.81,6443.015,-3.197
2020-04-13 08:00:00,116427.322,7103.872,-2.964
2020-04-13 09:00:00,121789.942,7581.945,-3.055
2020-04-13 10:00:00,130750.23,7945.297,-3.092
2020-04-13 11:00:00,139422.476,8000.634,0.596
2020-04-13 12:00:00,146632.442,8154.911,16.206
2020-04-13 13:00:00,151736.432,8172.35,63.032
2020-04-13 14:00:00,155466.222,8042.338,140.969
2020-04-13 15:00:00,158206.936,8218.991,286.491
2020-04-13 16:00:00,159490.056,8497.88,491.767
2020-04-13 17:00:00,158843.548,8549.255,659.309
2020-04-13 18:00:00,156846.944,8446.871,810.816
2020-04-13 19:00:00,155113.784,8544.998,940.056
2020-04-13 20:00:00,154267.71600000001,8532.919,1026.225
2020-04-13 21:00:00,154597.88,8409.08,1044.119
2020-04-13 22:00:00,154710.74599999998,8202.813,495.354
2020-04-13 23:00:00,155351.348,7675.431,32.692
2020-04-14 00:00:00,158123.25,6594.894,-3.053
2020-04-14 01:00:00,153743.854,4988.572,-3.021
2020-04-14 02:00:00,146248.882,4171.261,-3.06
2020-04-14 03:00:00,138855.53,3517.667,-3.137
2020-04-14 04:00:00,132541.79200000002,3426.955,-3.133
2020-04-14 05:00:00,128708.198,3564.582,-3.217
2020-04-14 06:00:00,127104.032,4135.895,-3.004
2020-04-14 07:00:00,127105.106,4171.53,-2.885
2020-04-14 08:00:00,129337.102,3912.437,-2.273
2020-04-14 09:00:00,135700.134,3454.645,0.049
2020-04-14 10:00:00,145011.38,2799.845,15.148
2020-04-14 11:00:00,152368.154,2425.761,350.001
2020-04-14 12:00:00,155544.892,1953.0,1023.205
2020-04-14 13:00:00,156307.354,2264.958,1300.586
2020-04-14 14:00:00,156555.838,3119.028,1423.427
2020-04-14 15:00:00,156390.45,4236.973,1445.506
2020-04-14 16:00:00,155046.742,4963.341,1514.398
2020-04-14 17:00:00,153569.622,5538.02,1523.253
2020-04-14 18:00:00,151244.078,6081.181,1507.283
2020-04-14 19:00:00,150343.282,6307.668,1432.832
2020-04-14 20:00:00,151172.472,6561.082,1269.159
2020-04-14 21:00:00,154883.796,6488.092,885.602
2020-04-14 22:00:00,156929.62,6377.964,295.59
2020-04-14 23:00:00,158579.402,5895.829,25.716
2020-04-15 00:00:00,161719.544,3863.987,-9.974
2020-04-15 01:00:00,158461.62,2168.907,-2.893
2020-04-15 02:00:00,151928.5,1246.327,-3.032
2020-04-15 03:00:00,145610.77,1149.774,-2.964
2020-04-15 04:00:00,140764.964,1282.532,-2.993
2020-04-15 05:00:00,137814.874,1686.403,-3.023
2020-04-15 06:00:00,136911.656,2077.291,-2.96
2020-04-15 07:00:00,137727.54,2678.21,-2.91
2020-04-15 08:00:00,140607.742,3012.606,-3.071
2020-04-15 09:00:00,147588.812,3232.441,-2.985
2020-04-15 10:00:00,157573.5,2876.965,-1.047
2020-04-15 11:00:00,165140.862,2443.735,45.188
2020-04-15 12:00:00,169162.914,2661.288,186.76
2020-04-15 13:00:00,168315.674,3131.312,370.701
2020-04-15 14:00:00,165056.304,3450.08,698.833
2020-04-15 15:00:00,162063.726,4059.461,953.163
2020-04-15 16:00:00,160034.64,4357.44,1209.006
2020-04-15 17:00:00,157792.128,4084.291,1390.081
2020-04-15 18:00:00,154553.352,4523.534,1462.094
2020-04-15 19:00:00,151553.492,4579.768,1571.304
2020-04-15 20:00:00,151456.914,4497.291,1539.607
2020-04-15 21:00:00,153847.942,4554.459,1334.154
2020-04-15 22:00:00,155832.612,4534.983,656.023
2020-04-15 23:00:00,158693.956,4542.485,52.387
2020-04-16 00:00:00,163580.618,3821.253,7.351
2020-04-16 01:00:00,161400.846,2775.277,5.392
2020-04-16 02:00:00,155278.108,2571.238,3.247
2020-04-16 03:00:00,149193.182,2682.948,0.948
2020-04-16 04:00:00,144391.236,2680.03,-0.535
2020-04-16 05:00:00,141659.21,2644.444,-0.41
2020-04-16 06:00:00,140446.884,2624.43,-0.433
2020-04-16 07:00:00,140977.332,2599.857,-0.377
2020-04-16 08:00:00,143753.752,2389.143,-0.553
2020-04-16 09:00:00,150788.112,2448.922,-0.583
2020-04-16 10:00:00,160350.694,2329.129,18.004
2020-04-16 11:00:00,166011.83,2342.751,468.852
2020-04-16 12:00:00,166537.092,2096.649,1256.241
2020-04-16 13:00:00,164502.572,1987.468,1523.219
2020-04-16 14:00:00,162550.114,2673.703,1623.842
2020-04-16 15:00:00,161379.16,3178.467,1611.309
2020-04-16 16:00:00,160371.848,3307.439,1607.19
2020-04-16 17:00:00,158165.316,3124.219,1609.2
2020-04-16 18:00:00,154927.584,2888.713,1573.232
2020-04-16 19:00:00,151886.174,2678.253,1555.524
2020-04-16 20:00:00,150870.858,2414.703,1456.735
2020-04-16 21:00:00,152627.172,2257.238,1293.643
2020-04-16 22:00:00,154514.494,1904.361,627.566
2020-04-16 23:00:00,157843.026,1504.587,49.94
2020-04-17 00:00:00,163453.946,1006.727,-3.017
2020-04-17 01:00:00,161159.152,1036.316,-3.136
2020-04-17 02:00:00,155407.128,1158.291,-3.02
2020-04-17 03:00:00,149069.094,1628.579,-3.2
2020-04-17 04:00:00,144222.05599999998,1989.859,-3.103
2020-04-17 05:00:00,142037.776,1601.308,-3.068
2020-04-17 06:00:00,141112.93,1420.461,-3.046
2020-04-17 07:00:00,141920.32,1740.694,-3.153
2020-04-17 08:00:00,144997.542,1957.16,-3.201
2020-04-17 09:00:00,151603.416,2228.465,-2.949
2020-04-17 10:00:00,160281.166,2627.665,20.338
2020-04-17 11:00:00,165458.758,3146.645,477.447
2020-04-17 12:00:00,166236.7,3181.688,1262.076
2020-04-17 13:00:00,164692.244,2860.167,1526.706
2020-04-17 14:00:00,162796.574,2679.927,1632.235
2020-04-17 15:00:00,161195.772,2789.91,1662.711
2020-04-17 16:00:00,159789.332,2642.297,1657.89
2020-04-17 17:00:00,158756.404,2487.246,1518.558
2020-04-17 18:00:00,157912.012,2216.589,1343.585
2020-04-17 19:00:00,157022.97,2302.677,1211.65
2020-04-17 20:00:00,157706.884,2496.343,1152.656
2020-04-17 21:00:00,158917.566,2570.559,987.276
2020-04-17 22:00:00,158369.538,2643.529,449.718
2020-04-17 23:00:00,158540.548,2511.986,33.193
2020-04-18 00:00:00,159682.514,2342.543,-3.097
2020-04-18 01:00:00,155439.408,2712.407,-3.1
2020-04-18 02:00:00,148722.786,3110.723,-3.119
2020-04-18 03:00:00,141622.594,3639.432,-3.042
2020-04-18 04:00:00,135867.658,3998.694,-3.171
2020-04-18 05:00:00,132143.408,4165.678,-3.015
2020-04-18 06:00:00,129785.2,4389.601,-3.084
2020-04-18 07:00:00,128950.662,4195.507,-3.122
2020-04-18 08:00:00,129390.97,4095.641,-3.065
2020-04-18 09:00:00,131792.156,3902.076,-3.099
2020-04-18 10:00:00,135668.86800000002,3885.533,-0.71
2020-04-18 11:00:00,138983.1,3902.113,41.13
2020-04-18 12:00:00,144025.964,3812.335,81.078
2020-04-18 13:00:00,148496.11,3203.151,128.721
2020-04-18 14:00:00,150661.63199999998,3299.071,263.272
2020-04-18 15:00:00,150776.132,3916.119,450.456
2020-04-18 16:00:00,149220.04,5657.024,887.163
2020-04-18 17:00:00,146772.142,6751.548,1110.291
2020-04-18 18:00:00,143456.712,7008.533,1157.15
2020-04-18 19:00:00,140977.416,7265.025,1231.318
2020-04-18 20:00:00,140590.056,7304.803,1270.025
2020-04-18 21:00:00,142033.218,7127.694,1204.602
2020-04-18 22:00:00,143535.226,6868.136,660.905
2020-04-18 23:00:00,146017.106,6456.888,60.857
2020-04-19 00:00:00,151308.298,6245.393,-3.102
2020-04-19 01:00:00,150671.392,6584.396,-3.074
2020-04-19 02:00:00,146412.596,6873.789,-3.187
2020-04-19 03:00:00,141298.294,7119.369,-3.111
2020-04-19 04:00:00,137125.952,6972.45,-3.151
2020-04-19 05:00:00,134758.4,7061.28,-3.041
2020-04-19 06:00:00,133580.062,7169.241,-2.992
2020-04-19 07:00:00,133924.414,7188.102,-3.184
2020-04-19 08:00:00,135359.72,7042.349,-3.253
2020-04-19 09:00:00,138533.834,6632.892,-2.987
2020-04-19 10:00:00,141322.514,6313.885,26.784
2020-04-19 11:00:00,141847.34,5699.402,547.27
2020-04-19 12:00:00,140310.198,4531.541,1329.777
2020-04-19 13:00:00,138793.342,3197.372,1553.899
2020-04-19 14:00:00,137010.18,2742.087,1690.121
2020-04-19 15:00:00,135536.772,2947.361,1758.602
2020-04-19 16:00:00,134286.234,2841.785,1690.819
2020-04-19 17:00:00,132268.462,2796.754,1511.926
2020-04-19 18:00:00,130727.67,2490.467,1276.124
2020-04-19 19:00:00,131317.294,2161.484,1012.874
2020-04-19 20:00:00,133809.396,2367.843,762.791
2020-04-19 21:00:00,137654.608,2459.34,488.723
2020-04-19 22:00:00,139502.254,2159.838,172.981
2020-04-19 23:00:00,141209.274,2736.17,18.302
2020-04-20 00:00:00,144933.102,3218.384,-3.09
2020-04-20 01:00:00,142110.8,3191.91,-3.036
2020-04-20 02:00:00,136317.314,2885.917,-3.169
2020-04-20 03:00:00,130351.534,2698.496,-3.179
2020-04-20 04:00:00,125638.066,2493.989,-3.031
2020-04-20 05:00:00,122521.22,1765.978,-3.166
2020-04-20 06:00:00,121311.548,1192.02,-3.189
2020-04-20 07:00:00,121627.606,688.887,-2.932
2020-04-20 08:00:00,124335.922,633.686,-3.087
2020-04-20 09:00:00,131101.43,718.328,-3.197
2020-04-20 10:00:00,140343.382,668.483,1.742
2020-04-20 11:00:00,148143.656,812.737,62.729
2020-04-20 12:00:00,153857.448,682.257,146.567
2020-04-20 13:00:00,155823.384,376.046,218.46
2020-04-20 14:00:00,156061.818,420.281,322.72
2020-04-20 15:00:00,155107.588,1267.657,446.87
2020-04-20 16:00:00,153815.028,2603.433,582.034
2020-04-20 17:00:00,150987.1,3594.095,715.45
2020-04-20 18:00:00,147481.66,4590.824,775.634
2020-04-20 19:00:00,144591.968,5457.779,762.696
2020-04-20 20:00:00,143548.584,5964.295,822.164
2020-04-20 21:00:00,144891.09600000002,6445.076,909.534
2020-04-20 22:00:00,145587.814,6490.107,528.346
2020-04-20 23:00:00,147210.41,5893.64,62.586
2020-04-21 00:00:00,151554.376,5175.894,-3.093
2020-04-21 01:00:00,149129.20799999998,5285.608,-3.099
2020-04-21 02:00:00,142573.994,6029.733,-2.95
2020-04-21 03:00:00,135484.988,6339.248,-3.106
2020-04-21 04:00:00,130082.024,6658.923,-3.218
2020-04-21 05:00:00,126794.49799999999,6459.923,-3.064
2020-04-21 06:00:00,125282.824,6674.912,-2.943
2020-04-21 07:00:00,125489.484,7131.459,-3.081
2020-04-21 08:00:00,127825.616,6882.399,-3.063
2020-04-21 09:00:00,134173.436,6748.33,-2.739
2020-04-21 10:00:00,142792.656,6540.928,27.163
2020-04-21 11:00:00,148865.27,6596.687,475.291
2020-04-21 12:00:00,151832.572,6053.13,1194.46
2020-04-21 13:00:00,153111.272,6957.487,1333.393
2020-04-21 14:00:00,154893.546,7225.447,1105.616
2020-04-21 15:00:00,156027.742,7137.153,1110.019
2020-04-21 16:00:00,156237.294,6985.533,1151.383
2020-04-21 17:00:00,154301.876,7282.426,1230.873
2020-04-21 18:00:00,152863.968,7578.817,1005.265
2020-04-21 19:00:00,149582.736,7753.264,1169.833
2020-04-21 20:00:00,147627.308,7782.833,1162.738
2020-04-21 21:00:00,149396.754,7805.477,952.808
2020-04-21 22:00:00,150481.942,7640.8,507.516
2020-04-21 23:00:00,152445.6,6912.109,51.795
2020-04-22 00:00:00,157358.978,4704.861,-2.024
2020-04-22 01:00:00,155986.642,3141.759,-2.971
2020-04-22 02:00:00,149886.448,2478.424,-3.179
2020-04-22 03:00:00,143635.084,2292.137,-3.208
2020-04-22 04:00:00,138772.2,2130.678,-3.276
2020-04-22 05:00:00,136379.41,2007.93,-3.216
2020-04-22 06:00:00,135720.298,2007.605,-3.077
2020-04-22 07:00:00,136466.43,2249.384,-3.182
2020-04-22 08:00:00,140128.422,2522.818,-3.168
2020-04-22 09:00:00,147277.01,2783.28,-3.218
2020-04-22 10:00:00,156799.204,3310.856,35.232
2020-04-22 11:00:00,162640.314,3758.636,606.237
2020-04-22 12:00:00,163818.056,4127.877,1362.402
2020-04-22 13:00:00,161718.242,3919.344,1584.393
2020-04-22 14:00:00,159455.752,3881.361,1704.142
2020-04-22 15:00:00,157548.16999999998,4031.529,1737.545
2020-04-22 16:00:00,156023.512,4837.298,1750.989
2020-04-22 17:00:00,152981.704,5496.395,1756.476
2020-04-22 18:00:00,149994.478,5440.387,1758.29
2020-04-22 19:00:00,147593.482,4526.668,1725.379
2020-04-22 20:00:00,147583.294,4207.366,1593.814
2020-04-22 21:00:00,149935.872,3958.059,1344.381
2020-04-22 22:00:00,151791.146,3452.117,663.37
2020-04-22 23:00:00,153231.74,3601.552,62.439
2020-04-23 00:00:00,157262.216,3740.605,-3.249
2020-04-23 01:00:00,154052.528,5295.332,-3.114
2020-04-23 02:00:00,146987.608,5781.074,-3.257
2020-04-23 03:00:00,139864.898,5692.576,-3.212
2020-04-23 04:00:00,133821.962,5150.249,-3.29
2020-04-23 05:00:00,130421.968,4527.487,-3.051
2020-04-23 06:00:00,128291.468,3172.298,-3.033
2020-04-23 07:00:00,128051.878,2413.361,-3.009
2020-04-23 08:00:00,130539.062,1765.437,-2.881
2020-04-23 09:00:00,136477.588,1575.951,-2.456
2020-04-23 10:00:00,144739.996,1838.607,9.625
2020-04-23 11:00:00,151775.99599999998,1916.34,94.615
2020-04-23 12:00:00,156618.238,1861.367,222.577
2020-04-23 13:00:00,157865.886,1266.434,391.226
2020-04-23 14:00:00,157889.088,940.632,595.935
2020-04-23 15:00:00,157222.136,698.868,816.336
2020-04-23 16:00:00,156722.264,804.559,873.557
2020-04-23 17:00:00,154825.486,860.244,814.352
2020-04-23 18:00:00,153071.272,1065.617,586.721
2020-04-23 19:00:00,151419.878,1046.289,451.534
2020-04-23 20:00:00,151455.564,1323.449,313.869
2020-04-23 21:00:00,154044.19,1408.39,145.229
2020-04-23 22:00:00,154652.948,1505.555,61.167
2020-04-23 23:00:00,154696.802,1509.269,6.091
2020-04-24 00:00:00,155312.99,1536.61,-3.102
2020-04-24 01:00:00,151374.114,1608.439,-3.078
2020-04-24 02:00:00,144442.314,1649.695,-3.024
2020-04-24 03:00:00,137227.792,1668.967,-3.028
2020-04-24 04:00:00,131143.808,1451.407,-3.167
2020-04-24 05:00:00,127034.258,1163.883,-3.104
2020-04-24 06:00:00,124782.948,872.826,-3.256
2020-04-24 07:00:00,123707.102,700.688,-3.239
2020-04-24 08:00:00,125461.844,625.243,-2.994
2020-04-24 09:00:00,130361.52,561.826,-3.24
2020-04-24 10:00:00,138052.328,511.687,0.701
2020-04-24 11:00:00,145169.904,500.516,96.668
2020-04-24 12:00:00,151544.302,456.0,374.137
2020-04-24 13:00:00,154944.79200000002,442.51,726.783
2020-04-24 14:00:00,156455.14,552.866,846.635
2020-04-24 15:00:00,156803.962,658.93,937.459
2020-04-24 16:00:00,156361.688,557.973,916.582
2020-04-24 17:00:00,154634.856,587.042,950.556
2020-04-24 18:00:00,152030.76,530.674,937.987
2020-04-24 19:00:00,149428.664,687.619,873.769
2020-04-24 20:00:00,148575.682,789.45,780.961
2020-04-24 21:00:00,149105.314,1006.511,502.261
2020-04-24 22:00:00,148414.768,1469.901,193.314
2020-04-24 23:00:00,147948.59,1871.289,40.774
2020-04-25 00:00:00,149955.982,2465.233,-3.205
2020-04-25 01:00:00,147299.59,2713.42,-3.063
2020-04-25 02:00:00,140598.808,2583.274,-3.242
2020-04-25 03:00:00,133504.822,2479.479,-3.074
2020-04-25 04:00:00,127593.274,2222.535,-3.189
2020-04-25 05:00:00,123729.582,2271.89,-3.163
2020-04-25 06:00:00,121570.328,2216.48,-3.138
2020-04-25 07:00:00,120919.286,1993.613,-3.255
2020-04-25 08:00:00,121531.176,2356.017,-3.217
2020-04-25 09:00:00,124560.126,2596.963,-2.997
2020-04-25 10:00:00,127438.542,2659.927,16.46
2020-04-25 11:00:00,129796.03,3555.195,151.578
2020-04-25 12:00:00,133028.51,3860.572,377.727
2020-04-25 13:00:00,134868.784,3721.817,636.227
2020-04-25 14:00:00,135736.19,3754.379,896.659
2020-04-25 15:00:00,135541.622,4117.862,1064.372
2020-04-25 16:00:00,134964.99,4540.224,1083.085
2020-04-25 17:00:00,133798.838,5328.406,996.606
2020-04-25 18:00:00,132685.346,6166.595,886.133
2020-04-25 19:00:00,132817.632,6548.345,716.393
2020-04-25 20:00:00,135085.872,6868.221,497.304
2020-04-25 21:00:00,138515.704,7107.431,279.363
2020-04-25 22:00:00,140608.774,7187.177,114.425
2020-04-25 23:00:00,142297.834,7204.47,13.943
2020-04-26 00:00:00,145109.956,6904.804,-3.038
2020-04-26 01:00:00,141750.044,6629.462,-3.153
2020-04-26 02:00:00,135498.31,6300.608,-3.201
2020-04-26 03:00:00,129244.776,5940.858,-3.096
2020-04-26 04:00:00,123536.894,5712.255,-3.116
2020-04-26 05:00:00,120094.964,5837.905,-3.109
2020-04-26 06:00:00,117948.918,5968.046,-3.168
2020-04-26 07:00:00,117060.162,6021.644,-3.24
2020-04-26 08:00:00,117228.11,5874.932,-3.143
2020-04-26 09:00:00,118880.098,5326.736,-3.274
2020-04-26 10:00:00,121541.604,5099.763,3.871
2020-04-26 11:00:00,124280.462,5218.897,78.725
2020-04-26 12:00:00,129990.658,5101.333,264.104
2020-04-26 13:00:00,135673.72,4569.453,379.561
2020-04-26 14:00:00,139730.424,4428.967,607.584
2020-04-26 15:00:00,142330.918,4568.07,715.866
2020-04-26 16:00:00,144022.122,4779.837,690.396
2020-04-26 17:00:00,143564.926,4752.372,762.09
2020-04-26 18:00:00,142967.048,4728.961,893.403
2020-04-26 19:00:00,142930.816,4470.289,936.754
2020-04-26 20:00:00,144651.306,4313.785,979.158
2020-04-26 21:00:00,147038.23,3870.51,874.122
2020-04-26 22:00:00,148126.63,3436.384,566.352
2020-04-26 23:00:00,148305.442,2794.529,66.867
2020-04-27 00:00:00,149965.206,2216.103,-3.394
2020-04-27 01:00:00,147334.256,1898.37,-3.279
2020-04-27 02:00:00,141630.556,2017.699,-3.194
2020-04-27 03:00:00,135698.364,2101.583,-3.205
2020-04-27 04:00:00,130498.018,1780.731,-3.271
2020-04-27 05:00:00,127696.86,1643.066,-3.308
2020-04-27 06:00:00,126221.312,1924.046,-3.251
2020-04-27 07:00:00,126636.624,2006.607,-3.322
2020-04-27 08:00:00,129627.70199999999,2199.951,-2.967
2020-04-27 09:00:00,136447.668,2312.302,-2.495
2020-04-27 10:00:00,145928.20799999998,2865.178,12.186
2020-04-27 11:00:00,153886.454,2939.723,159.802
2020-04-27 12:00:00,159301.078,4267.562,247.859
2020-04-27 13:00:00,160399.748,3883.725,533.545
2020-04-27 14:00:00,160221.49,4556.287,738.399
2020-04-27 15:00:00,159568.664,5564.039,868.949
2020-04-27 16:00:00,158545.572,6081.544,967.981
2020-04-27 17:00:00,156478.5,6411.247,1033.644
2020-04-27 18:00:00,153355.548,6700.643,1071.415
2020-04-27 19:00:00,150898.122,6959.945,1067.939
2020-04-27 20:00:00,149961.444,6930.347,1044.748
2020-04-27 21:00:00,150906.598,6764.37,1026.96
2020-04-27 22:00:00,151602.528,5914.3,660.261
2020-04-27 23:00:00,152352.682,5116.098,76.119
2020-04-28 00:00:00,155928.256,4773.714,-3.272
2020-04-28 01:00:00,153334.128,5111.252,-3.122
2020-04-28 02:00:00,146582.372,5059.446,-3.194
2020-04-28 03:00:00,139485.43,4897.676,-3.039
2020-04-28 04:00:00,133676.516,4941.225,-3.112
2020-04-28 05:00:00,130694.488,4754.458,-3.247
2020-04-28 06:00:00,129258.048,4580.075,-3.195
2020-04-28 07:00:00,128995.602,3184.558,-3.383
2020-04-28 08:00:00,131229.56,2737.999,-2.795
2020-04-28 09:00:00,137099.786,2587.726,-1.491
2020-04-28 10:00:00,145161.27,2598.893,58.218
2020-04-28 11:00:00,150980.196,2453.066,607.702
2020-04-28 12:00:00,153167.128,2203.812,1010.303
2020-04-28 13:00:00,152814.896,2060.767,1198.897
2020-04-28 14:00:00,151802.528,2109.528,1399.127
2020-04-28 15:00:00,151155.472,2138.307,1482.355
2020-04-28 16:00:00,150218.95,1982.785,1508.474
2020-04-28 17:00:00,149171.734,1735.862,1518.824
2020-04-28 18:00:00,147907.126,2991.595,1262.745
2020-04-28 19:00:00,146509.482,4182.298,1234.233
2020-04-28 20:00:00,146886.20799999998,4939.163,1069.013
2020-04-28 21:00:00,149275.896,4861.14,718.567
2020-04-28 22:00:00,150582.832,4826.525,368.139
2020-04-28 23:00:00,150568.442,4818.189,52.787
2020-04-29 00:00:00,153266.486,4864.611,-3.083
2020-04-29 01:00:00,150113.32,4556.308,-3.324
2020-04-29 02:00:00,142507.846,4222.293,-3.295
2020-04-29 03:00:00,134350.946,5106.548,-3.245
2020-04-29 04:00:00,128190.94,5353.146,-3.197
2020-04-29 05:00:00,124347.98,5130.875,-3.115
2020-04-29 06:00:00,122001.432,4880.213,-3.095
2020-04-29 07:00:00,121542.07,4951.15,-3.142
2020-04-29 08:00:00,123240.548,4297.371,-3.02
2020-04-29 09:00:00,129007.16399999999,3741.982,-3.096
2020-04-29 10:00:00,136480.768,3942.572,53.564
2020-04-29 11:00:00,143000.608,4203.373,544.449
2020-04-29 12:00:00,147257.038,4536.734,1073.978
2020-04-29 13:00:00,148676.188,5043.363,1400.968
2020-04-29 14:00:00,150304.212,5231.349,1343.883
2020-04-29 15:00:00,150818.314,5250.031,1325.693
2020-04-29 16:00:00,151008.478,5372.999,1354.382
2020-04-29 17:00:00,150911.31,5909.65,1398.792
2020-04-29 18:00:00,150114.54200000002,6560.791,1330.817
2020-04-29 19:00:00,149603.058,6637.731,1120.77
2020-04-29 20:00:00,150485.134,6545.526,793.255
2020-04-29 21:00:00,152513.648,6744.775,610.874
2020-04-29 22:00:00,153158.33,6786.508,330.465
2020-04-29 23:00:00,153303.822,6550.215,36.401
2020-04-30 00:00:00,154457.0,6012.011,-2.947
2020-04-30 01:00:00,150417.33,6044.989,-3.047
2020-04-30 02:00:00,142614.386,5959.192,-3.059
2020-04-30 03:00:00,134657.936,5930.006,-3.026
2020-04-30 04:00:00,128455.372,6090.665,-3.167
2020-04-30 05:00:00,124041.832,5706.03,-3.068
2020-04-30 06:00:00,121414.126,5150.424,-3.02
2020-04-30 07:00:00,120382.404,4489.752,-2.995
2020-04-30 08:00:00,121525.352,5072.006,-3.148
2020-04-30 09:00:00,126403.448,5762.592,-3.238
2020-04-30 10:00:00,134282.838,6726.385,18.872
2020-04-30 11:00:00,142196.98,6861.304,162.429
2020-04-30 12:00:00,148913.672,7211.778,271.05
2020-04-30 13:00:00,153356.29,7477.253,317.254
2020-04-30 14:00:00,156336.682,7355.504,321.374
2020-04-30 15:00:00,157939.21600000001,6847.647,323.324
2020-04-30 16:00:00,158671.316,6746.99,337.279
2020-04-30 17:00:00,158112.308,6541.194,318.308
2020-04-30 18:00:00,156207.75,6401.66,268.28
2020-04-30 19:00:00,154461.278,5852.852,226.055
2020-04-30 20:00:00,154237.732,5512.324,213.343
2020-04-30 21:00:00,155523.634,5473.946,162.207
2020-04-30 22:00:00,154893.762,4840.277,115.042
2020-04-30 23:00:00,153704.926,3737.306,44.826
2020-05-01 00:00:00,153941.358,2686.903,-1.074
2020-05-01 01:00:00,150804.408,2190.868,-3.039
2020-05-01 02:00:00,143714.084,2357.053,-3.143
2020-05-01 03:00:00,135995.114,2415.145,-3.132
2020-05-01 04:00:00,129790.606,2521.198,-3.002
2020-05-01 05:00:00,125639.766,2573.443,-3.084
2020-05-01 06:00:00,123329.11,2320.368,-3.123
2020-05-01 07:00:00,122352.122,2271.218,-3.033
2020-05-01 08:00:00,124006.618,2085.814,-3.14
2020-05-01 09:00:00,129080.032,1860.336,-3.097
2020-05-01 10:00:00,136217.484,1662.627,14.553
2020-05-01 11:00:00,142987.148,1602.629,170.637
2020-05-01 12:00:00,148841.31,1470.281,411.847
2020-05-01 13:00:00,150828.776,1262.661,804.628
2020-05-01 14:00:00,151385.35,1321.337,1016.083
2020-05-01 15:00:00,150178.228,1504.054,1166.02
2020-05-01 16:00:00,149403.592,1732.878,1064.445
2020-05-01 17:00:00,147805.13,1901.982,1122.588
2020-05-01 18:00:00,145122.68,2013.23,1195.802
2020-05-01 19:00:00,143384.612,2154.103,958.635
2020-05-01 20:00:00,142837.25400000002,2318.055,844.105
2020-05-01 21:00:00,143361.488,2493.516,794.217
2020-05-01 22:00:00,143545.288,3017.757,446.82
2020-05-01 23:00:00,143813.362,3463.334,90.752
2020-05-02 00:00:00,146657.724,3884.814,-3.149
2020-05-02 01:00:00,145049.248,4278.815,-3.041
2020-05-02 02:00:00,138839.774,4623.236,-3.047
2020-05-02 03:00:00,131823.388,4717.351,-2.956
2020-05-02 04:00:00,125591.634,5157.771,-3.052
2020-05-02 05:00:00,121204.554,5604.408,-3.161
2020-05-02 06:00:00,118924.924,5315.118,-3.105
2020-05-02 07:00:00,117962.286,4884.822,-3.136
2020-05-02 08:00:00,118755.914,5255.008,-2.672
2020-05-02 09:00:00,120917.214,5564.591,-1.267
2020-05-02 10:00:00,123109.36,5784.674,82.587
2020-05-02 11:00:00,124850.882,5372.237,689.355
2020-05-02 12:00:00,127001.706,4837.107,1308.45
2020-05-02 13:00:00,128564.226,4134.851,1587.455
2020-05-02 14:00:00,129101.052,3663.691,1726.89
2020-05-02 15:00:00,129309.966,3086.077,1793.627
2020-05-02 16:00:00,129102.654,2878.501,1787.725
2020-05-02 17:00:00,128231.772,2998.741,1767.516
2020-05-02 18:00:00,128231.29000000001,3711.469,1710.459
2020-05-02 19:00:00,129163.554,3691.945,1635.332
2020-05-02 20:00:00,131793.656,3607.356,1530.557
2020-05-02 21:00:00,135411.082,3478.167,1341.506
2020-05-02 22:00:00,137996.97,3118.381,747.373
2020-05-02 23:00:00,138814.916,2731.469,102.49
2020-05-03 00:00:00,141528.21,2461.291,-3.355
2020-05-03 01:00:00,140129.57,2608.304,-3.191
2020-05-03 02:00:00,133784.784,3499.273,-3.421
2020-05-03 03:00:00,126833.398,4135.395,-3.254
2020-05-03 04:00:00,120265.902,3878.839,-3.277
2020-05-03 05:00:00,115283.112,4015.027,-3.243
2020-05-03 06:00:00,112335.004,3968.9,-3.175
2020-05-03 07:00:00,110368.386,3563.27,-3.187
2020-05-03 08:00:00,109873.658,3238.815,-3.041
2020-05-03 09:00:00,110178.99,3291.135,-2.164
2020-05-03 10:00:00,111235.978,3670.772,54.635
2020-05-03 11:00:00,113178.832,3404.99,564.961
2020-05-03 12:00:00,118244.598,2761.601,1138.103
2020-05-03 13:00:00,123645.574,2334.511,1343.386
2020-05-03 14:00:00,127964.186,2703.673,1357.379
2020-05-03 15:00:00,131529.08,2111.077,1410.558
2020-05-03 16:00:00,134000.002,1734.764,1453.915
2020-05-03 17:00:00,134568.7,1804.058,1483.0
2020-05-03 18:00:00,134900.948,2463.989,1437.035
2020-05-03 19:00:00,135785.324,2814.689,1530.664
2020-05-03 20:00:00,139236.16,2487.018,1434.543
2020-05-03 21:00:00,144186.734,2385.646,1162.643
2020-05-03 22:00:00,146842.93,2240.153,600.468
2020-05-03 23:00:00,147240.292,1770.073,85.505
2020-05-04 00:00:00,149197.852,1136.751,-2.383
2020-05-04 01:00:00,146465.586,1471.214,-3.189
2020-05-04 02:00:00,138662.398,2366.559,-3.404
2020-05-04 03:00:00,130532.744,3301.061,-3.275
2020-05-04 04:00:00,123696.368,4053.942,-3.215
2020-05-04 05:00:00,118863.188,4291.688,-3.352
2020-05-04 06:00:00,115895.326,4513.344,-3.317
2020-05-04 07:00:00,114468.77,4491.285,-3.289
2020-05-04 08:00:00,115794.92,4451.898,-3.141
2020-05-04 09:00:00,120633.122,4042.431,-1.425
2020-05-04 10:00:00,127524.566,4036.384,31.545
2020-05-04 11:00:00,135397.512,4366.178,371.979
2020-05-04 12:00:00,141678.892,4319.776,1164.107
2020-05-04 13:00:00,145074.178,4119.278,1547.855
2020-05-04 14:00:00,147401.814,3823.011,1680.988
2020-05-04 15:00:00,149627.228,3762.362,1662.324
2020-05-04 16:00:00,151133.326,4731.572,1627.8
2020-05-04 17:00:00,151836.342,4640.269,1585.312
2020-05-04 18:00:00,150315.806,4131.773,1584.339
2020-05-04 19:00:00,148777.964,2825.36,1553.161
2020-05-04 20:00:00,148739.396,2206.873,1519.785
2020-05-04 21:00:00,150779.71600000001,2790.31,1365.16
2020-05-04 22:00:00,151670.036,4257.671,751.935
2020-05-04 23:00:00,150424.19,4453.329,116.652
2020-05-05 00:00:00,152315.792,4225.939,2.992
2020-05-05 01:00:00,149614.928,4341.488,3.186
2020-05-05 02:00:00,141423.562,4325.563,3.095
2020-05-05 03:00:00,132777.396,4466.384,-3.138
2020-05-05 04:00:00,125874.594,3907.025,-3.017
2020-05-05 05:00:00,121592.222,3456.359,-2.99
2020-05-05 06:00:00,119376.306,4224.091,-3.038
2020-05-05 07:00:00,118962.082,4412.092,-3.034
2020-05-05 08:00:00,121021.236,4125.563,-2.995
2020-05-05 09:00:00,126835.64600000001,4451.636,-2.372
2020-05-05 10:00:00,134691.038,4598.611,56.832
2020-05-05 11:00:00,142289.018,4100.424,360.172
2020-05-05 12:00:00,147723.664,3602.732,697.286
2020-05-05 13:00:00,149796.692,3152.573,882.599
2020-05-05 14:00:00,151091.74,3082.994,1036.687
2020-05-05 15:00:00,152162.048,3534.553,977.069
2020-05-05 16:00:00,153223.468,3833.468,900.66
2020-05-05 17:00:00,153953.19,3777.823,759.996
2020-05-05 18:00:00,152289.532,3802.11,859.027
2020-05-05 19:00:00,148964.956,3437.119,1061.583
2020-05-05 20:00:00,149374.348,3000.933,724.961
2020-05-05 21:00:00,151598.796,2682.619,382.32
2020-05-05 22:00:00,152498.492,2290.553,180.008
2020-05-05 23:00:00,152822.848,2380.335,27.599
2020-05-06 00:00:00,154244.028,2256.845,-3.146
2020-05-06 01:00:00,151419.548,2164.95,-3.202
2020-05-06 02:00:00,144234.164,2013.743,-3.062
2020-05-06 03:00:00,136703.874,1550.668,-3.061
2020-05-06 04:00:00,130828.618,1437.933,-3.183
2020-05-06 05:00:00,127216.006,1234.887,-3.142
2020-05-06 06:00:00,125003.756,1295.011,-3.351
2020-05-06 07:00:00,124593.534,1401.596,-3.038
2020-05-06 08:00:00,126448.458,1865.939,-3.112
2020-05-06 09:00:00,131954.49,2358.668,-2.608
2020-05-06 10:00:00,140411.448,3051.8,17.092
2020-05-06 11:00:00,148501.868,3356.143,132.094
2020-05-06 12:00:00,154378.04200000002,2766.922,264.192
2020-05-06 13:00:00,157061.11,2385.465,398.83
2020-05-06 14:00:00,158006.074,2443.58,671.532
2020-05-06 15:00:00,158298.046,2753.8,755.405
2020-05-06 16:00:00,158195.026,2758.95,810.599
2020-05-06 17:00:00,157210.02,2798.505,907.535
2020-05-06 18:00:00,154840.854,2897.489,841.31
2020-05-06 19:00:00,153049.478,2907.872,757.295
2020-05-06 20:00:00,152378.406,2992.148,599.449
2020-05-06 21:00:00,153835.944,3088.039,397.63
2020-05-06 22:00:00,153383.712,2995.41,331.567
2020-05-06 23:00:00,153289.928,2516.944,60.269
2020-05-07 00:00:00,155168.29,2032.83,-3.12
2020-05-07 01:00:00,153862.748,2450.888,-3.242
2020-05-07 02:00:00,147179.388,2763.658,-3.114
2020-05-07 03:00:00,140285.206,2819.771,-3.194
2020-05-07 04:00:00,134743.788,3068.361,-3.137
2020-05-07 05:00:00,131584.092,3171.328,-3.116
2020-05-07 06:00:00,130003.322,3316.287,-3.189
2020-05-07 07:00:00,130358.844,3924.803,-3.16
2020-05-07 08:00:00,133374.652,4197.398,-3.129
2020-05-07 09:00:00,139812.936,4421.081,-2.346
2020-05-07 10:00:00,147449.488,4747.467,84.616
2020-05-07 11:00:00,153205.98,4345.426,693.655
2020-05-07 12:00:00,153735.03,3453.528,1255.121
2020-05-07 13:00:00,152091.936,2866.6,1508.806
2020-05-07 14:00:00,150074.302,2857.4,1679.365
2020-05-07 15:00:00,149120.226,3271.384,1722.203
2020-05-07 16:00:00,148336.522,4466.981,1691.396
2020-05-07 17:00:00,146735.588,6104.786,1717.938
2020-05-07 18:00:00,144334.912,6568.073,1698.356
2020-05-07 19:00:00,142105.426,6336.469,1629.292
2020-05-07 20:00:00,142483.92,6291.363,1530.11
2020-05-07 21:00:00,144549.024,6157.407,1396.777
2020-05-07 22:00:00,145892.368,5888.333,834.456
2020-05-07 23:00:00,146272.022,4969.263,134.439
2020-05-08 00:00:00,149272.236,3756.321,-2.012
2020-05-08 01:00:00,148200.03399999999,3227.239,-3.132
2020-05-08 02:00:00,141098.958,3137.594,-3.223
2020-05-08 03:00:00,133790.678,3329.012,-3.102
2020-05-08 04:00:00,127633.64600000001,3780.219,-3.247
2020-05-08 05:00:00,123904.858,3913.504,-3.033
2020-05-08 06:00:00,122120.398,3739.453,-3.123
2020-05-08 07:00:00,121960.242,3426.592,-3.113
2020-05-08 08:00:00,124127.57,3070.234,-2.958
2020-05-08 09:00:00,129619.396,3053.576,-2.353
2020-05-08 10:00:00,137013.454,3539.746,95.214
2020-05-08 11:00:00,144025.766,4242.691,697.585
2020-05-08 12:00:00,149380.648,5748.476,1178.816
2020-05-08 13:00:00,152824.18,6422.103,1252.509
2020-05-08 14:00:00,154357.862,6566.855,1308.753
2020-05-08 15:00:00,155889.576,6601.961,1295.714
2020-05-08 16:00:00,157394.554,6590.184,1053.234
2020-05-08 17:00:00,157136.95799999998,6373.93,907.204
2020-05-08 18:00:00,155436.912,6335.281,754.941
2020-05-08 19:00:00,153848.312,6320.973,477.808
2020-05-08 20:00:00,153716.61,6221.719,268.653
2020-05-08 21:00:00,154704.972,5972.674,178.718
2020-05-08 22:00:00,154765.866,5759.376,77.977
2020-05-08 23:00:00,154334.686,5946.026,19.469
2020-05-09 00:00:00,155717.026,5458.1,-2.197
2020-05-09 01:00:00,154422.77,4561.864,-3.274
2020-05-09 02:00:00,149343.696,3947.074,-3.108
2020-05-09 03:00:00,143357.996,3220.434,-3.157
2020-05-09 04:00:00,138931.906,2952.815,-3.274
2020-05-09 05:00:00,136337.236,2878.417,-3.173
2020-05-09 06:00:00,135387.176,2680.189,-3.203
2020-05-09 07:00:00,135646.842,2532.069,-3.163
2020-05-09 08:00:00,137500.364,2393.869,-2.939
2020-05-09 09:00:00,141168.596,2341.511,-1.53
2020-05-09 10:00:00,144336.462,2380.856,118.919
2020-05-09 11:00:00,146787.73,2476.137,881.496
2020-05-09 12:00:00,148163.258,2495.731,1482.681
2020-05-09 13:00:00,149301.316,3060.574,1659.504
2020-05-09 14:00:00,149139.182,3152.546,1731.127
2020-05-09 15:00:00,148835.942,3012.821,1720.293
2020-05-09 16:00:00,147852.492,3267.689,1624.353
2020-05-09 17:00:00,145834.798,3619.754,1512.225
2020-05-09 18:00:00,143110.966,3818.663,1436.934
2020-05-09 19:00:00,141137.962,4025.065,1354.481
2020-05-09 20:00:00,141160.412,4215.075,1239.759
2020-05-09 21:00:00,143293.818,4247.116,1136.051
2020-05-09 22:00:00,144852.746,4180.428,785.911
2020-05-09 23:00:00,146880.724,3719.34,151.542
2020-05-10 00:00:00,151510.152,2942.643,-2.91
2020-05-10 01:00:00,152787.886,3412.537,-3.114
2020-05-10 02:00:00,148417.998,4484.272,-3.312
2020-05-10 03:00:00,143219.206,5831.21,-3.183
2020-05-10 04:00:00,138451.59,6926.69,-3.066
2020-05-10 05:00:00,135499.102,6926.055,-3.253
2020-05-10 06:00:00,134364.242,6511.516,-3.36
2020-05-10 07:00:00,134197.75400000002,6273.779,-3.256
2020-05-10 08:00:00,135188.68,6127.866,-2.891
2020-05-10 09:00:00,137324.384,5482.602,0.471
2020-05-10 10:00:00,138647.034,4803.58,131.902
2020-05-10 11:00:00,139248.588,4509.61,832.395
2020-05-10 12:00:00,139319.862,4616.977,1427.283
2020-05-10 13:00:00,139127.13,5334.963,1617.048
2020-05-10 14:00:00,137821.582,6289.872,1735.123
2020-05-10 15:00:00,135929.806,6413.176,1788.869
2020-05-10 16:00:00,134248.28,6017.474,1784.929
2020-05-10 17:00:00,131141.114,6435.824,1781.212
2020-05-10 18:00:00,128865.686,6512.03,1770.207
2020-05-10 19:00:00,128185.83799999999,6734.01,1694.537
2020-05-10 20:00:00,129796.558,7191.753,1568.325
2020-05-10 21:00:00,133013.136,7130.324,1382.437
2020-05-10 22:00:00,135699.93,6642.976,852.299
2020-05-10 23:00:00,138120.772,5747.602,145.083
2020-05-11 00:00:00,142346.35,4327.281,-2.714
2020-05-11 01:00:00,142181.774,3322.393,-3.119
2020-05-11 02:00:00,137183.862,3215.922,-3.337
2020-05-11 03:00:00,131107.358,3279.586,-3.256
2020-05-11 04:00:00,126138.774,3291.23,-3.146
2020-05-11 05:00:00,123561.582,3182.446,-3.122
2020-05-11 06:00:00,122702.248,3412.992,-3.14
2020-05-11 07:00:00,123048.648,3159.572,-3.158
2020-05-11 08:00:00,126290.89600000001,2970.784,-3.126
2020-05-11 09:00:00,132728.412,3004.068,-2.478
2020-05-11 10:00:00,141811.808,2980.483,84.485
2020-05-11 11:00:00,150076.936,3235.928,579.173
2020-05-11 12:00:00,156241.826,3279.542,805.583
2020-05-11 13:00:00,158321.634,3536.652,993.382
2020-05-11 14:00:00,159682.806,3837.272,1260.969
2020-05-11 15:00:00,160553.318,4171.371,1429.495
2020-05-11 16:00:00,160283.514,4477.521,1417.131
2020-05-11 17:00:00,159018.018,4614.192,1447.993
2020-05-11 18:00:00,156371.106,4333.09,1537.422
2020-05-11 19:00:00,154260.94400000002,3976.393,1477.301
2020-05-11 20:00:00,154150.058,3528.308,1285.723
2020-05-11 21:00:00,156407.392,3334.696,1061.71
2020-05-11 22:00:00,157495.016,3049.352,711.304
2020-05-11 23:00:00,157949.118,2615.193,143.805
2020-05-12 00:00:00,160017.974,2032.24,-2.822
2020-05-12 01:00:00,157743.606,1851.239,-3.143
2020-05-12 02:00:00,150879.21,1880.284,-3.194
2020-05-12 03:00:00,143169.082,1941.481,-3.397
2020-05-12 04:00:00,137725.212,2128.534,-3.208
2020-05-12 05:00:00,134574.44,2403.594,-3.148
2020-05-12 06:00:00,133152.674,2580.099,-3.269
2020-05-12 07:00:00,133259.68,2601.385,-3.117
2020-05-12 08:00:00,136019.674,2473.103,-2.687
2020-05-12 09:00:00,142945.838,2477.05,-1.347
2020-05-12 10:00:00,150738.692,2383.793,111.193
2020-05-12 11:00:00,156989.37,2322.961,668.706
2020-05-12 12:00:00,158655.722,2002.617,1282.371
2020-05-12 13:00:00,157291.14,1853.969,1495.424
2020-05-12 14:00:00,156793.164,2127.741,1524.26
2020-05-12 15:00:00,155818.842,1943.954,1585.511
2020-05-12 16:00:00,154671.292,2000.169,1602.832
2020-05-12 17:00:00,151971.814,2275.756,1612.224
2020-05-12 18:00:00,149169.54,2545.552,1662.802
2020-05-12 19:00:00,146480.29,2669.347,1615.62
2020-05-12 20:00:00,146283.128,2725.091,1490.268
2020-05-12 21:00:00,147794.574,2546.946,1272.028
2020-05-12 22:00:00,149034.512,2357.443,772.219
2020-05-12 23:00:00,149730.486,2100.276,163.5
2020-05-13 00:00:00,152103.486,1472.102,-2.471
2020-05-13 01:00:00,152125.03,1256.015,-3.283
2020-05-13 02:00:00,145642.472,1440.206,-3.196
2020-05-13 03:00:00,138615.164,1785.54,-3.295
2020-05-13 04:00:00,133384.836,2433.804,-3.133
2020-05-13 05:00:00,130608.72,2350.639,-3.179
2020-05-13 06:00:00,129741.896,1542.755,-3.145
2020-05-13 07:00:00,130332.564,1042.56,-3.176
2020-05-13 08:00:00,133340.644,844.256,-2.679
2020-05-13 09:00:00,140294.892,810.317,-0.047
2020-05-13 10:00:00,148299.776,883.788,104.768
2020-05-13 11:00:00,154289.228,1256.42,510.694
2020-05-13 12:00:00,155085.17,1203.721,958.714
2020-05-13 13:00:00,154159.282,1495.23,1191.149
2020-05-13 14:00:00,152616.218,2624.407,1372.112
2020-05-13 15:00:00,150991.61,4147.344,1623.457
2020-05-13 16:00:00,150276.028,5037.423,1667.718
2020-05-13 17:00:00,148963.624,5116.635,1586.886
2020-05-13 18:00:00,147023.392,5127.43,1558.481
2020-05-13 19:00:00,144915.136,5323.862,1467.635
2020-05-13 20:00:00,145110.622,5448.791,1385.367
2020-05-13 21:00:00,147216.922,5226.228,1193.919
2020-05-13 22:00:00,148382.726,5119.696,742.039
2020-05-13 23:00:00,148771.69,4905.289,144.615
2020-05-14 00:00:00,151246.848,4391.966,-2.808
2020-05-14 01:00:00,150083.61,3945.508,-3.249
2020-05-14 02:00:00,142272.46,3862.758,-3.039
2020-05-14 03:00:00,134521.132,3637.65,-3.322
2020-05-14 04:00:00,128040.074,3135.058,-3.247
2020-05-14 05:00:00,124519.222,2872.419,-3.304
2020-05-14 06:00:00,122654.088,2713.697,-3.215
2020-05-14 07:00:00,122419.344,3067.215,-3.206
2020-05-14 08:00:00,124654.594,3429.668,-2.781
2020-05-14 09:00:00,130328.058,3880.481,0.526
2020-05-14 10:00:00,137731.032,4110.327,52.754
2020-05-14 11:00:00,144997.944,4721.817,195.428
2020-05-14 12:00:00,149261.53,5012.702,441.662
2020-05-14 13:00:00,150771.96600000001,4895.696,725.356
2020-05-14 14:00:00,151526.068,4940.445,1088.528
2020-05-14 15:00:00,151557.108,5558.626,1387.604
2020-05-14 16:00:00,152025.962,6311.315,1526.327
2020-05-14 17:00:00,152258.354,6081.578,1511.085
2020-05-14 18:00:00,152028.806,5311.854,1417.679
2020-05-14 19:00:00,151381.112,4528.976,1249.918
2020-05-14 20:00:00,151871.586,3909.923,1102.886
2020-05-14 21:00:00,154104.646,3220.335,1128.596
2020-05-14 22:00:00,154671.106,2573.135,723.326
2020-05-14 23:00:00,153842.084,2195.035,137.161
2020-05-15 00:00:00,155377.538,2039.5,2.16
2020-05-15 01:00:00,153491.346,3321.915,0.69
2020-05-15 02:00:00,145389.854,3994.155,0.56
2020-05-15 03:00:00,136761.378,5318.726,0.588
2020-05-15 04:00:00,129295.946,6186.972,0.509
2020-05-15 05:00:00,124354.198,5814.215,0.595
2020-05-15 06:00:00,121044.224,4897.189,0.635
2020-05-15 07:00:00,119439.068,4103.601,0.721
2020-05-15 08:00:00,120325.738,3467.217,0.58
2020-05-15 09:00:00,124467.93,2950.022,0.681
2020-05-15 10:00:00,130536.894,3063.086,103.769
2020-05-15 11:00:00,138761.808,2858.98,651.21
2020-05-15 12:00:00,145677.992,2941.316,1065.208
2020-05-15 13:00:00,149817.53,3277.298,1290.957
2020-05-15 14:00:00,153916.234,3252.608,1450.177
2020-05-15 15:00:00,157564.78,2725.494,1586.894
2020-05-15 16:00:00,160263.448,2937.96,1683.815
2020-05-15 17:00:00,162865.7,2683.293,1626.641
2020-05-15 18:00:00,164677.606,2422.984,1606.751
2020-05-15 19:00:00,166182.64,2388.362,1508.662
2020-05-15 20:00:00,167787.234,2157.178,1326.82
2020-05-15 21:00:00,170171.032,1875.441,1101.667
2020-05-15 22:00:00,169639.564,1657.056,708.043
2020-05-15 23:00:00,167026.8,1485.125,154.519
2020-05-16 00:00:00,165664.81,1486.196,12.031
2020-05-16 01:00:00,162969.554,1348.248,9.661
2020-05-16 02:00:00,154530.772,1299.748,9.345
2020-05-16 03:00:00,144306.466,1263.313,9.42
2020-05-16 04:00:00,135260.872,1165.353,9.407
2020-05-16 05:00:00,128571.308,1185.923,9.394
2020-05-16 06:00:00,123736.942,1279.293,9.523
2020-05-16 07:00:00,120794.618,1377.692,9.562
2020-05-16 08:00:00,119498.358,1412.541,9.474
2020-05-16 09:00:00,119783.628,1565.597,10.074
2020-05-16 10:00:00,120108.338,1926.132,127.569
2020-05-16 11:00:00,123718.802,1880.147,756.237
2020-05-16 12:00:00,130243.746,1626.666,1318.927
2020-05-16 13:00:00,136284.246,1238.785,1494.45
2020-05-16 14:00:00,141673.712,1381.305,1664.883
2020-05-16 15:00:00,145612.958,1590.556,1753.338
2020-05-16 16:00:00,148780.874,1943.492,1736.776
2020-05-16 17:00:00,150975.118,2063.473,1694.416
2020-05-16 18:00:00,152822.45,1912.832,1596.018
2020-05-16 19:00:00,155048.89,2109.93,1499.757
2020-05-16 20:00:00,157714.632,2520.867,1351.738
2020-05-16 21:00:00,159960.332,3118.653,1104.545
2020-05-16 22:00:00,159384.524,3352.637,702.084
2020-05-16 23:00:00,156821.24599999998,3509.832,138.015
2020-05-17 00:00:00,155798.886,3807.091,10.077
2020-05-17 01:00:00,153419.228,4077.46,-3.372
2020-05-17 02:00:00,145518.88199999998,4273.993,-3.105
2020-05-17 03:00:00,136280.462,4429.969,-3.283
2020-05-17 04:00:00,128218.27799999999,4036.106,-3.136
2020-05-17 05:00:00,122053.97,3781.845,-4.015
2020-05-17 06:00:00,117533.932,3635.61,-3.131
2020-05-17 07:00:00,114906.84,3613.924,-3.003
2020-05-17 08:00:00,113712.07,3663.291,-2.781
2020-05-17 09:00:00,113693.312,3708.631,-1.746
2020-05-17 10:00:00,113635.69,4117.374,92.107
2020-05-17 11:00:00,116407.124,4220.148,546.137
2020-05-17 12:00:00,122046.506,4052.439,1053.061
2020-05-17 13:00:00,128096.512,3927.232,1132.578
2020-05-17 14:00:00,133897.44,3638.855,1161.127
2020-05-17 15:00:00,138503.426,3777.752,1318.056
2020-05-17 16:00:00,142224.44400000002,4388.21,1342.46
2020-05-17 17:00:00,144512.418,4853.335,1398.219
2020-05-17 18:00:00,146051.462,4955.887,1302.421
2020-05-17 19:00:00,147411.214,4661.819,1227.4
2020-05-17 20:00:00,149751.794,4480.865,1100.529
2020-05-17 21:00:00,152868.63199999998,4480.429,936.498
2020-05-17 22:00:00,153480.596,3980.018,562.827
2020-05-17 23:00:00,152846.996,3706.861,118.613
2020-05-18 00:00:00,153493.654,4003.806,-2.702
2020-05-18 01:00:00,150594.508,3562.416,-3.103
2020-05-18 02:00:00,143381.732,3091.56,-3.925
2020-05-18 03:00:00,134235.312,2876.914,-3.184
2020-05-18 04:00:00,126980.974,2340.585,-3.236
2020-05-18 05:00:00,122153.54000000001,2360.517,-3.315
2020-05-18 06:00:00,118989.898,2174.966,-3.193
2020-05-18 07:00:00,117678.444,1825.367,-3.169
2020-05-18 08:00:00,118857.704,1780.155,-3.209
2020-05-18 09:00:00,123544.326,1977.814,-2.21
2020-05-18 10:00:00,130547.248,1965.873,21.627
2020-05-18 11:00:00,139494.264,1659.289,94.924
2020-05-18 12:00:00,147479.7,1511.725,207.919
2020-05-18 13:00:00,152828.958,1282.746,326.169
2020-05-18 14:00:00,156413.616,1154.656,465.763
2020-05-18 15:00:00,158774.012,1248.982,584.941
2020-05-18 16:00:00,160843.604,1304.438,734.043
2020-05-18 17:00:00,161345.126,1315.628,768.232
2020-05-18 18:00:00,160532.172,1672.362,699.4
2020-05-18 19:00:00,159436.684,1744.495,559.681
2020-05-18 20:00:00,158438.04,1720.472,480.682
2020-05-18 21:00:00,159585.26,1583.441,297.144
2020-05-18 22:00:00,158922.528,1594.134,144.204
2020-05-18 23:00:00,156941.282,1744.335,34.863
2020-05-19 00:00:00,157361.34399999998,2157.948,-2.569
2020-05-19 01:00:00,154110.974,2543.205,-3.087
2020-05-19 02:00:00,145760.338,2975.723,-3.055
2020-05-19 03:00:00,136835.298,3471.631,-3.171
2020-05-19 04:00:00,129172.976,3624.028,-3.078
2020-05-19 05:00:00,124251.636,3513.005,-2.895
2020-05-19 06:00:00,121630.474,3861.283,-3.11
2020-05-19 07:00:00,120062.796,4228.859,-3.113
2020-05-19 08:00:00,120913.334,4576.485,-3.156
2020-05-19 09:00:00,125365.45,4664.619,-1.996
2020-05-19 10:00:00,132217.538,4579.562,54.957
2020-05-19 11:00:00,140350.104,4541.529,221.742
2020-05-19 12:00:00,146833.758,4781.018,431.971
2020-05-19 13:00:00,149908.248,5137.045,600.222
2020-05-19 14:00:00,151925.956,5240.238,758.517
2020-05-19 15:00:00,153335.39,5255.058,839.209
2020-05-19 16:00:00,154535.102,5311.326,839.36
2020-05-19 17:00:00,154544.838,5388.919,875.802
2020-05-19 18:00:00,153136.708,5398.642,813.75
2020-05-19 19:00:00,151903.782,5883.563,695.203
2020-05-19 20:00:00,152373.854,6353.466,500.031
2020-05-19 21:00:00,153711.604,6668.744,305.654
2020-05-19 22:00:00,153648.148,6710.041,159.128
2020-05-19 23:00:00,152759.662,6780.237,65.748
2020-05-20 00:00:00,153856.39,6977.558,30.951
2020-05-20 01:00:00,151234.41,6870.927,-3.028
2020-05-20 02:00:00,143012.536,6823.834,16.424
2020-05-20 03:00:00,134796.138,6606.217,-3.046
2020-05-20 04:00:00,128280.69,6208.524,-3.112
2020-05-20 05:00:00,123457.454,5621.102,-2.489
2020-05-20 06:00:00,120974.424,5440.446,-1.302
2020-05-20 07:00:00,119948.474,5389.421,-0.285
2020-05-20 08:00:00,121762.814,5453.486,1.857
2020-05-20 09:00:00,127276.808,5218.922,3.276
2020-05-20 10:00:00,134801.14,4984.8,44.246
2020-05-20 11:00:00,143260.494,4694.296,164.333
2020-05-20 12:00:00,149528.04,4621.715,353.029
2020-05-20 13:00:00,152051.236,4600.382,505.32
2020-05-20 14:00:00,153398.27,4326.293,683.969
2020-05-20 15:00:00,154086.836,4192.639,912.267
2020-05-20 16:00:00,154578.05,4489.779,889.091
2020-05-20 17:00:00,153626.956,4953.418,842.988
2020-05-20 18:00:00,152229.38,5206.239,795.061
2020-05-20 19:00:00,150435.806,5366.128,667.437
2020-05-20 20:00:00,150135.674,5289.18,511.841
2020-05-20 21:00:00,152074.428,4957.476,347.277
2020-05-20 22:00:00,152537.044,5002.684,190.581
2020-05-20 23:00:00,151540.01,5084.259,-39.928
2020-05-21 00:00:00,153007.08000000002,4652.021,-2.324
2020-05-21 01:00:00,152126.164,4563.329,-3.159
2020-05-21 02:00:00,144728.618,4573.26,-3.142
2020-05-21 03:00:00,136371.28399999999,4199.81,-3.205
2020-05-21 04:00:00,129728.502,4097.228,-3.999
2020-05-21 05:00:00,125295.976,3789.785,-3.099
2020-05-21 06:00:00,122751.964,3530.019,-3.01
2020-05-21 07:00:00,121773.85,3221.782,-2.957
2020-05-21 08:00:00,123477.326,3237.597,-3.133
2020-05-21 09:00:00,128720.436,2864.051,83.185
2020-05-21 10:00:00,135739.722,2773.577,56.627
2020-05-21 11:00:00,143622.53399999999,2442.309,217.323
2020-05-21 12:00:00,148414.54200000002,1858.176,448.19
2020-05-21 13:00:00,150520.816,1605.038,795.344
2020-05-21 14:00:00,151513.072,1466.757,899.424
2020-05-21 15:00:00,152414.134,1636.458,940.755
2020-05-21 16:00:00,153325.248,1877.326,996.768
2020-05-21 17:00:00,153630.03,2305.666,983.758
2020-05-21 18:00:00,152858.73,2415.209,855.045
2020-05-21 19:00:00,152039.61,2462.415,695.146
2020-05-21 20:00:00,152173.648,2156.381,604.684
2020-05-21 21:00:00,153836.538,1801.963,416.522
2020-05-21 22:00:00,153818.064,1519.584,207.813
2020-05-21 23:00:00,152978.998,1300.0,46.432
2020-05-22 00:00:00,153650.99,1352.144,4.047
2020-05-22 01:00:00,152451.116,1269.79,3.373
2020-05-22 02:00:00,144505.802,1230.408,2.336
2020-05-22 03:00:00,135492.758,1259.537,3.55
2020-05-22 04:00:00,127969.906,1263.455,-3.094
2020-05-22 05:00:00,123134.61,1212.861,-2.912
2020-05-22 06:00:00,120282.908,1227.446,-3.152
2020-05-22 07:00:00,119133.37,1142.592,-3.117
2020-05-22 08:00:00,119975.728,939.733,-2.637
2020-05-22 09:00:00,123998.994,786.545,-0.041
2020-05-22 10:00:00,130376.92,632.324,45.606
2020-05-22 11:00:00,138091.084,522.443,184.446
2020-05-22 12:00:00,144710.698,378.052,551.466
2020-05-22 13:00:00,149060.452,231.655,917.698
2020-05-22 14:00:00,152496.462,164.222,1178.935
2020-05-22 15:00:00,155590.868,228.428,1230.294
2020-05-22 16:00:00,157747.408,211.973,1251.962
2020-05-22 17:00:00,158547.378,188.912,1202.679
2020-05-22 18:00:00,158599.608,201.458,1174.352
2020-05-22 19:00:00,158046.108,238.613,1181.484
2020-05-22 20:00:00,158416.306,243.425,1082.161
2020-05-22 21:00:00,159237.528,269.728,961.493
2020-05-22 22:00:00,158446.396,288.765,638.679
2020-05-22 23:00:00,156288.26,408.944,88.749
2020-05-23 00:00:00,155704.826,535.4,-2.568
2020-05-23 01:00:00,153819.482,894.286,-4.066
2020-05-23 02:00:00,146165.862,1511.342,-3.174
2020-05-23 03:00:00,137312.696,1927.71,-3.022
2020-05-23 04:00:00,129213.13,2142.002,-3.049
2020-05-23 05:00:00,123252.45999999999,2308.585,-3.22
2020-05-23 06:00:00,119308.258,2569.409,-3.034
2020-05-23 07:00:00,116817.706,2865.35,-4.137
2020-05-23 08:00:00,116039.01,2958.848,-2.855
2020-05-23 09:00:00,116656.744,2886.088,-2.796
2020-05-23 10:00:00,117624.592,2725.274,67.175
2020-05-23 11:00:00,121599.468,2631.765,372.181
2020-05-23 12:00:00,128394.708,2086.988,881.862
2020-05-23 13:00:00,135357.998,1597.177,1075.17
2020-05-23 14:00:00,141232.624,1944.408,1230.712
2020-05-23 15:00:00,146649.684,2616.72,1324.988
2020-05-23 16:00:00,150647.258,2984.706,1374.343
2020-05-23 17:00:00,153385.204,3135.816,1348.6
2020-05-23 18:00:00,155291.974,3562.698,1351.771
2020-05-23 19:00:00,158085.328,3814.479,1231.58
2020-05-23 20:00:00,161225.352,3191.435,1112.934
2020-05-23 21:00:00,163952.184,3372.44,960.066
2020-05-23 22:00:00,164249.944,3993.953,685.993
2020-05-23 23:00:00,161254.068,3580.364,172.09
2020-05-24 00:00:00,159123.028,3563.051,-1.2
2020-05-24 01:00:00,156491.3,3362.389,-3.03
2020-05-24 02:00:00,148642.416,3135.262,-3.031
2020-05-24 03:00:00,139154.032,3075.325,-3.058
2020-05-24 04:00:00,130350.708,3057.736,-4.029
2020-05-24 05:00:00,123701.67199999999,2882.142,-3.177
2020-05-24 06:00:00,118900.284,2762.512,-3.05
2020-05-24 07:00:00,115827.172,2596.363,-3.034
2020-05-24 08:00:00,114254.038,2368.422,-2.59
2020-05-24 09:00:00,114126.26,2125.449,-0.776
2020-05-24 10:00:00,113549.35,1983.793,68.584
2020-05-24 11:00:00,116684.686,1768.285,326.888
2020-05-24 12:00:00,123757.116,1329.851,619.868
2020-05-24 13:00:00,131689.176,998.929,810.852
2020-05-24 14:00:00,138274.152,680.009,978.837
2020-05-24 15:00:00,144391.38,504.96,1128.518
2020-05-24 16:00:00,149229.3,467.76,1209.314
2020-05-24 17:00:00,152883.172,811.537,1251.131
2020-05-24 18:00:00,156089.058,820.192,1229.747
2020-05-24 19:00:00,159199.06,855.129,1107.067
2020-05-24 20:00:00,162212.882,835.143,962.875
2020-05-24 21:00:00,165023.174,1064.912,764.417
2020-05-24 22:00:00,165840.678,1659.933,472.028
2020-05-24 23:00:00,164191.134,2282.966,78.886
2020-05-25 00:00:00,162538.696,2660.061,-2.306
2020-05-25 01:00:00,160336.33000000002,3602.742,-2.886
2020-05-25 02:00:00,153168.378,3919.924,-3.958
2020-05-25 03:00:00,143685.536,3487.855,-3.074
2020-05-25 04:00:00,134546.616,4133.893,-2.976
2020-05-25 05:00:00,127311.488,4243.523,-2.985
2020-05-25 06:00:00,122323.656,4066.112,-3.025
2020-05-25 07:00:00,119345.53,2785.527,-2.966
2020-05-25 08:00:00,118138.122,2045.234,-2.685
2020-05-25 09:00:00,118591.694,1786.453,-1.478
2020-05-25 10:00:00,118784.99,1672.961,24.922
2020-05-25 11:00:00,122754.14,1526.006,114.216
2020-05-25 12:00:00,130849.412,1051.184,237.339
2020-05-25 13:00:00,140555.914,882.242,374.108
2020-05-25 14:00:00,149618.96,986.424,581.226
2020-05-25 15:00:00,157505.44,881.953,796.445
2020-05-25 16:00:00,163540.116,734.668,964.473
2020-05-25 17:00:00,167174.988,819.229,1198.739
2020-05-25 18:00:00,170015.418,905.108,1319.79
2020-05-25 19:00:00,173065.674,1307.455,1403.525
2020-05-25 20:00:00,177287.992,1726.376,1307.32
2020-05-25 21:00:00,180245.396,1574.293,1063.507
2020-05-25 22:00:00,179444.962,1780.739,632.755
2020-05-25 23:00:00,176089.65,1677.185,143.859
2020-05-26 00:00:00,173466.596,1756.533,-0.953
2020-05-26 01:00:00,170678.176,2011.507,-3.092
2020-05-26 02:00:00,161639.228,2299.149,-3.062
2020-05-26 03:00:00,149998.232,2397.38,-2.829
2020-05-26 04:00:00,139777.554,1880.612,-3.162
2020-05-26 05:00:00,132706.196,1279.75,-2.972
2020-05-26 06:00:00,127672.77,1449.413,-3.094
2020-05-26 07:00:00,124870.854,1409.291,-4.064
2020-05-26 08:00:00,125004.866,1365.57,-2.712
2020-05-26 09:00:00,128966.69399999999,1654.795,-1.657
2020-05-26 10:00:00,135781.236,2208.392,35.922
2020-05-26 11:00:00,147313.918,2259.385,159.186
2020-05-26 12:00:00,159044.158,1593.281,303.523
2020-05-26 13:00:00,169120.9,1301.857,507.609
2020-05-26 14:00:00,177488.962,1368.442,763.778
2020-05-26 15:00:00,185559.524,1245.221,1033.356
2020-05-26 16:00:00,193801.968,1307.277,1199.029
2020-05-26 17:00:00,200786.664,1447.715,1253.058
2020-05-26 18:00:00,206249.946,2167.166,1196.583
2020-05-26 19:00:00,210441.2,3094.919,1075.99
2020-05-26 20:00:00,213564.818,4291.183,862.696
2020-05-26 21:00:00,215853.488,4393.041,613.919
2020-05-26 22:00:00,214712.9,3922.608,348.94
2020-05-26 23:00:00,208654.048,3310.646,79.098
2020-05-27 00:00:00,201540.426,2853.824,-0.897
2020-05-27 01:00:00,195543.27,3008.515,-3.104
2020-05-27 02:00:00,182174.574,2788.049,-2.93
2020-05-27 03:00:00,167162.474,2379.686,-3.088
2020-05-27 04:00:00,154625.578,2495.618,-2.953
2020-05-27 05:00:00,145421.402,2359.751,-4.062
2020-05-27 06:00:00,139563.308,2282.634,-2.857
2020-05-27 07:00:00,135921.27,1955.251,-3.153
2020-05-27 08:00:00,135087.36,1453.334,-2.431
2020-05-27 09:00:00,138719.718,1125.125,0.062
2020-05-27 10:00:00,145026.488,1316.404,54.08
2020-05-27 11:00:00,154779.316,1229.521,218.784
2020-05-27 12:00:00,164294.104,1030.03,467.497
2020-05-27 13:00:00,172215.294,959.344,924.341
2020-05-27 14:00:00,179720.304,1230.119,1227.775
2020-05-27 15:00:00,188282.834,1599.216,1321.312
2020-05-27 16:00:00,196944.28399999999,1987.704,1262.575
2020-05-27 17:00:00,203611.436,2072.918,1228.191
2020-05-27 18:00:00,207875.298,2272.176,1146.161
2020-05-27 19:00:00,209744.282,2762.922,1015.238
2020-05-27 20:00:00,210372.914,2445.231,955.072
2020-05-27 21:00:00,209412.132,2741.685,582.461
2020-05-27 22:00:00,206438.048,2685.704,267.829
2020-05-27 23:00:00,200432.128,2794.533,57.917
2020-05-28 00:00:00,195635.932,2791.319,-0.527
2020-05-28 01:00:00,190865.098,2237.667,-2.756
2020-05-28 02:00:00,179075.616,1965.921,-4.09
2020-05-28 03:00:00,166112.914,1815.29,-2.971
2020-05-28 04:00:00,154950.428,1823.993,-2.907
2020-05-28 05:00:00,146525.946,1973.533,-3.096
2020-05-28 06:00:00,141685.516,1879.605,-3.006
2020-05-28 07:00:00,138576.174,1710.838,-3.022
2020-05-28 08:00:00,138289.676,1677.75,-3.018
2020-05-28 09:00:00,142315.354,1747.107,-3.224
2020-05-28 10:00:00,149564.654,1845.3,45.057
2020-05-28 11:00:00,159410.052,1779.795,155.504
2020-05-28 12:00:00,168629.346,1667.346,292.92
2020-05-28 13:00:00,175728.75,1618.85,451.985
2020-05-28 14:00:00,182180.05,1737.97,664.584
2020-05-28 15:00:00,188006.538,1852.435,834.965
2020-05-28 16:00:00,193880.142,2255.958,873.833
2020-05-28 17:00:00,199099.392,2801.838,758.839
2020-05-28 18:00:00,202665.676,3449.827,709.688
2020-05-28 19:00:00,205251.008,3442.493,557.041
2020-05-28 20:00:00,207255.446,3054.733,485.022
2020-05-28 21:00:00,208782.424,2824.004,414.236
2020-05-28 22:00:00,206704.182,2667.076,263.395
2020-05-28 23:00:00,201918.126,2746.605,75.977
2020-05-29 00:00:00,196106.844,2174.647,-1.391
2020-05-29 01:00:00,191286.278,1678.215,-2.989
2020-05-29 02:00:00,180003.442,2162.251,-3.112
2020-05-29 03:00:00,166765.276,1987.454,-3.012
2020-05-29 04:00:00,155462.338,1743.414,-3.181
2020-05-29 05:00:00,147565.678,2108.402,-2.875
2020-05-29 06:00:00,142024.054,2423.855,-4.178
2020-05-29 07:00:00,138984.488,2084.077,-2.873
2020-05-29 08:00:00,138634.09,1774.267,-3.143
2020-05-29 09:00:00,142121.834,1769.442,-2.413
2020-05-29 10:00:00,148598.148,1785.878,52.063
2020-05-29 11:00:00,159143.274,1525.291,178.431
2020-05-29 12:00:00,169845.934,1302.51,390.677
2020-05-29 13:00:00,178685.728,1252.353,674.611
2020-05-29 14:00:00,187301.786,1347.782,788.781
2020-05-29 15:00:00,194998.718,1742.79,992.102
2020-05-29 16:00:00,201451.202,2448.242,994.138
2020-05-29 17:00:00,206031.346,3377.874,1026.537
2020-05-29 18:00:00,206113.692,4150.57,803.798
2020-05-29 19:00:00,204815.03,4557.923,766.426
2020-05-29 20:00:00,203370.402,4802.109,544.812
2020-05-29 21:00:00,201486.148,5234.193,309.074
2020-05-29 22:00:00,196050.6,5174.547,142.669
2020-05-29 23:00:00,188811.782,5081.789,69.872
2020-05-30 00:00:00,182916.114,4641.799,0.271
2020-05-30 01:00:00,178079.12,3931.848,-2.842
2020-05-30 02:00:00,168163.334,3006.676,-3.012
2020-05-30 03:00:00,156113.056,2371.656,-4.064
2020-05-30 04:00:00,144676.998,1961.853,-2.918
2020-05-30 05:00:00,136565.128,1861.131,-3.256
2020-05-30 06:00:00,130772.724,1883.27,-3.036
2020-05-30 07:00:00,126934.37,1747.048,-2.988
2020-05-30 08:00:00,125368.044,1756.927,-3.075
2020-05-30 09:00:00,125041.894,1647.147,-1.172
2020-05-30 10:00:00,125273.596,1585.879,81.279
2020-05-30 11:00:00,130531.506,1211.663,347.704
2020-05-30 12:00:00,138728.638,646.038,674.159
2020-05-30 13:00:00,146593.106,461.844,906.523
2020-05-30 14:00:00,153089.786,665.106,1306.603
2020-05-30 15:00:00,157808.854,1276.511,1490.21
2020-05-30 16:00:00,161715.406,1669.669,1628.702
2020-05-30 17:00:00,164908.986,2164.094,1533.654
2020-05-30 18:00:00,167225.526,2477.613,1403.889
2020-05-30 19:00:00,169591.112,2775.4,1165.876
2020-05-30 20:00:00,172790.06,2940.585,936.477
2020-05-30 21:00:00,174859.336,3202.005,832.926
2020-05-30 22:00:00,173656.54,3054.749,447.112
2020-05-30 23:00:00,168778.722,3029.996,147.22
2020-05-31 00:00:00,163179.954,2965.956,5.235
2020-05-31 01:00:00,159982.65,2726.304,-2.943
2020-05-31 02:00:00,151661.938,2333.293,-2.923
2020-05-31 03:00:00,141570.806,2388.407,-2.739
2020-05-31 04:00:00,132068.464,2256.389,-3.001
2020-05-31 05:00:00,124711.588,2491.873,-2.858
2020-05-31 06:00:00,119267.674,2515.616,-3.035
2020-05-31 07:00:00,115864.202,2156.888,-2.922
2020-05-31 08:00:00,114215.486,2132.698,-3.874
2020-05-31 09:00:00,113475.984,2301.537,4.753
2020-05-31 10:00:00,112799.16,2551.618,126.232
2020-05-31 11:00:00,116033.696,2183.664,612.682
2020-05-31 12:00:00,121299.126,1844.242,1088.929
2020-05-31 13:00:00,127128.328,1729.492,1255.014
2020-05-31 14:00:00,131152.848,1553.075,1452.072
2020-05-31 15:00:00,134645.734,1308.893,1660.51
2020-05-31 16:00:00,137240.792,1210.749,1729.282
2020-05-31 17:00:00,138765.856,1195.206,1768.02
2020-05-31 18:00:00,140499.102,1235.718,1739.477
2020-05-31 19:00:00,143270.966,1250.355,1645.618
2020-05-31 20:00:00,147343.73,1162.492,1471.666
2020-05-31 21:00:00,151351.03,1122.319,1304.072
2020-05-31 22:00:00,152936.896,1063.247,950.84
2020-05-31 23:00:00,151197.962,935.201,264.01
2020-06-01 00:00:00,148507.782,923.41,3.076
2020-06-01 01:00:00,147609.318,1338.993,-2.972
2020-06-01 02:00:00,140257.61,1963.036,-2.861
2020-06-01 03:00:00,131442.402,2642.801,-3.005
2020-06-01 04:00:00,124152.294,2625.004,-3.053
2020-06-01 05:00:00,119157.512,2689.493,-3.927
2020-06-01 06:00:00,116371.734,2651.153,-3.115
2020-06-01 07:00:00,115358.808,2352.674,-2.897
2020-06-01 08:00:00,117010.67,2460.876,-2.828
2020-06-01 09:00:00,121968.472,2614.676,0.79
2020-06-01 10:00:00,128821.088,2692.79,185.608
2020-06-01 11:00:00,137547.46,2865.266,905.105
2020-06-01 12:00:00,144178.698,2310.2,1431.153
2020-06-01 13:00:00,148111.52000000002,2400.468,1620.477
2020-06-01 14:00:00,151181.626,2435.545,1767.489
2020-06-01 15:00:00,153818.898,2269.2,1755.568
2020-06-01 16:00:00,156312.714,2564.286,1736.125
2020-06-01 17:00:00,158091.556,3133.559,1659.094
2020-06-01 18:00:00,158800.638,3370.991,1603.656
2020-06-01 19:00:00,159693.694,3466.07,1570.661
2020-06-01 20:00:00,161801.512,3955.926,1482.694
2020-06-01 21:00:00,165233.728,4455.213,1368.228
2020-06-01 22:00:00,166164.964,4351.039,922.76
2020-06-01 23:00:00,163500.464,4609.012,240.648
2020-06-02 00:00:00,161183.412,4951.723,2.79
2020-06-02 01:00:00,159031.49,5172.738,-3.036
2020-06-02 02:00:00,150650.538,5004.722,-3.044
2020-06-02 03:00:00,140436.626,5174.586,-3.78
2020-06-02 04:00:00,131766.5,5374.507,-3.036
2020-06-02 05:00:00,126192.588,5294.724,-3.033
2020-06-02 06:00:00,122403.842,5508.998,-2.958
2020-06-02 07:00:00,120783.95,5426.342,-2.949
2020-06-02 08:00:00,121895.83,5265.759,-2.999
2020-06-02 09:00:00,126446.54,5498.802,0.526
2020-06-02 10:00:00,133543.86,5628.229,166.42
2020-06-02 11:00:00,142764.198,5676.18,550.311
2020-06-02 12:00:00,151274.74,5442.487,697.324
2020-06-02 13:00:00,157703.058,5727.866,607.288
2020-06-02 14:00:00,163685.286,6063.522,631.197
2020-06-02 15:00:00,168516.344,6105.606,865.919
2020-06-02 16:00:00,173803.53,5700.447,1207.032
2020-06-02 17:00:00,179114.61,5160.313,1336.546
2020-06-02 18:00:00,184006.564,5379.775,1436.432
2020-06-02 19:00:00,188834.726,6012.913,1388.138
2020-06-02 20:00:00,194238.34399999998,6338.78,1207.959
2020-06-02 21:00:00,200149.206,6584.536,1055.872
2020-06-02 22:00:00,202166.316,6560.015,690.859
2020-06-02 23:00:00,200106.48,6410.331,200.053
2020-06-03 00:00:00,195745.428,6321.607,3.892
2020-06-03 01:00:00,191746.044,6639.56,-4.044
2020-06-03 02:00:00,181056.862,6647.875,-2.949
2020-06-03 03:00:00,167569.51,6682.232,-3.1
2020-06-03 04:00:00,155719.324,6751.311,-3.069
2020-06-03 05:00:00,146917.178,6236.147,-2.943
2020-06-03 06:00:00,140578.76,5387.203,-3.052
2020-06-03 07:00:00,136573.26,4744.634,-2.986
2020-06-03 08:00:00,136398.08,4171.686,-3.894
2020-06-03 09:00:00,140040.958,3637.967,2.338
2020-06-03 10:00:00,146386.846,3592.188,121.901
2020-06-03 11:00:00,157006.814,3562.237,597.191
2020-06-03 12:00:00,168062.308,3129.213,1106.317
2020-06-03 13:00:00,178939.786,3369.335,1319.994
2020-06-03 14:00:00,189688.706,3787.423,1480.967
2020-06-03 15:00:00,199768.79,3600.344,1563.353
2020-06-03 16:00:00,206802.282,3555.959,1421.896
2020-06-03 17:00:00,211520.198,3261.622,1362.863
2020-06-03 18:00:00,214970.174,2954.069,1519.472
2020-06-03 19:00:00,218983.936,2744.271,1526.688
2020-06-03 20:00:00,224912.516,2289.781,1400.135
2020-06-03 21:00:00,229322.912,1978.109,1089.252
2020-06-03 22:00:00,228269.184,1842.369,703.228
2020-06-03 23:00:00,221237.356,1680.613,199.286
2020-06-04 00:00:00,212547.52,1380.262,1.239
2020-06-04 01:00:00,204928.068,1536.736,-3.001
2020-06-04 02:00:00,191626.956,1537.475,-2.826
2020-06-04 03:00:00,176157.244,1890.938,-2.881
2020-06-04 04:00:00,163377.752,1880.272,-2.93
2020-06-04 05:00:00,153526.702,2121.777,-3.866
2020-06-04 06:00:00,146972.588,2678.605,-2.94
2020-06-04 07:00:00,142564.15,2889.356,-2.866
2020-06-04 08:00:00,141379.552,2469.685,-2.825
2020-06-04 09:00:00,144487.756,2150.103,1.13
2020-06-04 10:00:00,151424.828,1547.165,152.938
2020-06-04 11:00:00,163273.036,1473.055,747.052
2020-06-04 12:00:00,175512.714,1189.249,1247.979
2020-06-04 13:00:00,187296.312,951.353,1520.033
2020-06-04 14:00:00,199993.854,1187.095,1630.138
2020-06-04 15:00:00,212074.106,1181.99,1666.034
2020-06-04 16:00:00,222414.194,972.448,1672.532
2020-06-04 17:00:00,230455.452,723.905,1658.744
2020-06-04 18:00:00,233986.346,680.835,1585.509
2020-06-04 19:00:00,235099.874,720.568,1502.977
2020-06-04 20:00:00,237633.76,776.323,1355.225
2020-06-04 21:00:00,237789.05599999998,657.411,1151.332
2020-06-04 22:00:00,233513.758,747.073,704.979
2020-06-04 23:00:00,224816.744,1048.453,136.57
2020-06-05 00:00:00,215884.704,834.704,1.668
2020-06-05 01:00:00,206738.374,1147.059,-2.924
2020-06-05 02:00:00,193421.274,1452.711,-4.074
2020-06-05 03:00:00,177913.678,1628.729,-10.855
2020-06-05 04:00:00,165008.148,1983.582,-2.933
2020-06-05 05:00:00,155363.834,1930.749,-2.961
2020-06-05 06:00:00,148714.47,1989.92,-2.908
2020-06-05 07:00:00,144840.264,1493.589,-3.065
2020-06-05 08:00:00,144190.404,1297.661,-2.936
2020-06-05 09:00:00,147286.306,1341.808,-2.667
2020-06-05 10:00:00,153622.76,1438.383,93.788
2020-06-05 11:00:00,164447.998,1149.813,397.445
2020-06-05 12:00:00,175846.51,875.969,730.295
2020-06-05 13:00:00,186850.358,460.942,1014.576
2020-06-05 14:00:00,197906.87,679.062,1209.79
2020-06-05 15:00:00,209139.756,1037.58,1212.723
2020-06-05 16:00:00,218636.176,1071.127,1243.816
2020-06-05 17:00:00,225945.268,859.852,1163.712
2020-06-05 18:00:00,230308.134,757.357,1040.967
2020-06-05 19:00:00,232898.016,943.399,964.472
2020-06-05 20:00:00,233476.902,1025.795,898.119
2020-06-05 21:00:00,231618.9,1280.434,775.379
2020-06-05 22:00:00,226030.724,1297.487,619.951
2020-06-05 23:00:00,218406.954,1413.575,179.607
2020-06-06 00:00:00,210586.204,1481.59,0.781
2020-06-06 01:00:00,203860.318,1810.353,-2.94
2020-06-06 02:00:00,191992.308,2174.196,-2.842
2020-06-06 03:00:00,177365.948,2333.692,-2.996
2020-06-06 04:00:00,164615.192,2396.603,-2.945
2020-06-06 05:00:00,154596.042,2596.97,-3.046
2020-06-06 06:00:00,147353.196,2665.726,-2.987
2020-06-06 07:00:00,142492.706,2506.715,-3.068
2020-06-06 08:00:00,140022.298,2242.292,-3.014
2020-06-06 09:00:00,139308.998,2302.226,-0.9
2020-06-06 10:00:00,139555.564,2100.843,70.155
2020-06-06 11:00:00,146623.628,1966.226,309.206
2020-06-06 12:00:00,159039.628,1649.317,554.125
2020-06-06 13:00:00,172267.13,1720.589,982.662
2020-06-06 14:00:00,185457.604,1452.806,1222.998
2020-06-06 15:00:00,196914.26,1582.878,1460.893
2020-06-06 16:00:00,206154.006,1637.613,1586.742
2020-06-06 17:00:00,212160.88,1712.176,1593.586
2020-06-06 18:00:00,216743.13,1772.934,1547.569
2020-06-06 19:00:00,220870.952,1863.455,1377.077
2020-06-06 20:00:00,223659.37,2120.007,1236.963
2020-06-06 21:00:00,225095.49,2274.145,1027.134
2020-06-06 22:00:00,222021.608,2560.566,663.198
2020-06-06 23:00:00,212516.446,2851.12,172.663
2020-06-07 00:00:00,200966.486,3453.493,3.85
2020-06-07 01:00:00,192595.43,4082.687,-3.038
2020-06-07 02:00:00,179666.52,4547.419,-2.848
2020-06-07 03:00:00,164588.462,4274.732,-3.041
2020-06-07 04:00:00,151219.808,3717.217,-2.899
2020-06-07 05:00:00,140991.366,3805.605,-2.946
2020-06-07 06:00:00,133994.93,3342.402,-3.002
2020-06-07 07:00:00,129004.834,2868.218,-2.976
2020-06-07 08:00:00,125597.648,2307.573,-3.979
2020-06-07 09:00:00,123689.184,2104.945,-0.047
2020-06-07 10:00:00,122781.954,2199.11,90.24
2020-06-07 11:00:00,127722.136,2006.696,385.613
2020-06-07 12:00:00,136285.03399999999,1743.328,887.234
2020-06-07 13:00:00,145315.366,1455.418,1399.773
2020-06-07 14:00:00,153509.014,1163.884,1692.821
2020-06-07 15:00:00,160528.554,993.183,1775.312
2020-06-07 16:00:00,167036.072,1086.579,1787.271
2020-06-07 17:00:00,171718.23200000002,1153.587,1757.528
2020-06-07 18:00:00,176586.432,1188.73,1732.347
2020-06-07 19:00:00,182002.194,1221.432,1632.005
2020-06-07 20:00:00,188256.52,1334.176,1512.82
2020-06-07 21:00:00,193404.318,1609.801,1323.18
2020-06-07 22:00:00,193973.656,1782.317,933.511
2020-06-07 23:00:00,189242.332,1863.713,284.338
2020-06-08 00:00:00,181269.542,1856.335,6.008
2020-06-08 01:00:00,175576.454,2129.066,-3.069
2020-06-08 02:00:00,164880.676,2774.09,-2.979
2020-06-08 03:00:00,151752.398,3256.816,-3.082
2020-06-08 04:00:00,140589.596,3189.599,-3.09
2020-06-08 05:00:00,133005.742,3365.366,-3.91
2020-06-08 06:00:00,128314.896,3379.18,-3.094
2020-06-08 07:00:00,125426.238,2788.489,-2.993
2020-06-08 08:00:00,125859.356,2457.816,-3.112
2020-06-08 09:00:00,129837.844,2746.637,0.464
2020-06-08 10:00:00,136582.396,3049.731,194.66
2020-06-08 11:00:00,147606.294,2694.738,892.023
2020-06-08 12:00:00,157934.55,2038.246,1426.344
2020-06-08 13:00:00,166706.63199999998,2185.924,1635.54
2020-06-08 14:00:00,174438.766,2700.997,1755.695
2020-06-08 15:00:00,182063.642,2544.283,1811.616
2020-06-08 16:00:00,189814.664,2298.754,1810.61
2020-06-08 17:00:00,197570.192,2405.627,1791.064
2020-06-08 18:00:00,204614.256,2680.457,1673.495
2020-06-08 19:00:00,210930.174,2972.848,1567.084
2020-06-08 20:00:00,217560.258,3236.431,1409.605
2020-06-08 21:00:00,222416.446,3426.624,1194.133
2020-06-08 22:00:00,221697.482,3468.941,785.58
2020-06-08 23:00:00,214464.462,3405.543,207.936
2020-06-09 00:00:00,204527.18,3165.023,4.061
2020-06-09 01:00:00,196846.046,3284.599,-3.079
2020-06-09 02:00:00,183476.166,3927.154,-3.135
2020-06-09 03:00:00,167671.79200000002,4604.315,-3.94
2020-06-09 04:00:00,154533.51,4703.068,-3.11
2020-06-09 05:00:00,144992.55,4567.727,-3.079
2020-06-09 06:00:00,138640.802,4654.94,-3.007
2020-06-09 07:00:00,135025.062,4589.883,-2.982
2020-06-09 08:00:00,135031.266,4519.88,-3.063
2020-06-09 09:00:00,137790.39,4363.082,1.202
2020-06-09 10:00:00,144887.946,4465.679,140.882
2020-06-09 11:00:00,156661.972,4213.545,511.517
2020-06-09 12:00:00,169417.532,4110.313,1096.45
2020-06-09 13:00:00,182031.6,4476.394,1484.051
2020-06-09 14:00:00,196295.20799999998,5001.36,1573.664
2020-06-09 15:00:00,210567.72,5557.081,1660.96
2020-06-09 16:00:00,223716.484,5868.856,1661.504
2020-06-09 17:00:00,235217.61,5972.571,1700.711
2020-06-09 18:00:00,243994.746,6044.733,1655.757
2020-06-09 19:00:00,249388.074,5798.782,1594.353
2020-06-09 20:00:00,252341.47,5875.877,1444.503
2020-06-09 21:00:00,254323.416,5952.516,1220.424
2020-06-09 22:00:00,251271.414,6100.437,847.252
2020-06-09 23:00:00,244120.3,6118.146,219.953
2020-06-10 00:00:00,235384.864,6088.744,1.233
2020-06-10 01:00:00,228279.204,6103.257,-3.183
2020-06-10 02:00:00,213834.7,6269.174,-2.989
2020-06-10 03:00:00,197903.906,6263.579,-3.07
2020-06-10 04:00:00,183739.804,6194.873,-3.154
2020-06-10 05:00:00,172997.868,5826.082,-2.942
2020-06-10 06:00:00,165810.596,5553.168,-4.014
2020-06-10 07:00:00,161080.83,5745.365,-3.057
2020-06-10 08:00:00,160188.88,5367.5,-3.039
2020-06-10 09:00:00,163573.228,4518.809,0.692
2020-06-10 10:00:00,170597.704,3709.285,127.306
2020-06-10 11:00:00,183901.034,2778.636,577.488
2020-06-10 12:00:00,197588.038,2653.341,891.582
2020-06-10 13:00:00,210587.284,3319.743,1093.857
2020-06-10 14:00:00,223502.816,3169.969,1220.8
2020-06-10 15:00:00,235967.164,4041.195,1368.319
2020-06-10 16:00:00,248212.234,5693.751,1432.553
2020-06-10 17:00:00,256205.272,6303.161,1534.977
2020-06-10 18:00:00,261002.542,6292.073,1478.708
2020-06-10 19:00:00,261740.966,6399.958,1322.143
2020-06-10 20:00:00,261163.316,6543.976,1169.319
2020-06-10 21:00:00,259584.044,6763.636,925.092
2020-06-10 22:00:00,252785.78399999999,6902.968,654.416
2020-06-10 23:00:00,240706.878,7113.036,189.525
2020-06-11 00:00:00,229047.942,7153.236,1.302
2020-06-11 01:00:00,219594.694,6979.413,-3.097
2020-06-11 02:00:00,204815.658,6412.624,-3.032
2020-06-11 03:00:00,189310.968,6276.831,-4.048
2020-06-11 04:00:00,175775.738,5625.885,-3.017
2020-06-11 05:00:00,166237.706,5644.921,-3.172
2020-06-11 06:00:00,159594.274,5415.294,-3.205
2020-06-11 07:00:00,155412.384,4869.216,-3.049
2020-06-11 08:00:00,154164.6,4758.36,-3.128
2020-06-11 09:00:00,157461.616,4920.724,-1.867
2020-06-11 10:00:00,163542.39,4853.8,76.769
2020-06-11 11:00:00,174691.528,4330.15,361.679
2020-06-11 12:00:00,184767.022,3337.515,557.928
2020-06-11 13:00:00,193069.206,2734.958,656.135
2020-06-11 14:00:00,199812.50400000002,2716.662,709.287
2020-06-11 15:00:00,205109.374,3381.889,781.94
2020-06-11 16:00:00,211506.022,4092.191,803.731
2020-06-11 17:00:00,216219.838,4889.557,624.337
2020-06-11 18:00:00,217868.796,5171.321,529.806
2020-06-11 19:00:00,218270.57,5296.773,441.419
2020-06-11 20:00:00,219468.448,5217.272,449.723
2020-06-11 21:00:00,221159.966,5053.758,396.855
2020-06-11 22:00:00,219239.75,4657.131,205.344
2020-06-11 23:00:00,212291.896,4328.962,84.467
2020-06-12 00:00:00,203659.742,3041.974,5.257
2020-06-12 01:00:00,197058.222,2389.024,-2.751
2020-06-12 02:00:00,184709.932,2734.218,-2.915
2020-06-12 03:00:00,170145.774,3286.647,-2.819
2020-06-12 04:00:00,157415.478,3439.468,-3.061
2020-06-12 05:00:00,148084.028,3037.599,-2.912
2020-06-12 06:00:00,141416.02,2760.797,-3.043
2020-06-12 07:00:00,137041.788,2521.329,-3.068
2020-06-12 08:00:00,136304.464,2141.276,-2.951
2020-06-12 09:00:00,138933.636,1526.254,-0.901
2020-06-12 10:00:00,144284.688,1208.824,54.895
2020-06-12 11:00:00,155868.94,1016.178,278.063
2020-06-12 12:00:00,167652.862,667.926,693.233
2020-06-12 13:00:00,177400.4,757.798,1113.402
2020-06-12 14:00:00,186014.026,1088.219,1359.28
2020-06-12 15:00:00,193097.96,1193.969,1481.132
2020-06-12 16:00:00,199599.054,1250.012,1545.428
2020-06-12 17:00:00,204991.198,1204.153,1481.692
2020-06-12 18:00:00,209808.07,1212.741,1395.156
2020-06-12 19:00:00,213206.854,1235.788,1299.596
2020-06-12 20:00:00,216001.87,1213.356,1179.958
2020-06-12 21:00:00,216715.564,1189.47,986.398
2020-06-12 22:00:00,212208.942,1203.632,658.341
2020-06-12 23:00:00,203084.904,1119.237,261.012
2020-06-13 00:00:00,191624.268,1115.787,13.248
2020-06-13 01:00:00,184556.01,1485.748,-2.92
2020-06-13 02:00:00,172617.97,1776.314,-3.114
2020-06-13 03:00:00,158297.856,2332.873,-2.892
2020-06-13 04:00:00,145781.036,2505.086,-2.856
2020-06-13 05:00:00,136895.464,2637.133,-2.887
2020-06-13 06:00:00,130356.758,2555.496,-2.761
2020-06-13 07:00:00,126081.888,2586.421,-2.773
2020-06-13 08:00:00,123882.614,2890.261,-2.88
2020-06-13 09:00:00,123492.772,3444.086,-0.67
2020-06-13 10:00:00,123958.016,3165.199,123.868
2020-06-13 11:00:00,128483.382,2487.281,582.149
2020-06-13 12:00:00,135450.15600000002,1939.833,1096.531
2020-06-13 13:00:00,141926.512,1815.687,1467.746
2020-06-13 14:00:00,146744.66,1820.512,1725.456
2020-06-13 15:00:00,151274.604,1876.189,1833.469
2020-06-13 16:00:00,154457.19,1890.938,1876.984
2020-06-13 17:00:00,156939.038,1697.248,1841.185
2020-06-13 18:00:00,159509.9,1538.035,1818.044
2020-06-13 19:00:00,162653.444,1531.172,1729.681
2020-06-13 20:00:00,166352.266,1576.503,1601.22
2020-06-13 21:00:00,169452.416,1707.069,1410.989
2020-06-13 22:00:00,168466.006,2098.395,1002.043
2020-06-13 23:00:00,163882.392,2480.19,309.462
2020-06-14 00:00:00,157955.454,2935.363,9.007
2020-06-14 01:00:00,155608.412,3132.035,-3.182
2020-06-14 02:00:00,148512.808,3580.776,-3.044
2020-06-14 03:00:00,138396.738,3556.994,-3.023
2020-06-14 04:00:00,129454.992,3476.683,-3.301
2020-06-14 05:00:00,123461.542,3296.534,-3.215
2020-06-14 06:00:00,118959.634,3059.983,-3.379
2020-06-14 07:00:00,116537.344,3142.831,-3.198
2020-06-14 08:00:00,115247.16,3427.799,-3.223
2020-06-14 09:00:00,114764.08,3686.89,-0.605
2020-06-14 10:00:00,114251.664,3280.718,148.614
2020-06-14 11:00:00,117667.414,2895.918,690.61
2020-06-14 12:00:00,123454.052,2813.331,1075.75
2020-06-14 13:00:00,129577.56,2942.502,1338.439
2020-06-14 14:00:00,134748.666,2337.556,1580.008
2020-06-14 15:00:00,139247.864,3069.124,1651.009
2020-06-14 16:00:00,143129.152,3417.405,1728.999
2020-06-14 17:00:00,146149.394,2989.272,1661.786
2020-06-14 18:00:00,149064.472,2349.769,1665.569
2020-06-14 19:00:00,152180.93,1951.989,1595.129
2020-06-14 20:00:00,156710.5,1846.259,1293.674
2020-06-14 21:00:00,161150.284,1906.222,940.111
2020-06-14 22:00:00,162113.05599999998,1866.406,493.91
2020-06-14 23:00:00,159905.36,2093.141,154.567
2020-06-15 00:00:00,156994.64,2322.737,3.163
2020-06-15 01:00:00,155435.89,2490.387,-3.211
2020-06-15 02:00:00,148128.318,3074.795,-3.171
2020-06-15 03:00:00,138550.492,3293.681,-3.148
2020-06-15 04:00:00,130533.164,3418.099,-3.281
2020-06-15 05:00:00,125000.722,3234.654,-3.12
2020-06-15 06:00:00,121805.062,3164.527,-3.034
2020-06-15 07:00:00,120169.588,3320.918,-3.082
2020-06-15 08:00:00,121680.652,3285.56,-3.246
2020-06-15 09:00:00,126187.832,3279.634,-1.024
2020-06-15 10:00:00,133169.64,3411.248,42.72
2020-06-15 11:00:00,142975.618,3202.129,169.092
2020-06-15 12:00:00,151772.188,2420.369,343.83
2020-06-15 13:00:00,157402.798,2224.992,506.39
2020-06-15 14:00:00,162268.874,1912.139,708.158
2020-06-15 15:00:00,166651.234,1531.544,791.019
2020-06-15 16:00:00,170752.432,1289.643,826.555
2020-06-15 17:00:00,173724.924,1257.695,876.018
2020-06-15 18:00:00,175654.456,1155.822,873.835
2020-06-15 19:00:00,177728.05,1248.051,800.386
2020-06-15 20:00:00,180804.734,1299.619,592.628
2020-06-15 21:00:00,183466.584,1194.488,434.825
2020-06-15 22:00:00,182439.614,1254.779,223.807
2020-06-15 23:00:00,177805.874,1180.106,68.797
2020-06-16 00:00:00,173019.246,1210.78,3.314
2020-06-16 01:00:00,169410.296,1445.384,-3.074
2020-06-16 02:00:00,160312.52,1814.451,-3.104
2020-06-16 03:00:00,148284.556,2056.561,-3.035
2020-06-16 04:00:00,137958.062,2148.02,-3.256
2020-06-16 05:00:00,131465.874,2110.649,-3.145
2020-06-16 06:00:00,127382.352,2080.863,-3.173
2020-06-16 07:00:00,125324.06,2080.636,-3.036
2020-06-16 08:00:00,125964.404,2085.245,-3.281
2020-06-16 09:00:00,129634.442,2091.909,-0.338
2020-06-16 10:00:00,136280.796,2036.724,49.097
2020-06-16 11:00:00,146357.54200000002,1651.908,186.713
2020-06-16 12:00:00,155146.56,923.586,405.47
2020-06-16 13:00:00,161886.718,623.15,607.314
2020-06-16 14:00:00,167982.328,712.105,805.481
2020-06-16 15:00:00,173424.406,812.745,962.399
2020-06-16 16:00:00,178857.016,873.322,969.649
2020-06-16 17:00:00,183931.248,871.121,928.271
2020-06-16 18:00:00,187445.286,828.212,786.874
2020-06-16 19:00:00,190213.762,782.617,659.103
2020-06-16 20:00:00,194067.4,751.357,529.833
2020-06-16 21:00:00,196842.664,766.242,374.125
2020-06-16 22:00:00,195459.906,837.074,196.115
2020-06-16 23:00:00,189594.126,947.57,62.129
2020-06-17 00:00:00,183525.83000000002,1158.104,0.794
2020-06-17 01:00:00,178659.26,1396.6,-2.824
2020-06-17 02:00:00,168484.7,1804.289,-3.382
2020-06-17 03:00:00,155255.25400000002,2116.977,-3.222
2020-06-17 04:00:00,144146.968,2091.073,-3.193
2020-06-17 05:00:00,136839.238,1920.498,-3.121
2020-06-17 06:00:00,131783.632,1759.566,-3.182
2020-06-17 07:00:00,129033.676,1549.156,-3.263
2020-06-17 08:00:00,129507.008,1238.225,-3.134
2020-06-17 09:00:00,133302.554,1068.088,-0.012
2020-06-17 10:00:00,140243.75,991.174,50.266
2020-06-17 11:00:00,150585.34,1015.843,216.951
2020-06-17 12:00:00,160092.17,810.248,441.235
2020-06-17 13:00:00,167556.63,651.729,695.762
2020-06-17 14:00:00,174427.67,568.051,772.568
2020-06-17 15:00:00,180557.896,559.56,912.945
2020-06-17 16:00:00,186150.152,630.11,1036.782
2020-06-17 17:00:00,191653.84399999998,560.334,1025.417
2020-06-17 18:00:00,195253.41,538.378,972.414
2020-06-17 19:00:00,197321.238,656.479,776.754
2020-06-17 20:00:00,199268.086,730.538,654.439
2020-06-17 21:00:00,200308.25,687.735,570.551
2020-06-17 22:00:00,198412.338,697.873,344.789
2020-06-17 23:00:00,193572.052,860.708,115.328
2020-06-18 00:00:00,188686.024,1173.124,2.243
2020-06-18 01:00:00,183895.954,1466.342,-3.135
2020-06-18 02:00:00,173977.884,1860.728,-3.203
2020-06-18 03:00:00,161135.998,1924.333,-3.209
2020-06-18 04:00:00,150223.706,1740.489,-3.212
2020-06-18 05:00:00,141972.176,1515.185,-3.292
2020-06-18 06:00:00,136918.9,1359.015,-3.216
2020-06-18 07:00:00,133903.5,1119.296,-3.243
2020-06-18 08:00:00,134284.376,817.352,-3.075
2020-06-18 09:00:00,138434.024,687.221,-2.676
2020-06-18 10:00:00,145476.026,627.217,134.719
2020-06-18 11:00:00,155905.598,565.541,552.976
2020-06-18 12:00:00,166042.282,485.601,921.05
2020-06-18 13:00:00,175390.78399999999,447.553,985.89
2020-06-18 14:00:00,183297.256,405.497,1081.344
2020-06-18 15:00:00,190793.994,318.456,1194.646
2020-06-18 16:00:00,197718.338,361.272,1135.037
2020-06-18 17:00:00,203876.438,462.402,1131.197
2020-06-18 18:00:00,208712.896,526.936,1306.317
2020-06-18 19:00:00,212198.238,507.902,1302.836
2020-06-18 20:00:00,215057.89,479.752,1122.178
2020-06-18 21:00:00,216737.076,502.133,967.157
2020-06-18 22:00:00,214086.168,614.638,726.991
2020-06-18 23:00:00,207504.438,688.649,215.261
2020-06-19 00:00:00,200246.21,743.843,5.981
2020-06-19 01:00:00,194223.994,683.462,-3.096
2020-06-19 02:00:00,182913.126,626.014,-3.157
2020-06-19 03:00:00,168936.666,699.762,-3.154
2020-06-19 04:00:00,156436.19,706.228,-3.129
2020-06-19 05:00:00,146869.894,826.819,-3.353
2020-06-19 06:00:00,140697.922,715.303,-3.238
2020-06-19 07:00:00,137009.482,546.587,-3.144
2020-06-19 08:00:00,136712.136,290.767,-3.167
2020-06-19 09:00:00,139958.128,198.045,-0.431
2020-06-19 10:00:00,146460.938,136.615,125.866
2020-06-19 11:00:00,157182.128,73.303,478.057
2020-06-19 12:00:00,169068.438,16.223,864.209
2020-06-19 13:00:00,180717.146,12.41,1137.198
2020-06-19 14:00:00,191910.472,60.866,1300.997
2020-06-19 15:00:00,203590.75,218.557,1294.549
2020-06-19 16:00:00,213220.418,448.442,1453.068
2020-06-19 17:00:00,220392.954,556.713,1436.538
2020-06-19 18:00:00,224507.59399999998,641.007,1335.156
2020-06-19 19:00:00,226163.416,605.647,1224.17
2020-06-19 20:00:00,227340.384,661.883,1034.392
2020-06-19 21:00:00,226376.336,696.621,733.58
2020-06-19 22:00:00,222120.352,723.485,410.609
2020-06-19 23:00:00,214429.214,635.804,91.666
2020-06-20 00:00:00,206091.734,587.837,2.527
2020-06-20 01:00:00,198998.644,469.166,0.577
2020-06-20 02:00:00,187359.692,638.097,-3.171
2020-06-20 03:00:00,172406.574,647.439,-3.156
2020-06-20 04:00:00,159200.702,513.999,-3.269
2020-06-20 05:00:00,149234.002,362.735,-3.194
2020-06-20 06:00:00,142872.308,298.698,-3.206
2020-06-20 07:00:00,137412.816,330.675,-3.184
2020-06-20 08:00:00,135049.004,312.796,-3.154
2020-06-20 09:00:00,134234.088,434.025,-1.225
2020-06-20 10:00:00,134484.318,735.226,67.842
2020-06-20 11:00:00,141729.298,1038.823,281.606
2020-06-20 12:00:00,153772.072,956.108,576.697
2020-06-20 13:00:00,167406.97,1075.125,817.193
2020-06-20 14:00:00,180989.516,2059.381,1109.234
2020-06-20 15:00:00,193336.762,2351.308,1258.597
2020-06-20 16:00:00,202635.172,2000.863,1312.105
2020-06-20 17:00:00,208046.28,2234.855,1249.961
2020-06-20 18:00:00,211388.228,2692.585,1152.609
2020-06-20 19:00:00,214287.602,2703.922,971.83
2020-06-20 20:00:00,215269.168,2568.076,596.398
2020-06-20 21:00:00,216572.502,2086.803,418.59
2020-06-20 22:00:00,213618.844,2283.1,238.026
2020-06-20 23:00:00,207308.85,2233.899,101.81
2020-06-21 00:00:00,199545.624,2877.426,3.248
2020-06-21 01:00:00,194259.688,2217.37,-3.136
2020-06-21 02:00:00,184002.86,1331.241,-3.154
2020-06-21 03:00:00,170553.294,942.17,-3.007
2020-06-21 04:00:00,157948.904,1117.385,-3.286
2020-06-21 05:00:00,148140.148,1188.622,-3.129
2020-06-21 06:00:00,141341.478,937.832,-3.297
2020-06-21 07:00:00,136460.734,907.789,-3.173
2020-06-21 08:00:00,133975.72,891.969,-3.237
2020-06-21 09:00:00,132397.642,701.114,-1.629
2020-06-21 10:00:00,131689.862,594.554,78.672
2020-06-21 11:00:00,137815.154,502.658,412.737
2020-06-21 12:00:00,149795.99599999998,156.864,798.727
2020-06-21 13:00:00,163933.76,125.893,977.963
2020-06-21 14:00:00,177952.496,105.422,1196.612
2020-06-21 15:00:00,190826.468,74.813,1417.471
2020-06-21 16:00:00,201455.856,116.09,1496.719
2020-06-21 17:00:00,209394.644,115.794,1522.501
2020-06-21 18:00:00,215146.926,168.172,1504.571
2020-06-21 19:00:00,218862.506,316.927,1330.942
2020-06-21 20:00:00,221656.134,631.804,1244.746
2020-06-21 21:00:00,222823.518,507.702,1129.243
2020-06-21 22:00:00,220186.084,833.507,826.177
2020-06-21 23:00:00,213891.486,667.167,264.407
2020-06-22 00:00:00,206185.668,322.66,7.792
2020-06-22 01:00:00,200792.254,370.927,-2.014
2020-06-22 02:00:00,189664.522,560.918,-2.002
2020-06-22 03:00:00,175490.236,678.038,-1.758
2020-06-22 04:00:00,163234.064,1026.707,-1.802
2020-06-22 05:00:00,153863.346,1518.104,-1.969
2020-06-22 06:00:00,147339.46600000001,1645.997,-1.785
2020-06-22 07:00:00,144070.002,1809.662,-1.983
2020-06-22 08:00:00,143904.698,1928.262,-1.959
2020-06-22 09:00:00,147787.374,1422.821,-0.317
2020-06-22 10:00:00,156199.32,1375.053,143.165
2020-06-22 11:00:00,169624.786,1084.712,720.411
2020-06-22 12:00:00,183489.854,657.16,1274.285
2020-06-22 13:00:00,196100.74,470.71,1555.717
2020-06-22 14:00:00,209200.858,529.321,1675.887
2020-06-22 15:00:00,221703.528,286.512,1742.34
2020-06-22 16:00:00,233325.644,452.683,1686.813
2020-06-22 17:00:00,242468.98,592.999,1631.336
2020-06-22 18:00:00,247205.99599999998,1113.899,1248.288
2020-06-22 19:00:00,248045.64,1346.718,1050.301
2020-06-22 20:00:00,248222.05,1719.307,812.376
2020-06-22 21:00:00,245661.134,1385.446,675.606
2020-06-22 22:00:00,239736.438,1876.524,452.543
2020-06-22 23:00:00,230123.986,2411.767,149.018
2020-06-23 00:00:00,221054.654,2025.104,8.287
2020-06-23 01:00:00,212703.582,1491.306,-1.803
2020-06-23 02:00:00,198674.782,1441.659,-1.699
2020-06-23 03:00:00,183230.126,1674.296,-1.906
2020-06-23 04:00:00,169653.758,1948.33,-1.56
2020-06-23 05:00:00,159628.826,2162.457,-1.756
2020-06-23 06:00:00,152711.924,1961.012,-1.737
2020-06-23 07:00:00,148404.526,1892.642,-1.685
2020-06-23 08:00:00,147558.556,2090.12,-1.776
2020-06-23 09:00:00,150922.494,2193.74,0.482
2020-06-23 10:00:00,158848.226,2044.775,131.462
2020-06-23 11:00:00,170579.024,2232.456,617.31
2020-06-23 12:00:00,182072.006,2566.004,1061.081
2020-06-23 13:00:00,191945.646,2612.165,1427.844
2020-06-23 14:00:00,202575.982,2821.484,1571.682
2020-06-23 15:00:00,212558.422,3410.977,1707.737
2020-06-23 16:00:00,222063.244,3625.108,1704.154
2020-06-23 17:00:00,229587.098,3926.865,1664.025
2020-06-23 18:00:00,234598.052,4006.686,1632.105
2020-06-23 19:00:00,238145.748,4088.369,1586.697
2020-06-23 20:00:00,240163.356,4060.444,1451.399
2020-06-23 21:00:00,240989.216,4195.857,1098.938
2020-06-23 22:00:00,236630.862,3754.704,658.945
2020-06-23 23:00:00,227339.582,3240.938,180.101
2020-06-24 00:00:00,217831.69,2616.767,6.604
2020-06-24 01:00:00,210079.764,2053.059,-1.689
2020-06-24 02:00:00,197175.178,2542.135,-1.689
2020-06-24 03:00:00,181602.822,2995.948,-1.618
2020-06-24 04:00:00,168128.648,3109.472,-1.846
2020-06-24 05:00:00,158588.528,2828.43,-1.727
2020-06-24 06:00:00,152114.408,2635.773,-1.921
2020-06-24 07:00:00,148165.964,2588.165,-1.868
2020-06-24 08:00:00,147465.2,2357.294,-1.755
2020-06-24 09:00:00,150851.98,2198.28,-1.127
2020-06-24 10:00:00,157516.256,2298.56,139.552
2020-06-24 11:00:00,168260.932,1769.712,718.974
2020-06-24 12:00:00,178372.856,1113.664,1230.776
2020-06-24 13:00:00,186753.418,982.216,1437.184
2020-06-24 14:00:00,194130.336,1174.246,1716.923
2020-06-24 15:00:00,201252.018,1583.097,1721.038
2020-06-24 16:00:00,207689.522,1965.617,1770.411
2020-06-24 17:00:00,212567.716,1969.247,1761.485
2020-06-24 18:00:00,216848.982,1937.147,1705.485
2020-06-24 19:00:00,219997.354,1939.319,1612.649
2020-06-24 20:00:00,223199.02,2022.173,1453.726
2020-06-24 21:00:00,225028.228,2117.614,1315.677
2020-06-24 22:00:00,222647.79,2293.356,872.217
2020-06-24 23:00:00,214923.654,1589.71,287.293
2020-06-25 00:00:00,205035.114,1240.641,10.225
2020-06-25 01:00:00,198024.614,1538.63,-1.681
2020-06-25 02:00:00,185276.696,1434.187,-1.802
2020-06-25 03:00:00,170148.882,1498.343,-1.708
2020-06-25 04:00:00,157298.65,1474.3,-1.755
2020-06-25 05:00:00,148294.846,1741.863,-1.826
2020-06-25 06:00:00,142216.776,1573.18,-1.79
2020-06-25 07:00:00,138457.172,1475.562,-1.86
2020-06-25 08:00:00,138098.972,1466.74,-1.906
2020-06-25 09:00:00,141254.032,1498.429,0.35
2020-06-25 10:00:00,148086.596,1235.418,60.198
2020-06-25 11:00:00,159260.934,873.266,255.947
2020-06-25 12:00:00,171177.206,362.386,545.995
2020-06-25 13:00:00,181780.99599999998,113.172,787.985
2020-06-25 14:00:00,192135.146,198.12,934.107
2020-06-25 15:00:00,201464.2,446.02,1066.397
2020-06-25 16:00:00,209774.968,782.685,1154.314
2020-06-25 17:00:00,215529.866,1216.223,1016.935
2020-06-25 18:00:00,217568.042,1643.998,990.556
2020-06-25 19:00:00,221182.682,1593.793,1061.285
2020-06-25 20:00:00,223983.004,1406.007,1015.157
2020-06-25 21:00:00,224664.632,1522.966,925.963
2020-06-25 22:00:00,221060.336,1627.854,703.52
2020-06-25 23:00:00,212858.32,1819.7,227.96
2020-06-26 00:00:00,204054.224,1537.928,11.034
2020-06-26 01:00:00,197401.866,1502.46,-2.988
2020-06-26 02:00:00,185347.482,1564.683,-3.076
2020-06-26 03:00:00,170311.64,1863.693,-3.187
2020-06-26 04:00:00,157580.29200000002,2269.183,-3.101
2020-06-26 05:00:00,148089.056,2625.838,-2.852
2020-06-26 06:00:00,141712.276,2966.17,-3.048
2020-06-26 07:00:00,137844.028,3199.718,-3.043
2020-06-26 08:00:00,137084.478,3353.67,-3.002
2020-06-26 09:00:00,139790.312,3663.136,-0.718
2020-06-26 10:00:00,146495.408,3884.363,157.146
2020-06-26 11:00:00,157626.914,2966.836,766.958
2020-06-26 12:00:00,169454.122,1887.129,1278.511
2020-06-26 13:00:00,180763.542,1644.368,1564.247
2020-06-26 14:00:00,191938.996,1931.97,1694.782
2020-06-26 15:00:00,202400.106,2293.219,1773.265
2020-06-26 16:00:00,212205.35,2211.156,1761.842
2020-06-26 17:00:00,219508.082,2158.27,1711.831
2020-06-26 18:00:00,225486.49,2745.121,1676.89
2020-06-26 19:00:00,228605.078,3717.23,1598.842
2020-06-26 20:00:00,230269.918,4863.965,1356.399
2020-06-26 21:00:00,230043.554,5859.174,968.975
2020-06-26 22:00:00,225422.002,5999.473,530.732
2020-06-26 23:00:00,218260.354,5281.903,185.707
2020-06-27 00:00:00,210358.314,5214.669,9.269
2020-06-27 01:00:00,204147.494,5513.862,-3.012
2020-06-27 02:00:00,192423.874,5097.577,-2.974
2020-06-27 03:00:00,178239.038,4820.398,-3.045
2020-06-27 04:00:00,164956.366,4479.451,-2.879
2020-06-27 05:00:00,154966.218,4322.495,-2.998
2020-06-27 06:00:00,148583.302,3799.539,-3.038
2020-06-27 07:00:00,144004.014,2969.787,-2.934
2020-06-27 08:00:00,141833.916,3191.784,-2.968
2020-06-27 09:00:00,141824.512,2937.44,-0.711
2020-06-27 10:00:00,143169.566,2756.131,119.383
2020-06-27 11:00:00,149388.658,2507.03,592.127
2020-06-27 12:00:00,160281.626,2366.372,1007.679
2020-06-27 13:00:00,172449.806,2638.481,1258.399
2020-06-27 14:00:00,184641.312,2905.336,1394.029
2020-06-27 15:00:00,195878.676,2899.068,1509.538
2020-06-27 16:00:00,204642.542,3106.355,1471.711
2020-06-27 17:00:00,211063.63199999998,2776.466,1454.973
2020-06-27 18:00:00,216018.244,2269.661,1410.231
2020-06-27 19:00:00,220171.61,2917.019,1398.33
2020-06-27 20:00:00,223993.204,2706.396,1316.327
2020-06-27 21:00:00,225375.66,2743.86,1151.099
2020-06-27 22:00:00,223294.172,2372.859,808.72
2020-06-27 23:00:00,217124.526,1936.595,255.417
2020-06-28 00:00:00,209533.19,1946.311,4.628
2020-06-28 01:00:00,204179.356,2285.25,-2.98
2020-06-28 02:00:00,193706.418,2273.841,-3.061
2020-06-28 03:00:00,180834.258,1959.837,-2.615
2020-06-28 04:00:00,168550.902,1646.996,-3.036
2020-06-28 05:00:00,158700.17,1335.406,-3.043
2020-06-28 06:00:00,151153.046,1177.131,-2.908
2020-06-28 07:00:00,146042.856,968.357,-3.01
2020-06-28 08:00:00,142791.626,920.173,-3.048
2020-06-28 09:00:00,141351.904,783.688,-1.912
2020-06-28 10:00:00,141022.448,742.533,100.672
2020-06-28 11:00:00,147440.442,496.243,523.968
2020-06-28 12:00:00,159248.506,385.213,1029.568
2020-06-28 13:00:00,173241.95,391.992,1277.034
2020-06-28 14:00:00,186499.94,416.536,1497.57
2020-06-28 15:00:00,199645.686,480.399,1553.853
2020-06-28 16:00:00,211314.424,624.442,1557.426
2020-06-28 17:00:00,219575.15600000002,619.511,1507.596
2020-06-28 18:00:00,225921.918,1019.142,1400.216
2020-06-28 19:00:00,230480.244,1377.734,1250.863
2020-06-28 20:00:00,234741.242,1217.493,903.452
2020-06-28 21:00:00,237591.654,1090.336,664.775
2020-06-28 22:00:00,234849.608,974.595,352.816
2020-06-28 23:00:00,227775.856,868.701,114.988
2020-06-29 00:00:00,219315.804,975.792,6.0
2020-06-29 01:00:00,212232.854,917.667,-2.849
2020-06-29 02:00:00,199396.03,841.502,-2.513
2020-06-29 03:00:00,184298.198,886.929,-2.756
2020-06-29 04:00:00,170472.568,969.039,-2.686
2020-06-29 05:00:00,160502.696,1145.582,-2.425
2020-06-29 06:00:00,153694.666,1281.253,-2.668
2020-06-29 07:00:00,149612.134,1500.936,-2.774
2020-06-29 08:00:00,148848.068,1500.051,-2.566
2020-06-29 09:00:00,152418.362,1378.143,-0.83
2020-06-29 10:00:00,160357.592,1412.743,103.248
2020-06-29 11:00:00,174519.21,1436.467,580.712
2020-06-29 12:00:00,189567.232,878.183,1111.035
2020-06-29 13:00:00,203416.322,585.119,1414.604
2020-06-29 14:00:00,217061.49599999998,456.051,1521.557
2020-06-29 15:00:00,230331.26,463.739,1585.333
2020-06-29 16:00:00,241801.764,590.069,1569.264
2020-06-29 17:00:00,250645.426,827.731,1515.691
2020-06-29 18:00:00,256569.884,1130.172,1462.313
2020-06-29 19:00:00,260037.07,1453.923,1352.929
2020-06-29 20:00:00,260827.012,1328.446,1363.803
2020-06-29 21:00:00,260411.906,1154.695,1162.9
2020-06-29 22:00:00,256852.602,898.449,795.419
2020-06-29 23:00:00,247862.18,913.686,236.959
2020-06-30 00:00:00,234938.286,1304.689,5.644
2020-06-30 01:00:00,225421.81,2141.802,-2.541
2020-06-30 02:00:00,209457.656,1943.325,-2.573
2020-06-30 03:00:00,191359.828,1861.383,-2.626
2020-06-30 04:00:00,176008.93,2119.023,-2.754
2020-06-30 05:00:00,164993.428,1862.854,-2.684
2020-06-30 06:00:00,157153.288,1543.879,-2.692
2020-06-30 07:00:00,152209.706,1358.908,-2.632
2020-06-30 08:00:00,150471.776,1254.783,-2.771
2020-06-30 09:00:00,153554.342,1171.558,-0.79
2020-06-30 10:00:00,160497.886,1003.715,95.272
2020-06-30 11:00:00,172795.03,899.885,378.028
2020-06-30 12:00:00,186452.316,473.243,705.128
2020-06-30 13:00:00,199668.148,400.657,1084.618
2020-06-30 14:00:00,212657.972,499.116,1310.038
2020-06-30 15:00:00,224355.804,442.191,1371.427
2020-06-30 16:00:00,234934.72,518.897,1416.049
2020-06-30 17:00:00,243071.13,889.356,1334.59
2020-06-30 18:00:00,248277.794,1461.027,1307.425
2020-06-30 19:00:00,250952.774,1625.735,1167.765
2020-06-30 20:00:00,252610.92,1625.602,947.773
2020-06-30 21:00:00,252615.598,1158.567,657.764
2020-06-30 22:00:00,248719.448,693.004,401.681
2020-06-30 23:00:00,239572.506,676.548,146.353
2020-07-01 00:00:00,228850.482,739.109,5.909
2020-07-01 01:00:00,221015.622,636.127,-2.779
2020-07-01 02:00:00,206593.03,644.622,-2.719
2020-07-01 03:00:00,189627.016,650.151,-2.595
2020-07-01 04:00:00,174756.222,549.993,-2.46
2020-07-01 05:00:00,163720.11800000002,591.44,-2.776
2020-07-01 06:00:00,155900.256,576.104,-2.593
2020-07-01 07:00:00,151126.45,413.296,-2.651
2020-07-01 08:00:00,149774.962,341.897,-2.686
2020-07-01 09:00:00,153073.354,494.325,-0.841
2020-07-01 10:00:00,159909.528,504.221,83.002
2020-07-01 11:00:00,172161.256,521.732,357.073
2020-07-01 12:00:00,185431.616,341.866,764.897
2020-07-01 13:00:00,198199.40600000002,342.427,1076.776
2020-07-01 14:00:00,211454.954,582.015,1271.231
2020-07-01 15:00:00,224409.054,886.658,1295.143
2020-07-01 16:00:00,234590.52000000002,836.556,1259.771
2020-07-01 17:00:00,241162.07,819.744,1198.236
2020-07-01 18:00:00,246026.192,1081.816,1069.197
2020-07-01 19:00:00,249168.954,1654.845,1028.316
2020-07-01 20:00:00,250581.112,1913.691,904.281
2020-07-01 21:00:00,250171.076,1583.053,740.577
2020-07-01 22:00:00,245942.956,1163.165,457.391
2020-07-01 23:00:00,237124.15,987.721,154.089
2020-07-02 00:00:00,225731.262,907.206,10.793
2020-07-02 01:00:00,217154.232,851.638,-1.413
2020-07-02 02:00:00,203443.012,1078.707,-1.397
2020-07-02 03:00:00,186395.198,1500.827,-1.382
2020-07-02 04:00:00,171244.328,1475.806,-1.631
2020-07-02 05:00:00,160064.724,1610.396,-1.643
2020-07-02 06:00:00,152380.092,1600.134,-1.587
2020-07-02 07:00:00,147683.282,1570.204,-1.447
2020-07-02 08:00:00,146340.48,1386.782,-1.672
2020-07-02 09:00:00,148891.836,1339.059,-0.249
2020-07-02 10:00:00,155757.318,1282.723,83.753
2020-07-02 11:00:00,168986.872,1039.084,544.87
2020-07-02 12:00:00,183844.524,598.601,1138.066
2020-07-02 13:00:00,198413.562,259.217,1414.424
2020-07-02 14:00:00,213151.974,266.042,1590.018
2020-07-02 15:00:00,226819.818,422.795,1603.086
2020-07-02 16:00:00,238202.182,656.22,1583.425
2020-07-02 17:00:00,247651.06,721.999,1598.496
2020-07-02 18:00:00,254370.952,595.647,1510.386
2020-07-02 19:00:00,259167.872,488.478,1472.972
2020-07-02 20:00:00,263209.826,362.872,1379.615
2020-07-02 21:00:00,264720.774,314.8,1208.551
2020-07-02 22:00:00,261957.854,365.062,850.201
2020-07-02 23:00:00,253684.254,386.159,275.04
2020-07-03 00:00:00,240752.608,472.362,9.242
2020-07-03 01:00:00,230348.432,746.422,-3.042
2020-07-03 02:00:00,214358.004,1255.994,-2.994
2020-07-03 03:00:00,196177.402,1320.81,-3.043
2020-07-03 04:00:00,179841.958,1217.525,-2.944
2020-07-03 05:00:00,167197.682,1103.578,-3.135
2020-07-03 06:00:00,158214.936,1056.335,-3.0
2020-07-03 07:00:00,151802.978,947.617,-3.004
2020-07-03 08:00:00,148681.388,891.478,-3.054
2020-07-03 09:00:00,148643.21600000001,839.01,-1.562
2020-07-03 10:00:00,150307.284,813.025,117.666
2020-07-03 11:00:00,159558.752,747.077,634.548
2020-07-03 12:00:00,174481.156,461.038,1153.213
2020-07-03 13:00:00,191772.564,273.689,1422.476
2020-07-03 14:00:00,208750.686,237.001,1558.095
2020-07-03 15:00:00,224584.576,342.633,1664.153
2020-07-03 16:00:00,237076.27000000002,434.59,1674.158
2020-07-03 17:00:00,246911.73,481.699,1625.9
2020-07-03 18:00:00,254105.658,431.706,1543.872
2020-07-03 19:00:00,259861.836,473.938,1503.804
2020-07-03 20:00:00,265148.244,492.776,1407.779
2020-07-03 21:00:00,267760.688,530.543,1168.679
2020-07-03 22:00:00,264807.16599999997,578.194,774.475
2020-07-03 23:00:00,255962.864,649.678,234.365
2020-07-04 00:00:00,243045.942,767.339,8.895
2020-07-04 01:00:00,231719.968,836.141,-3.179
2020-07-04 02:00:00,217093.102,885.084,-3.059
2020-07-04 03:00:00,200309.914,953.593,-3.078
2020-07-04 04:00:00,184953.956,899.58,-3.168
2020-07-04 05:00:00,171814.148,827.732,-3.038
2020-07-04 06:00:00,162082.602,800.354,-3.002
2020-07-04 07:00:00,155426.676,803.519,-3.053
2020-07-04 08:00:00,151087.63,737.583,-3.02
2020-07-04 09:00:00,148727.8,640.146,-2.076
2020-07-04 10:00:00,147372.242,638.338,96.73
2020-07-04 11:00:00,154656.724,476.671,539.216
2020-07-04 12:00:00,168795.698,142.377,1031.813
2020-07-04 13:00:00,185995.522,23.225,1287.106
2020-07-04 14:00:00,203172.404,11.931,1406.419
2020-07-04 15:00:00,218597.646,25.347,1534.642
2020-07-04 16:00:00,230128.864,24.87,1586.553
2020-07-04 17:00:00,238160.624,21.885,1553.174
2020-07-04 18:00:00,243879.568,133.706,1461.732
2020-07-04 19:00:00,247621.836,70.853,1329.04
2020-07-04 20:00:00,249792.572,187.931,1059.233
2020-07-04 21:00:00,249377.282,387.614,766.241
2020-07-04 22:00:00,244592.602,439.545,541.127
2020-07-04 23:00:00,235112.638,424.976,204.463
2020-07-05 00:00:00,222951.086,441.788,4.844
2020-07-05 01:00:00,212784.44,381.935,-3.189
2020-07-05 02:00:00,202307.698,541.248,-3.027
2020-07-05 03:00:00,189903.856,591.206,-3.104
2020-07-05 04:00:00,176719.08000000002,538.879,-2.975
2020-07-05 05:00:00,165318.228,467.707,-3.016
2020-07-05 06:00:00,156483.422,344.591,-3.109
2020-07-05 07:00:00,150230.204,290.347,-3.01
2020-07-05 08:00:00,146263.502,271.09,-3.115
2020-07-05 09:00:00,144329.542,257.41,-1.996
2020-07-05 10:00:00,142907.416,243.151,102.115
2020-07-05 11:00:00,149233.976,222.019,494.486
2020-07-05 12:00:00,163297.988,90.068,904.834
2020-07-05 13:00:00,181282.18,-9.257,1231.536
2020-07-05 14:00:00,200184.30599999998,-11.436,1375.065
2020-07-05 15:00:00,217536.926,-5.871,1457.154
2020-07-05 16:00:00,231682.21600000001,8.185,1501.704
2020-07-05 17:00:00,241589.688,2.798,1542.844
2020-07-05 18:00:00,249102.506,-5.018,1508.593
2020-07-05 19:00:00,255069.778,0.543,1389.82
2020-07-05 20:00:00,259289.82799999998,21.073,1288.367
2020-07-05 21:00:00,261253.978,20.652,1044.797
2020-07-05 22:00:00,258615.448,102.109,560.82
2020-07-05 23:00:00,251373.8,219.172,159.499
2020-07-06 00:00:00,241294.748,287.778,5.761
2020-07-06 01:00:00,232609.124,300.615,-2.945
2020-07-06 02:00:00,218453.614,435.212,-3.072
2020-07-06 03:00:00,201375.494,593.725,-3.144
2020-07-06 04:00:00,186352.018,640.59,-3.004
2020-07-06 05:00:00,174558.68,600.956,-3.145
2020-07-06 06:00:00,166609.49,469.078,-3.053
2020-07-06 07:00:00,160889.68,380.233,-2.952
2020-07-06 08:00:00,159577.902,462.204,-3.148
2020-07-06 09:00:00,162934.468,348.775,-2.135
2020-07-06 10:00:00,169764.474,357.941,100.552
2020-07-06 11:00:00,184082.756,327.372,569.773
2020-07-06 12:00:00,201042.13,128.665,1109.777
2020-07-06 13:00:00,218876.136,-9.153,1389.375
2020-07-06 14:00:00,237509.96600000001,28.608,1512.42
2020-07-06 15:00:00,254774.752,19.339,1616.83
2020-07-06 16:00:00,269821.148,8.054,1483.718
2020-07-06 17:00:00,279992.5,36.411,1416.72
2020-07-06 18:00:00,282911.296,102.272,1297.768
2020-07-06 19:00:00,281758.118,101.988,1202.333
2020-07-06 20:00:00,278927.384,250.015,1100.974
2020-07-06 21:00:00,276162.12,252.344,920.33
2020-07-06 22:00:00,269130.63800000004,203.004,633.197
2020-07-06 23:00:00,258659.252,277.522,178.637
2020-07-07 00:00:00,247897.776,305.285,12.488
2020-07-07 01:00:00,238006.424,394.859,4.258
2020-07-07 02:00:00,222841.822,556.547,4.209
2020-07-07 03:00:00,205490.186,704.73,3.892
2020-07-07 04:00:00,189674.286,693.136,3.831
2020-07-07 05:00:00,178141.96,610.428,4.03
2020-07-07 06:00:00,169902.098,547.28,3.921
2020-07-07 07:00:00,164472.306,465.859,3.919
2020-07-07 08:00:00,162850.514,429.542,3.875
2020-07-07 09:00:00,165868.956,364.7,5.059
2020-07-07 10:00:00,172882.924,274.977,84.669
2020-07-07 11:00:00,185691.646,247.768,452.969
2020-07-07 12:00:00,200834.69,132.01,936.557
2020-07-07 13:00:00,215913.176,43.867,1213.641
2020-07-07 14:00:00,230740.00400000002,45.132,1291.796
2020-07-07 15:00:00,244826.64,52.72,1321.186
2020-07-07 16:00:00,256641.94400000002,137.933,1308.755
2020-07-07 17:00:00,264587.58,222.464,1339.014
2020-07-07 18:00:00,268086.226,304.448,1275.457
2020-07-07 19:00:00,269683.622,488.222,1128.182
2020-07-07 20:00:00,271374.94,666.998,968.839
2020-07-07 21:00:00,270749.236,922.783,786.506
2020-07-07 22:00:00,266838.384,629.568,421.875
2020-07-07 23:00:00,257544.276,594.209,153.816
2020-07-08 00:00:00,247153.708,389.818,10.93
2020-07-08 01:00:00,238603.858,1167.675,4.003
2020-07-08 02:00:00,222905.752,1494.434,3.936
2020-07-08 03:00:00,205104.14,1356.089,3.979
2020-07-08 04:00:00,190200.194,1112.974,0.621
2020-07-08 05:00:00,179394.894,1180.006,0.73
2020-07-08 06:00:00,171225.128,1232.86,0.719
2020-07-08 07:00:00,166349.608,952.87,0.82
2020-07-08 08:00:00,165235.3,876.744,0.616
2020-07-08 09:00:00,169061.26,765.225,2.275
2020-07-08 10:00:00,176489.336,528.847,92.911
2020-07-08 11:00:00,189638.808,383.751,498.079
2020-07-08 12:00:00,204240.476,144.409,777.932
2020-07-08 13:00:00,218914.684,51.454,894.137
2020-07-08 14:00:00,233962.022,46.864,1133.964
2020-07-08 15:00:00,248380.824,49.506,1299.548
2020-07-08 16:00:00,261666.456,87.859,1353.146
2020-07-08 17:00:00,270961.34,106.271,1210.344
2020-07-08 18:00:00,275335.272,207.802,1206.584
2020-07-08 19:00:00,276765.756,300.486,990.447
2020-07-08 20:00:00,277506.902,451.117,890.382
2020-07-08 21:00:00,276768.416,585.402,686.492
2020-07-08 22:00:00,272365.75,559.735,430.846
2020-07-08 23:00:00,263281.0,607.922,157.207
2020-07-09 00:00:00,252329.562,611.298,6.715
2020-07-09 01:00:00,243484.342,821.613,3.249
2020-07-09 02:00:00,228361.044,602.162,3.21
2020-07-09 03:00:00,210740.71000000002,411.332,3.161
2020-07-09 04:00:00,195052.332,490.715,3.191
2020-07-09 05:00:00,183091.15600000002,714.591,3.163
2020-07-09 06:00:00,174712.97,719.014,3.136
2020-07-09 07:00:00,168886.598,725.641,3.306
2020-07-09 08:00:00,167046.98,603.411,3.175
2020-07-09 09:00:00,170513.016,418.495,3.459
2020-07-09 10:00:00,177566.352,389.115,78.229
2020-07-09 11:00:00,191635.562,408.559,424.591
2020-07-09 12:00:00,207534.366,388.97,701.485
2020-07-09 13:00:00,224063.772,271.399,992.563
2020-07-09 14:00:00,240928.294,159.652,1089.284
2020-07-09 15:00:00,256674.016,162.485,1202.728
2020-07-09 16:00:00,268086.13,411.464,1204.648
2020-07-09 17:00:00,276139.88,746.416,1297.576
2020-07-09 18:00:00,281483.462,1165.56,1323.095
2020-07-09 19:00:00,284601.556,1782.513,1303.055
2020-07-09 20:00:00,286657.284,2404.43,1144.568
2020-07-09 21:00:00,286957.202,3180.053,864.285
2020-07-09 22:00:00,283211.412,2994.624,570.13
2020-07-09 23:00:00,274462.27,2569.46,167.059
2020-07-10 00:00:00,262289.632,2300.428,5.592
2020-07-10 01:00:00,252938.068,2865.2,-3.151
2020-07-10 02:00:00,237012.578,2667.567,-3.043
2020-07-10 03:00:00,217909.34,2806.056,-2.859
2020-07-10 04:00:00,200740.312,2062.194,-3.056
2020-07-10 05:00:00,188177.194,2190.19,-3.035
2020-07-10 06:00:00,179202.586,2097.974,-2.88
2020-07-10 07:00:00,173205.898,2185.422,-3.127
2020-07-10 08:00:00,171327.666,2774.794,-3.008
2020-07-10 09:00:00,174362.032,3380.024,-2.897
2020-07-10 10:00:00,181616.814,3431.889,55.087
2020-07-10 11:00:00,192684.91,3104.85,387.274
2020-07-10 12:00:00,206114.338,3036.047,697.909
2020-07-10 13:00:00,218360.248,2953.508,852.089
2020-07-10 14:00:00,230504.02000000002,2996.415,924.746
2020-07-10 15:00:00,240960.648,3373.062,982.321
2020-07-10 16:00:00,247965.078,3999.503,988.506
2020-07-10 17:00:00,252270.962,4255.284,1093.208
2020-07-10 18:00:00,254260.898,4504.935,1134.19
2020-07-10 19:00:00,254539.108,4856.638,1148.968
2020-07-10 20:00:00,253157.43,5014.06,1065.698
2020-07-10 21:00:00,251754.24,5256.399,995.867
2020-07-10 22:00:00,246250.502,5276.189,741.227
2020-07-10 23:00:00,237900.43,4589.288,233.599
2020-07-11 00:00:00,228262.75199999998,3360.791,1.857
2020-07-11 01:00:00,220744.774,2955.239,-3.147
2020-07-11 02:00:00,208737.454,2934.765,-3.153
2020-07-11 03:00:00,194511.774,3259.372,-2.969
2020-07-11 04:00:00,181101.366,3230.568,-3.064
2020-07-11 05:00:00,170346.262,3044.881,-3.128
2020-07-11 06:00:00,162727.876,3232.57,-3.053
2020-07-11 07:00:00,157503.816,3185.797,-3.042
2020-07-11 08:00:00,154293.59600000002,2686.212,-3.037
2020-07-11 09:00:00,153993.398,2294.904,-2.452
2020-07-11 10:00:00,154392.678,2233.092,83.03
2020-07-11 11:00:00,162058.01,2048.834,383.292
2020-07-11 12:00:00,175220.478,1573.741,747.593
2020-07-11 13:00:00,189246.18,1336.52,1085.093
2020-07-11 14:00:00,203063.512,1344.867,1248.057
2020-07-11 15:00:00,214429.968,1688.759,1441.202
2020-07-11 16:00:00,222907.672,2386.021,1438.294
2020-07-11 17:00:00,227174.94400000002,2681.153,1456.909
2020-07-11 18:00:00,230354.688,2883.337,1474.757
2020-07-11 19:00:00,235783.064,3115.573,1431.319
2020-07-11 20:00:00,241422.686,2893.833,1333.829
2020-07-11 21:00:00,244370.418,2424.283,1148.456
2020-07-11 22:00:00,242063.452,1996.054,773.546
2020-07-11 23:00:00,234276.648,1596.508,251.351
2020-07-12 00:00:00,223081.632,1202.419,7.214
2020-07-12 01:00:00,214916.12,1502.62,-3.055
2020-07-12 02:00:00,202107.118,2375.262,-3.08
2020-07-12 03:00:00,187227.612,2252.891,-2.981
2020-07-12 04:00:00,172755.366,2229.428,-2.978
2020-07-12 05:00:00,161312.722,1757.49,-3.077
2020-07-12 06:00:00,153371.554,1401.328,-3.025
2020-07-12 07:00:00,147432.814,1194.347,-3.139
2020-07-12 08:00:00,143688.89,1578.396,-2.869
2020-07-12 09:00:00,141602.748,1597.283,-2.645
2020-07-12 10:00:00,140895.748,1506.484,96.058
2020-07-12 11:00:00,146787.116,1300.887,643.269
2020-07-12 12:00:00,159025.61,878.241,1202.656
2020-07-12 13:00:00,173970.62,578.993,1496.677
2020-07-12 14:00:00,188565.922,526.786,1631.079
2020-07-12 15:00:00,201344.824,386.099,1699.208
2020-07-12 16:00:00,211532.172,473.788,1674.78
2020-07-12 17:00:00,219532.694,662.675,1637.69
2020-07-12 18:00:00,224570.084,1154.06,1594.107
2020-07-12 19:00:00,228159.838,1270.2,1513.327
2020-07-12 20:00:00,231509.624,1515.809,1387.592
2020-07-12 21:00:00,232632.86,1799.54,1163.131
2020-07-12 22:00:00,229208.898,1602.144,753.002
2020-07-12 23:00:00,222304.66,1347.648,219.492
2020-07-13 00:00:00,214105.164,935.326,5.467
2020-07-13 01:00:00,206927.078,1161.417,-3.107
2020-07-13 02:00:00,195105.32,1096.013,-3.077
2020-07-13 03:00:00,180838.738,944.227,-3.014
2020-07-13 04:00:00,168115.078,864.809,-2.992
2020-07-13 05:00:00,158643.108,930.521,-2.995
2020-07-13 06:00:00,152521.978,799.237,-2.949
2020-07-13 07:00:00,148955.548,816.819,-3.095
2020-07-13 08:00:00,148505.642,820.471,-2.926
2020-07-13 09:00:00,152936.882,740.009,-2.688
2020-07-13 10:00:00,159952.128,664.986,50.165
2020-07-13 11:00:00,172431.278,614.706,231.138
2020-07-13 12:00:00,184838.952,359.861,516.146
2020-07-13 13:00:00,196321.48200000002,205.794,979.668
2020-07-13 14:00:00,208585.862,191.397,1345.452
2020-07-13 15:00:00,220046.73200000002,259.459,1462.288
2020-07-13 16:00:00,229890.108,288.67,1579.219
2020-07-13 17:00:00,238165.55599999998,364.816,1537.306
2020-07-13 18:00:00,244775.72,399.128,1439.694
2020-07-13 19:00:00,249868.134,381.74,1289.652
2020-07-13 20:00:00,253710.808,462.273,1121.761
2020-07-13 21:00:00,255444.01,591.749,834.497
2020-07-13 22:00:00,252103.598,588.863,515.528
2020-07-13 23:00:00,242909.212,533.432,187.425
2020-07-14 00:00:00,230803.718,503.534,12.464
2020-07-14 01:00:00,221225.99599999998,582.831,-3.103
2020-07-14 02:00:00,205964.742,633.01,-2.927
2020-07-14 03:00:00,188634.274,727.715,-3.012
2020-07-14 04:00:00,173982.232,973.441,-3.147
2020-07-14 05:00:00,162240.91999999998,1065.09,-3.019
2020-07-14 06:00:00,154590.448,898.439,-2.998
2020-07-14 07:00:00,149938.466,715.144,-2.935
2020-07-14 08:00:00,148480.938,662.962,-2.986
2020-07-14 09:00:00,152210.11,714.805,-2.012
2020-07-14 10:00:00,158610.326,870.214,79.862
2020-07-14 11:00:00,170151.388,1153.459,594.36
2020-07-14 12:00:00,183433.834,982.236,1120.582
2020-07-14 13:00:00,195621.99599999998,518.906,1423.78
2020-07-14 14:00:00,207596.288,660.533,1637.777
2020-07-14 15:00:00,220017.34,897.749,1668.104
2020-07-14 16:00:00,231106.828,943.617,1557.97
2020-07-14 17:00:00,239796.632,809.105,1492.415
2020-07-14 18:00:00,246957.998,758.238,1390.04
2020-07-14 19:00:00,252351.398,929.69,1374.905
2020-07-14 20:00:00,257326.348,1198.512,1254.831
2020-07-14 21:00:00,260463.818,1413.021,1020.556
2020-07-14 22:00:00,257590.098,1531.763,770.992
2020-07-14 23:00:00,248459.824,1438.482,231.739
2020-07-15 00:00:00,235863.062,1307.927,9.094
2020-07-15 01:00:00,226583.714,1264.048,1.3
2020-07-15 02:00:00,210679.442,1303.096,1.141
2020-07-15 03:00:00,192610.53399999999,1287.349,1.15
2020-07-15 04:00:00,177567.124,1703.313,1.174
2020-07-15 05:00:00,166219.84,2079.299,1.088
2020-07-15 06:00:00,158226.21,2541.153,1.307
2020-07-15 07:00:00,153223.906,2470.392,1.15
2020-07-15 08:00:00,152096.4,2495.34,1.151
2020-07-15 09:00:00,155683.73,2373.327,1.845
2020-07-15 10:00:00,162389.43,2256.26,83.152
2020-07-15 11:00:00,174753.394,2493.372,524.214
2020-07-15 12:00:00,188733.93,1892.888,1072.892
2020-07-15 13:00:00,203550.008,1199.78,1421.845
2020-07-15 14:00:00,218499.476,715.708,1531.781
2020-07-15 15:00:00,232695.256,656.133,1562.724
2020-07-15 16:00:00,244895.554,673.358,1559.447
2020-07-15 17:00:00,254178.672,590.813,1478.999
2020-07-15 18:00:00,259340.664,1039.543,1437.289
2020-07-15 19:00:00,263065.516,1550.818,1283.559
2020-07-15 20:00:00,265095.552,1920.103,1241.443
2020-07-15 21:00:00,265120.234,2263.615,1102.128
2020-07-15 22:00:00,261436.456,2407.538,725.048
2020-07-15 23:00:00,251399.962,3219.884,223.051
2020-07-16 00:00:00,239995.814,3698.915,9.238
2020-07-16 01:00:00,230982.662,4339.39,1.287
2020-07-16 02:00:00,215427.156,5088.691,1.145
2020-07-16 03:00:00,198094.99,4952.432,1.086
2020-07-16 04:00:00,183768.07,4691.257,-3.045
2020-07-16 05:00:00,173209.99,3767.012,-3.08
2020-07-16 06:00:00,166010.928,3115.275,-3.14
2020-07-16 07:00:00,161375.22,2658.227,-2.93
2020-07-16 08:00:00,160655.502,3035.066,-3.078
2020-07-16 09:00:00,164952.124,3323.614,-2.776
2020-07-16 10:00:00,172836.16,3733.609,86.337
2020-07-16 11:00:00,183458.13,3633.76,529.863
2020-07-16 12:00:00,194743.098,3093.229,1003.603
2020-07-16 13:00:00,205473.068,2530.035,1262.662
2020-07-16 14:00:00,216342.21,2221.906,1412.985
2020-07-16 15:00:00,226560.43,2008.391,1470.108
2020-07-16 16:00:00,235930.148,1842.03,1471.991
2020-07-16 17:00:00,244209.834,1746.868,1487.822
2020-07-16 18:00:00,249546.588,1543.195,1498.261
2020-07-16 19:00:00,252958.584,1427.811,1437.03
2020-07-16 20:00:00,255089.708,1212.113,1353.42
2020-07-16 21:00:00,255714.418,1069.047,1132.316
2020-07-16 22:00:00,251226.184,1111.527,722.409
2020-07-16 23:00:00,242677.138,1208.306,221.858
2020-07-17 00:00:00,233155.966,1338.439,7.699
2020-07-17 01:00:00,225388.734,1294.519,-2.972
2020-07-17 02:00:00,211734.68,1247.004,-3.086
2020-07-17 03:00:00,195848.418,1070.318,-3.075
2020-07-17 04:00:00,182086.568,885.384,-0.407
2020-07-17 05:00:00,171721.232,966.736,-0.629
2020-07-17 06:00:00,164630.11,1067.96,-0.508
2020-07-17 07:00:00,159963.296,909.652,-0.597
2020-07-17 08:00:00,159157.4,907.993,-0.409
2020-07-17 09:00:00,163248.034,774.013,-0.276
2020-07-17 10:00:00,170256.542,796.498,50.207
2020-07-17 11:00:00,181476.318,858.034,367.545
2020-07-17 12:00:00,195335.988,744.624,737.026
2020-07-17 13:00:00,209000.42,537.175,1051.703
2020-07-17 14:00:00,223093.072,586.884,1262.707
2020-07-17 15:00:00,236477.952,519.264,1368.387
2020-07-17 16:00:00,248213.544,462.079,1446.845
2020-07-17 17:00:00,257728.396,439.783,1468.023
2020-07-17 18:00:00,264414.714,446.007,1446.1
2020-07-17 19:00:00,269364.212,438.468,1327.459
2020-07-17 20:00:00,273461.012,481.346,1143.103
2020-07-17 21:00:00,274775.962,731.82,858.337
2020-07-17 22:00:00,272253.262,996.92,379.635
2020-07-17 23:00:00,263524.778,1022.726,75.708
2020-07-18 00:00:00,251638.048,835.243,1.605
2020-07-18 01:00:00,241259.324,727.978,-3.077
2020-07-18 02:00:00,226294.05,921.813,-3.131
2020-07-18 03:00:00,208465.902,1188.992,-3.048
2020-07-18 04:00:00,192531.89,1333.15,-3.151
2020-07-18 05:00:00,180145.028,1689.532,-3.157
2020-07-18 06:00:00,170929.718,2342.718,-3.229
2020-07-18 07:00:00,163786.568,2385.874,-2.959
2020-07-18 08:00:00,159777.118,2275.394,-3.113
2020-07-18 09:00:00,158253.984,2262.003,-2.32
2020-07-18 10:00:00,158314.594,2253.076,64.904
2020-07-18 11:00:00,166228.176,2284.661,531.585
2020-07-18 12:00:00,181890.094,1785.44,1080.545
2020-07-18 13:00:00,200526.322,1620.148,1430.531
2020-07-18 14:00:00,219347.512,1744.915,1598.296
2020-07-18 15:00:00,235812.578,1581.016,1643.228
2020-07-18 16:00:00,248542.046,1707.983,1690.315
2020-07-18 17:00:00,257717.604,1903.169,1599.803
2020-07-18 18:00:00,263665.836,2062.653,1517.546
2020-07-18 19:00:00,268781.402,2387.5,1368.469
2020-07-18 20:00:00,273885.088,2931.291,1103.728
2020-07-18 21:00:00,276250.996,3286.978,1000.458
2020-07-18 22:00:00,273690.924,3279.559,576.098
2020-07-18 23:00:00,265765.784,3029.745,193.618
2020-07-19 00:00:00,254823.804,3152.443,5.36
2020-07-19 01:00:00,246324.53,3650.395,-3.259
2020-07-19 02:00:00,232378.268,4157.523,-3.193
2020-07-19 03:00:00,216257.922,4354.452,-3.022
2020-07-19 04:00:00,200763.772,4832.51,-3.239
2020-07-19 05:00:00,188656.744,5439.513,-3.165
2020-07-19 06:00:00,179173.27,5617.195,-2.961
2020-07-19 07:00:00,172463.158,5576.1,-3.227
2020-07-19 08:00:00,167615.542,5494.583,-3.17
2020-07-19 09:00:00,165428.472,5567.037,-2.098
2020-07-19 10:00:00,164486.39,5526.687,60.304
2020-07-19 11:00:00,171327.36,5227.685,519.12
2020-07-19 12:00:00,186848.70799999998,4967.767,1095.311
2020-07-19 13:00:00,206619.06,4574.883,1437.757
2020-07-19 14:00:00,225112.14,3850.765,1570.717
2020-07-19 15:00:00,240676.592,3765.131,1633.759
2020-07-19 16:00:00,252191.832,3416.098,1675.766
2020-07-19 17:00:00,258492.636,3419.594,1626.162
2020-07-19 18:00:00,262558.406,3405.858,1591.143
2020-07-19 19:00:00,266108.792,3178.901,1504.175
2020-07-19 20:00:00,269859.756,2945.166,1384.674
2020-07-19 21:00:00,271298.08,2919.681,1103.494
2020-07-19 22:00:00,267977.122,2343.194,699.97
2020-07-19 23:00:00,261223.456,1940.914,244.405
2020-07-20 00:00:00,252281.26,1977.77,3.755
2020-07-20 01:00:00,243906.436,2417.979,-3.248
2020-07-20 02:00:00,229959.914,2848.545,-3.047
2020-07-20 03:00:00,214151.222,2645.66,-3.097
2020-07-20 04:00:00,200334.88,2378.825,-3.276
2020-07-20 05:00:00,189842.374,2567.057,-3.058
2020-07-20 06:00:00,182415.17,2652.877,-3.303
2020-07-20 07:00:00,178197.338,2273.742,-3.17
2020-07-20 08:00:00,177455.948,1869.979,-3.117
2020-07-20 09:00:00,181821.524,1776.089,-0.547
2020-07-20 10:00:00,188865.826,1683.251,63.774
2020-07-20 11:00:00,201530.214,1289.521,503.168
2020-07-20 12:00:00,216666.816,966.462,995.647
2020-07-20 13:00:00,231790.54,730.812,1348.943
2020-07-20 14:00:00,247347.86,538.523,1478.523
2020-07-20 15:00:00,261126.934,425.068,1634.051
2020-07-20 16:00:00,272590.632,491.96,1628.642
2020-07-20 17:00:00,280725.246,608.989,1635.828
2020-07-20 18:00:00,284506.212,588.032,1617.96
2020-07-20 19:00:00,287108.338,585.981,1541.089
2020-07-20 20:00:00,289175.96,610.868,1377.665
2020-07-20 21:00:00,288666.44,784.171,1039.407
2020-07-20 22:00:00,284666.518,860.832,521.057
2020-07-20 23:00:00,274024.358,851.795,179.481
2020-07-21 00:00:00,262234.2,638.449,3.568
2020-07-21 01:00:00,252576.956,615.989,-3.003
2020-07-21 02:00:00,235768.778,453.66,-3.218
2020-07-21 03:00:00,217337.5,338.98,-3.139
2020-07-21 04:00:00,201186.48,261.032,-3.422
2020-07-21 05:00:00,188723.516,323.008,-3.294
2020-07-21 06:00:00,179748.944,410.179,-3.2
2020-07-21 07:00:00,174080.678,417.95,-3.21
2020-07-21 08:00:00,171913.234,517.447,-3.342
2020-07-21 09:00:00,175100.128,733.031,-3.02
2020-07-21 10:00:00,181653.762,744.31,60.265
2020-07-21 11:00:00,193491.676,612.069,519.08
2020-07-21 12:00:00,207664.308,463.407,1107.158
2020-07-21 13:00:00,222150.672,365.469,1427.692
2020-07-21 14:00:00,237164.48,300.557,1602.191
2020-07-21 15:00:00,250712.972,422.77,1690.913
2020-07-21 16:00:00,262966.446,413.682,1717.042
2020-07-21 17:00:00,272203.874,1206.437,1695.375
2020-07-21 18:00:00,276435.784,999.362,1593.285
2020-07-21 19:00:00,279491.01,875.705,1493.839
2020-07-21 20:00:00,282042.194,807.511,1355.087
2020-07-21 21:00:00,281607.762,982.322,951.582
2020-07-21 22:00:00,277704.698,565.414,513.391
2020-07-21 23:00:00,267503.982,539.081,103.694
2020-07-22 00:00:00,256327.35,685.407,-1.064
2020-07-22 01:00:00,246617.62,859.344,-3.389
2020-07-22 02:00:00,230529.20799999998,830.356,-3.241
2020-07-22 03:00:00,213549.414,1254.628,-3.21
2020-07-22 04:00:00,198542.088,1463.22,-3.294
2020-07-22 05:00:00,186562.622,1387.708,-3.074
2020-07-22 06:00:00,178856.078,1768.658,-3.167
2020-07-22 07:00:00,173697.498,1218.811,-3.169
2020-07-22 08:00:00,172232.614,1037.378,-3.178
2020-07-22 09:00:00,175871.352,1124.401,-2.901
2020-07-22 10:00:00,183473.704,1109.701,58.268
2020-07-22 11:00:00,194150.496,1158.99,400.048
2020-07-22 12:00:00,206237.93,1133.836,959.793
2020-07-22 13:00:00,218821.418,1099.236,1318.788
2020-07-22 14:00:00,232922.748,853.794,1522.479
2020-07-22 15:00:00,246781.128,897.451,1630.191
2020-07-22 16:00:00,258961.1,1232.591,1625.08
2020-07-22 17:00:00,268116.452,1306.516,1566.889
2020-07-22 18:00:00,273132.898,1128.597,1490.055
2020-07-22 19:00:00,273677.252,1014.729,1436.208
2020-07-22 20:00:00,271304.774,1027.34,1265.71
2020-07-22 21:00:00,268424.738,1126.257,915.734
2020-07-22 22:00:00,260488.038,1151.657,507.43
2020-07-22 23:00:00,249489.44,925.372,138.686
2020-07-23 00:00:00,239349.158,883.962,0.357
2020-07-23 01:00:00,230850.788,1005.127,-3.058
2020-07-23 02:00:00,217073.5,1179.768,-1.041
2020-07-23 03:00:00,200860.994,1196.642,-2.99
2020-07-23 04:00:00,187128.098,1374.376,-2.955
2020-07-23 05:00:00,176439.048,1479.218,-3.036
2020-07-23 06:00:00,169568.452,1386.659,-2.92
2020-07-23 07:00:00,165540.154,1358.662,-2.925
2020-07-23 08:00:00,164710.836,1300.433,-2.907
2020-07-23 09:00:00,169045.734,1320.424,-3.085
2020-07-23 10:00:00,176807.734,1350.859,64.935
2020-07-23 11:00:00,187379.156,1132.678,485.03
2020-07-23 12:00:00,199318.77000000002,851.475,910.032
2020-07-23 13:00:00,210643.35,560.222,1030.713
2020-07-23 14:00:00,221580.346,530.712,1139.342
2020-07-23 15:00:00,231816.952,516.747,1305.181
2020-07-23 16:00:00,242320.59399999998,586.317,1451.758
2020-07-23 17:00:00,252798.8,537.674,1431.753
2020-07-23 18:00:00,260173.758,670.559,1348.224
2020-07-23 19:00:00,264415.434,852.559,996.976
2020-07-23 20:00:00,267564.418,895.333,678.653
2020-07-23 21:00:00,267412.576,727.705,395.501
2020-07-23 22:00:00,261355.142,582.214,221.931
2020-07-23 23:00:00,251332.818,491.318,55.726
2020-07-24 00:00:00,241519.446,439.082,-1.711
2020-07-24 01:00:00,230979.948,490.333,-2.829
2020-07-24 02:00:00,216741.902,726.764,-2.986
2020-07-24 03:00:00,200684.238,913.059,-2.802
2020-07-24 04:00:00,186021.184,897.558,-2.898
2020-07-24 05:00:00,175164.032,677.555,-2.811
2020-07-24 06:00:00,167836.396,618.795,-2.953
2020-07-24 07:00:00,163316.456,525.308,-3.037
2020-07-24 08:00:00,162410.696,487.141,-2.913
2020-07-24 09:00:00,166492.946,525.408,-3.093
2020-07-24 10:00:00,173041.5,507.183,30.231
2020-07-24 11:00:00,182568.196,455.101,238.137
2020-07-24 12:00:00,193984.318,332.002,421.175
2020-07-24 13:00:00,205220.85,191.262,522.638
2020-07-24 14:00:00,215885.052,153.506,723.782
2020-07-24 15:00:00,225976.214,153.178,814.57
2020-07-24 16:00:00,236548.952,153.314,985.77
2020-07-24 17:00:00,244916.474,147.145,1023.022
2020-07-24 18:00:00,250701.658,112.321,992.127
2020-07-24 19:00:00,253334.97,104.572,1146.283
2020-07-24 20:00:00,255173.712,116.856,1120.325
2020-07-24 21:00:00,254627.65,115.965,945.249
2020-07-24 22:00:00,251106.946,65.374,591.107
2020-07-24 23:00:00,242644.992,37.952,135.401
2020-07-25 00:00:00,232685.968,50.311,1.151
2020-07-25 01:00:00,224216.766,121.856,-3.117
2020-07-25 02:00:00,210365.354,277.734,-3.512
2020-07-25 03:00:00,194347.04200000002,569.962,-3.138
2020-07-25 04:00:00,179932.676,711.989,-3.179
2020-07-25 05:00:00,168480.516,715.783,-3.161
2020-07-25 06:00:00,160436.962,547.706,-3.068
2020-07-25 07:00:00,154903.002,479.158,-3.289
2020-07-25 08:00:00,151727.868,412.036,-3.283
2020-07-25 09:00:00,151203.39,270.924,-3.177
2020-07-25 10:00:00,151601.666,251.873,36.828
2020-07-25 11:00:00,158421.028,332.018,357.501
2020-07-25 12:00:00,171979.496,302.353,968.147
2020-07-25 13:00:00,188257.326,152.155,1268.622
2020-07-25 14:00:00,204605.07,131.941,1429.22
2020-07-25 15:00:00,220140.484,131.084,1512.05
2020-07-25 16:00:00,232937.586,98.066,1506.315
2020-07-25 17:00:00,242730.326,110.566,1431.088
2020-07-25 18:00:00,250095.924,139.315,1421.594
2020-07-25 19:00:00,256334.908,159.552,1289.58
2020-07-25 20:00:00,261774.714,202.238,1133.164
2020-07-25 21:00:00,264878.888,232.254,1056.016
2020-07-25 22:00:00,262588.76,221.849,674.042
2020-07-25 23:00:00,254227.858,203.09,173.474
2020-07-26 00:00:00,243241.358,272.157,2.99
2020-07-26 01:00:00,234027.632,560.425,-3.111
2020-07-26 02:00:00,219725.602,1021.249,-3.283
2020-07-26 03:00:00,203627.494,1360.024,-3.169
2020-07-26 04:00:00,189259.522,1532.48,-3.378
2020-07-26 05:00:00,177584.632,1692.092,-3.266
2020-07-26 06:00:00,168877.002,1927.231,-3.195
2020-07-26 07:00:00,162467.508,2228.725,-3.185
2020-07-26 08:00:00,158514.516,2362.828,-3.239
2020-07-26 09:00:00,156756.368,2424.928,-3.108
2020-07-26 10:00:00,155720.294,2222.329,56.954
2020-07-26 11:00:00,162009.044,2152.669,533.705
2020-07-26 12:00:00,177769.62,1600.968,1114.792
2020-07-26 13:00:00,197492.092,976.516,1440.13
2020-07-26 14:00:00,217330.346,1112.464,1631.978
2020-07-26 15:00:00,234838.434,1241.445,1692.38
2020-07-26 16:00:00,248103.812,1342.852,1631.309
2020-07-26 17:00:00,257375.406,1432.134,1605.189
2020-07-26 18:00:00,263982.142,1727.034,1579.594
2020-07-26 19:00:00,269848.546,1949.392,1566.194
2020-07-26 20:00:00,275443.874,2267.821,1361.996
2020-07-26 21:00:00,278716.7,2638.016,1059.912
2020-07-26 22:00:00,276556.164,2992.753,566.683
2020-07-26 23:00:00,268971.788,2475.639,143.73
2020-07-27 00:00:00,257798.35,1961.122,1.66
2020-07-27 01:00:00,248232.026,2313.575,-3.052
2020-07-27 02:00:00,230893.56,2672.378,-3.252
2020-07-27 03:00:00,212916.29200000002,3298.855,-3.245
2020-07-27 04:00:00,197814.132,3600.841,-3.173
2020-07-27 05:00:00,186689.08,3839.481,-3.091
2020-07-27 06:00:00,178619.18,3538.088,-3.191
2020-07-27 07:00:00,173729.728,2963.386,-3.154
2020-07-27 08:00:00,172801.18,2321.532,-3.042
2020-07-27 09:00:00,176498.182,2173.462,-3.125
2020-07-27 10:00:00,183738.888,2153.926,58.344
2020-07-27 11:00:00,196775.168,1905.914,549.179
2020-07-27 12:00:00,213669.344,1277.988,1148.718
2020-07-27 13:00:00,230408.654,1107.964,1481.475
2020-07-27 14:00:00,246402.548,1058.308,1647.904
2020-07-27 15:00:00,260909.32,1103.404,1716.864
2020-07-27 16:00:00,273308.32,1315.725,1719.871
2020-07-27 17:00:00,280947.894,1721.42,1665.459
2020-07-27 18:00:00,284781.43,1718.009,1585.096
2020-07-27 19:00:00,286500.776,1583.516,1517.361
2020-07-27 20:00:00,287524.764,1840.682,1343.556
2020-07-27 21:00:00,286518.326,2385.2,1192.865
2020-07-27 22:00:00,283223.414,2275.783,690.955
2020-07-27 23:00:00,273385.142,1857.449,183.292
2020-07-28 00:00:00,262242.854,1830.764,0.617
2020-07-28 01:00:00,251006.784,2094.064,-3.181
2020-07-28 02:00:00,234422.272,2139.239,-3.156
2020-07-28 03:00:00,216792.39,1783.246,-3.421
2020-07-28 04:00:00,201740.554,1536.003,-3.244
2020-07-28 05:00:00,190404.272,1628.449,-3.081
2020-07-28 06:00:00,181879.33000000002,1887.706,-3.084
2020-07-28 07:00:00,176492.732,2069.329,-3.243
2020-07-28 08:00:00,174975.21,2223.502,-3.084
2020-07-28 09:00:00,178410.132,2361.7,-3.013
2020-07-28 10:00:00,185651.554,2176.275,52.019
2020-07-28 11:00:00,197795.57,1604.4,541.805
2020-07-28 12:00:00,212834.724,1037.18,1149.436
2020-07-28 13:00:00,227047.982,546.64,1446.077
2020-07-28 14:00:00,240977.104,422.024,1603.683
2020-07-28 15:00:00,253665.69,457.923,1677.593
2020-07-28 16:00:00,263837.478,582.521,1649.828
2020-07-28 17:00:00,271916.788,793.625,1557.472
2020-07-28 18:00:00,276827.61,989.907,1458.759
2020-07-28 19:00:00,278443.174,1158.175,1357.778
2020-07-28 20:00:00,279843.81,1379.929,1102.592
2020-07-28 21:00:00,280286.608,1542.939,764.761
2020-07-28 22:00:00,276912.984,1531.393,266.206
2020-07-28 23:00:00,266987.156,1199.656,39.674
2020-07-29 00:00:00,254999.492,1030.304,-0.261
2020-07-29 01:00:00,243813.596,1281.289,-3.048
2020-07-29 02:00:00,226726.29200000002,1497.034,-3.119
2020-07-29 03:00:00,208984.208,1569.878,-3.046
2020-07-29 04:00:00,193411.878,1667.309,-3.063
2020-07-29 05:00:00,181766.392,1843.281,-3.373
2020-07-29 06:00:00,173283.612,2406.784,-3.307
2020-07-29 07:00:00,168068.246,2560.485,-3.149
2020-07-29 08:00:00,166375.164,2476.492,-3.256
2020-07-29 09:00:00,169682.88,2413.945,-3.235
2020-07-29 10:00:00,176030.504,2435.687,36.779
2020-07-29 11:00:00,187813.354,2272.899,315.136
2020-07-29 12:00:00,202697.576,1624.328,719.574
2020-07-29 13:00:00,218191.73200000002,816.59,1054.639
2020-07-29 14:00:00,233013.948,804.358,1225.671
2020-07-29 15:00:00,246323.202,1003.967,1339.321
2020-07-29 16:00:00,258353.156,806.059,1413.703
2020-07-29 17:00:00,267612.676,661.133,1506.815
2020-07-29 18:00:00,274041.652,642.198,1451.631
2020-07-29 19:00:00,277587.544,626.937,1336.596
2020-07-29 20:00:00,280865.018,657.64,1084.434
2020-07-29 21:00:00,282121.574,640.405,791.324
2020-07-29 22:00:00,279709.208,696.129,524.092
2020-07-29 23:00:00,270105.972,689.106,166.926
2020-07-30 00:00:00,257927.906,798.593,-0.182
2020-07-30 01:00:00,247465.008,917.069,-3.253
2020-07-30 02:00:00,229971.95,754.539,-3.395
2020-07-30 03:00:00,211452.03,825.435,-3.105
2020-07-30 04:00:00,195732.14,993.925,-3.354
2020-07-30 05:00:00,184286.556,1025.828,-3.16
2020-07-30 06:00:00,176088.144,962.584,-3.214
2020-07-30 07:00:00,170824.836,881.295,-3.209
2020-07-30 08:00:00,169208.91,812.933,-3.142
2020-07-30 09:00:00,172451.088,848.342,-3.061
2020-07-30 10:00:00,179462.152,831.333,48.268
2020-07-30 11:00:00,190334.396,832.345,422.228
2020-07-30 12:00:00,204018.488,724.061,908.803
2020-07-30 13:00:00,217606.056,537.259,1277.44
2020-07-30 14:00:00,231853.782,595.531,1486.522
2020-07-30 15:00:00,244133.822,627.84,1614.401
2020-07-30 16:00:00,255101.346,822.395,1629.434
2020-07-30 17:00:00,263153.222,996.671,1550.417
2020-07-30 18:00:00,267050.266,1096.697,1479.924
2020-07-30 19:00:00,268149.882,1142.71,1364.039
2020-07-30 20:00:00,266256.922,1310.546,1150.885
2020-07-30 21:00:00,262074.076,1431.219,899.11
2020-07-30 22:00:00,254078.798,1325.817,498.422
2020-07-30 23:00:00,244722.88400000002,1323.987,96.076
2020-07-31 00:00:00,236851.946,1516.827,-1.252
2020-07-31 01:00:00,227791.296,1732.398,-3.211
2020-07-31 02:00:00,213893.606,2286.348,-3.206
2020-07-31 03:00:00,198510.076,2902.064,-3.38
2020-07-31 04:00:00,185088.362,2981.036,-3.215
2020-07-31 05:00:00,174453.116,2884.125,-3.203
2020-07-31 06:00:00,167214.238,2816.351,-3.176
2020-07-31 07:00:00,162849.388,2635.301,-3.34
2020-07-31 08:00:00,162286.044,2590.731,-3.184
2020-07-31 09:00:00,165848.664,2317.325,-3.399
2020-07-31 10:00:00,172984.088,2192.095,13.087
2020-07-31 11:00:00,181179.952,1969.673,110.629
2020-07-31 12:00:00,191375.576,1452.438,256.151
2020-07-31 13:00:00,200614.69,907.297,535.808
2020-07-31 14:00:00,209065.346,767.185,856.107
2020-07-31 15:00:00,217114.324,741.747,1022.874
2020-07-31 16:00:00,224191.734,786.246,1102.643
2020-07-31 17:00:00,230051.052,847.907,1113.34
2020-07-31 18:00:00,234179.298,975.083,1122.462
2020-07-31 19:00:00,237213.25400000002,1052.889,1041.28
2020-07-31 20:00:00,239508.288,1147.587,983.874
2020-07-31 21:00:00,239909.444,1225.213,702.792
2020-07-31 22:00:00,235964.426,1071.92,435.571
2020-07-31 23:00:00,227400.68,943.176,81.98
2020-08-01 00:00:00,219097.512,1198.75,-1.238
2020-08-01 01:00:00,212432.372,1362.133,-3.264
2020-08-01 02:00:00,199793.96,1602.571,-3.068
2020-08-01 03:00:00,185219.206,1850.217,-3.203
2020-08-01 04:00:00,172749.068,1660.591,-3.049
2020-08-01 05:00:00,163390.462,1541.639,-3.019
2020-08-01 06:00:00,156515.604,1291.178,-2.933
2020-08-01 07:00:00,151844.892,1070.091,-3.022
2020-08-01 08:00:00,149606.208,977.072,-3.13
2020-08-01 09:00:00,149930.434,893.179,-2.929
2020-08-01 10:00:00,151602.1,1030.841,20.701
2020-08-01 11:00:00,157434.932,1302.462,193.533
2020-08-01 12:00:00,167905.194,1112.085,550.01
2020-08-01 13:00:00,179707.962,768.525,867.663
2020-08-01 14:00:00,191812.948,612.385,1126.764
2020-08-01 15:00:00,202928.142,648.181,1329.875
2020-08-01 16:00:00,212416.922,554.585,1367.165
2020-08-01 17:00:00,219708.91,584.102,1350.805
2020-08-01 18:00:00,225105.232,798.511,1296.945
2020-08-01 19:00:00,229117.5,912.626,1003.136
2020-08-01 20:00:00,232943.55,893.938,786.434
2020-08-01 21:00:00,233605.572,1100.388,510.831
2020-08-01 22:00:00,229597.772,1215.521,245.394
2020-08-01 23:00:00,221646.46,1061.004,58.811
2020-08-02 00:00:00,215949.38199999998,1071.818,-2.244
2020-08-02 01:00:00,210464.876,1136.61,-3.126
2020-08-02 02:00:00,199709.014,1407.151,-3.02
2020-08-02 03:00:00,187275.878,1655.127,-3.036
2020-08-02 04:00:00,176336.08,1640.626,-3.041
2020-08-02 05:00:00,167800.79,1433.721,-3.158
2020-08-02 06:00:00,161294.258,1387.26,-3.077
2020-08-02 07:00:00,157312.516,1417.602,-3.218
2020-08-02 08:00:00,155269.824,1556.728,-2.977
2020-08-02 09:00:00,155071.02,1899.006,-3.13
2020-08-02 10:00:00,155489.402,1821.25,26.089
2020-08-02 11:00:00,158873.896,2115.626,281.449
2020-08-02 12:00:00,168034.482,2196.545,676.836
2020-08-02 13:00:00,180025.468,2144.976,1028.299
2020-08-02 14:00:00,192098.26,2138.355,1294.898
2020-08-02 15:00:00,203741.062,2204.24,1442.737
2020-08-02 16:00:00,215465.274,2187.55,1546.953
2020-08-02 17:00:00,224275.506,2039.786,1460.284
2020-08-02 18:00:00,230359.936,2016.181,1409.258
2020-08-02 19:00:00,235128.98,1981.317,1397.74
2020-08-02 20:00:00,239236.348,2177.944,1317.142
2020-08-02 21:00:00,241377.884,2119.376,1109.83
2020-08-02 22:00:00,239336.748,2063.853,647.906
2020-08-02 23:00:00,232298.664,1767.801,120.856
2020-08-03 00:00:00,225103.978,1579.286,-2.381
2020-08-03 01:00:00,218416.414,1514.521,-3.105
2020-08-03 02:00:00,205800.406,1687.509,-3.074
2020-08-03 03:00:00,191846.222,1392.758,-3.25
2020-08-03 04:00:00,179300.362,1233.171,-2.943
2020-08-03 05:00:00,169988.844,1157.572,-3.097
2020-08-03 06:00:00,163298.896,1198.808,-2.986
2020-08-03 07:00:00,158936.158,1238.058,-2.767
2020-08-03 08:00:00,158270.252,1217.835,-3.15
2020-08-03 09:00:00,162379.52,1219.057,-2.682
2020-08-03 10:00:00,169758.918,974.635,34.353
2020-08-03 11:00:00,179078.22,906.584,319.228
2020-08-03 12:00:00,190422.90600000002,690.044,713.086
2020-08-03 13:00:00,201385.876,461.502,1104.989
2020-08-03 14:00:00,212506.57,276.367,1293.553
2020-08-03 15:00:00,223960.338,350.854,1140.713
2020-08-03 16:00:00,233767.862,509.745,1136.3
2020-08-03 17:00:00,240232.664,641.724,956.689
2020-08-03 18:00:00,243589.71,810.667,937.069
2020-08-03 19:00:00,244533.682,978.867,754.615
2020-08-03 20:00:00,243349.4,1214.373,312.181
2020-08-03 21:00:00,238700.904,1465.01,125.033
2020-08-03 22:00:00,230505.47,1738.476,62.246
2020-08-03 23:00:00,221294.58,1937.148,13.206
2020-08-04 00:00:00,214805.386,1830.186,-1.134
2020-08-04 01:00:00,206884.582,1578.777,-1.503
2020-08-04 02:00:00,194242.896,1495.828,-1.235
2020-08-04 03:00:00,180389.354,1513.901,-1.364
2020-08-04 04:00:00,169337.1,1701.321,-1.307
2020-08-04 05:00:00,161409.37,1677.549,-1.161
2020-08-04 06:00:00,155936.556,1580.643,-1.183
2020-08-04 07:00:00,152564.124,1557.264,-1.491
2020-08-04 08:00:00,152983.322,1402.588,-1.16
2020-08-04 09:00:00,157536.062,1322.984,-1.198
2020-08-04 10:00:00,165752.55800000002,1330.517,0.345
2020-08-04 11:00:00,173578.952,1546.315,19.154
2020-08-04 12:00:00,181503.546,1483.629,49.847
2020-08-04 13:00:00,188340.798,1536.001,87.943
2020-08-04 14:00:00,194436.838,1992.999,177.432
2020-08-04 15:00:00,198398.686,2334.908,268.844
2020-08-04 16:00:00,201252.554,2482.897,369.706
2020-08-04 17:00:00,203380.456,2475.81,627.641
2020-08-04 18:00:00,206303.05,2599.121,694.641
2020-08-04 19:00:00,210077.844,2532.463,805.852
2020-08-04 20:00:00,213659.35,2190.556,890.273
2020-08-04 21:00:00,216444.364,2011.273,820.657
2020-08-04 22:00:00,214869.612,1762.195,589.906
2020-08-04 23:00:00,207961.592,1497.587,140.698
2020-08-05 00:00:00,202012.75,1210.167,25.551
2020-08-05 01:00:00,196467.532,1160.438,23.64
2020-08-05 02:00:00,184346.062,911.661,23.553
2020-08-05 03:00:00,171084.242,661.784,23.757
2020-08-05 04:00:00,159510.15600000002,601.9,3.832
2020-08-05 05:00:00,151333.346,612.748,4.007
2020-08-05 06:00:00,145547.13199999998,524.55,4.978
2020-08-05 07:00:00,142180.408,600.941,3.902
2020-08-05 08:00:00,141944.468,604.208,3.847
2020-08-05 09:00:00,146126.642,556.958,4.189
2020-08-05 10:00:00,152631.354,501.393,34.915
2020-08-05 11:00:00,162014.002,421.264,346.056
2020-08-05 12:00:00,173062.746,304.631,796.607
2020-08-05 13:00:00,183328.006,256.397,1108.732
2020-08-05 14:00:00,193611.472,328.68,1252.411
2020-08-05 15:00:00,202862.318,358.206,1292.46
2020-08-05 16:00:00,211302.666,376.225,1247.55
2020-08-05 17:00:00,218679.952,287.611,1240.54
2020-08-05 18:00:00,224145.408,248.504,1137.729
2020-08-05 19:00:00,228527.164,229.999,927.703
2020-08-05 20:00:00,231181.408,218.048,862.062
2020-08-05 21:00:00,232659.416,179.635,653.292
2020-08-05 22:00:00,229171.598,153.134,373.561
2020-08-05 23:00:00,220177.59600000002,114.547,81.875
2020-08-06 00:00:00,211898.096,60.395,-1.624
2020-08-06 01:00:00,204737.158,58.032,-2.794
2020-08-06 02:00:00,190431.214,80.094,-2.634
2020-08-06 03:00:00,176098.108,65.462,-2.537
2020-08-06 04:00:00,163799.026,135.091,-2.851
2020-08-06 05:00:00,155082.916,201.475,-2.817
2020-08-06 06:00:00,149294.388,230.325,-2.721
2020-08-06 07:00:00,145864.034,244.188,-2.859
2020-08-06 08:00:00,145877.922,224.111,-2.69
2020-08-06 09:00:00,150370.074,224.507,-2.656
2020-08-06 10:00:00,157646.31,197.462,24.953
2020-08-06 11:00:00,165988.536,193.193,232.863
2020-08-06 12:00:00,175767.522,146.186,523.307
2020-08-06 13:00:00,183877.14299999998,74.862,689.114
2020-08-06 14:00:00,193040.302,56.332,1028.773
2020-08-06 15:00:00,202416.624,50.867,1189.124
2020-08-06 16:00:00,211651.03,48.703,1200.187
2020-08-06 17:00:00,219475.876,37.748,1194.442
2020-08-06 18:00:00,224853.406,52.322,1008.418
2020-08-06 19:00:00,228141.84,58.506,705.89
2020-08-06 20:00:00,229822.362,115.215,382.685
2020-08-06 21:00:00,228995.916,99.637,229.578
2020-08-06 22:00:00,224044.106,115.088,99.883
2020-08-06 23:00:00,216456.82,65.283,27.084
2020-08-07 00:00:00,210038.678,73.462,-2.641
2020-08-07 01:00:00,203191.652,98.94,-2.419
2020-08-07 02:00:00,190244.936,235.507,-2.331
2020-08-07 03:00:00,176547.488,400.316,-2.309
2020-08-07 04:00:00,164759.864,421.384,-2.792
2020-08-07 05:00:00,156370.446,454.946,-2.726
2020-08-07 06:00:00,150659.434,354.756,-2.735
2020-08-07 07:00:00,147384.084,330.75,-2.563
2020-08-07 08:00:00,147082.212,220.061,-2.726
2020-08-07 09:00:00,151019.674,143.594,-2.697
2020-08-07 10:00:00,158400.026,94.584,13.001
2020-08-07 11:00:00,166614.742,169.698,152.026
2020-08-07 12:00:00,176943.574,223.817,301.365
2020-08-07 13:00:00,186661.644,137.078,461.156
2020-08-07 14:00:00,196957.112,123.384,650.063
2020-08-07 15:00:00,206563.326,289.458,969.947
2020-08-07 16:00:00,215004.224,419.236,987.919
2020-08-07 17:00:00,223234.80599999998,393.312,1033.779
2020-08-07 18:00:00,229181.876,364.801,977.332
2020-08-07 19:00:00,232351.618,457.588,865.034
2020-08-07 20:00:00,234912.65,483.511,775.718
2020-08-07 21:00:00,234725.678,413.1,548.637
2020-08-07 22:00:00,229049.696,395.603,239.483
2020-08-07 23:00:00,219903.352,353.226,70.737
2020-08-08 00:00:00,211045.434,420.978,-1.171
2020-08-08 01:00:00,203063.052,604.942,-1.471
2020-08-08 02:00:00,190403.816,848.453,-1.691
2020-08-08 03:00:00,176277.736,1152.824,-1.884
2020-08-08 04:00:00,163752.596,1488.654,-1.617
2020-08-08 05:00:00,154682.716,1904.659,-1.8
2020-08-08 06:00:00,147974.202,1850.724,-1.751
2020-08-08 07:00:00,143736.818,2098.402,-1.781
2020-08-08 08:00:00,141560.27,2313.756,-1.801
2020-08-08 09:00:00,142363.688,2320.195,1.359
2020-08-08 10:00:00,143919.158,2191.14,13.496
2020-08-08 11:00:00,148470.03,2123.33,189.629
2020-08-08 12:00:00,158231.324,1881.6,459.498
2020-08-08 13:00:00,170047.68,1201.54,791.054
2020-08-08 14:00:00,182087.078,1105.679,1072.556
2020-08-08 15:00:00,193400.78,1236.403,1216.812
2020-08-08 16:00:00,203096.15,988.657,1282.918
2020-08-08 17:00:00,211543.954,1070.666,1280.87
2020-08-08 18:00:00,218808.014,1157.573,1258.298
2020-08-08 19:00:00,225758.31,1087.293,1041.289
2020-08-08 20:00:00,232212.224,790.654,940.939
2020-08-08 21:00:00,236283.658,698.911,626.483
2020-08-08 22:00:00,234836.584,782.252,280.655
2020-08-08 23:00:00,226743.974,932.956,52.479
2020-08-09 00:00:00,217290.794,1097.424,4.407
2020-08-09 01:00:00,208762.088,1307.805,2.699
2020-08-09 02:00:00,195758.47,1450.039,2.924
2020-08-09 03:00:00,181431.382,1834.689,2.67
2020-08-09 04:00:00,168576.222,1818.552,2.96
2020-08-09 05:00:00,158599.128,1961.488,2.674
2020-08-09 06:00:00,151429.39,2350.595,2.604
2020-08-09 07:00:00,146288.81,2553.29,2.709
2020-08-09 08:00:00,143521.42,1990.58,2.715
2020-08-09 09:00:00,142658.954,1861.773,2.764
2020-08-09 10:00:00,142217.084,1788.726,28.406
2020-08-09 11:00:00,146104.268,1674.263,294.768
2020-08-09 12:00:00,158153.316,1266.504,745.232
2020-08-09 13:00:00,174724.01,763.413,1105.009
2020-08-09 14:00:00,192529.474,738.63,1387.423
2020-08-09 15:00:00,209211.802,808.878,1442.589
2020-08-09 16:00:00,223088.398,822.235,1458.425
2020-08-09 17:00:00,234273.59,988.046,1383.686
2020-08-09 18:00:00,242702.776,1168.937,1400.453
2020-08-09 19:00:00,249723.244,1492.961,1282.511
2020-08-09 20:00:00,255387.9,1512.742,1163.795
2020-08-09 21:00:00,258932.624,1575.93,1013.358
2020-08-09 22:00:00,256981.606,1739.244,459.258
2020-08-09 23:00:00,248797.368,1585.076,91.036
2020-08-10 00:00:00,239615.376,1360.196,-1.928
2020-08-10 01:00:00,230363.05,1885.283,-2.983
2020-08-10 02:00:00,214578.282,2093.447,-3.027
2020-08-10 03:00:00,198080.796,2228.829,-3.042
2020-08-10 04:00:00,184945.214,2302.506,-3.157
2020-08-10 05:00:00,174579.534,2126.053,-3.238
2020-08-10 06:00:00,167302.332,1831.308,-3.056
2020-08-10 07:00:00,162822.21600000001,1785.641,-3.028
2020-08-10 08:00:00,162446.202,1617.773,-3.149
2020-08-10 09:00:00,166875.862,1481.544,-3.187
2020-08-10 10:00:00,174571.224,1587.147,25.581
2020-08-10 11:00:00,186095.3,1526.611,390.713
2020-08-10 12:00:00,201379.26,1055.354,979.731
2020-08-10 13:00:00,217641.25,640.054,1369.166
2020-08-10 14:00:00,234696.114,704.203,1531.561
2020-08-10 15:00:00,249698.934,448.174,1601.989
2020-08-10 16:00:00,263101.052,467.532,1567.399
2020-08-10 17:00:00,273315.144,597.751,1488.402
2020-08-10 18:00:00,279184.188,950.024,1387.108
2020-08-10 19:00:00,281381.192,2139.384,1237.235
2020-08-10 20:00:00,280738.982,2821.701,955.102
2020-08-10 21:00:00,276019.976,3144.748,724.058
2020-08-10 22:00:00,271065.108,2631.654,435.893
2020-08-10 23:00:00,261292.40600000002,1933.802,96.356
2020-08-11 00:00:00,251512.25400000002,2232.686,-2.34
2020-08-11 01:00:00,240098.148,1526.896,-3.088
2020-08-11 02:00:00,222043.074,1406.458,-2.954
2020-08-11 03:00:00,204369.01,1087.572,-3.134
2020-08-11 04:00:00,189674.9,1668.647,-3.079
2020-08-11 05:00:00,178476.752,1593.607,-3.086
2020-08-11 06:00:00,170830.72999999998,1875.422,-3.107
2020-08-11 07:00:00,166074.552,1716.808,-3.237
2020-08-11 08:00:00,165047.25,1473.502,-2.954
2020-08-11 09:00:00,168986.262,1464.035,-3.211
2020-08-11 10:00:00,176896.19,1299.153,21.634
2020-08-11 11:00:00,186512.848,972.16,361.876
2020-08-11 12:00:00,198532.754,567.47,919.041
2020-08-11 13:00:00,211062.878,284.421,1208.024
2020-08-11 14:00:00,224852.01,222.961,1377.568
2020-08-11 15:00:00,238753.924,213.71,1460.826
2020-08-11 16:00:00,251418.89,142.821,1430.275
2020-08-11 17:00:00,261642.492,156.29,1361.133
2020-08-11 18:00:00,268021.292,225.944,1351.255
2020-08-11 19:00:00,272022.782,287.068,1199.919
2020-08-11 20:00:00,275138.796,259.581,1081.681
2020-08-11 21:00:00,276203.638,191.562,928.27
2020-08-11 22:00:00,271633.344,215.514,543.95
2020-08-11 23:00:00,260792.084,295.888,100.698
2020-08-12 00:00:00,251372.476,393.228,-2.757
2020-08-12 01:00:00,240924.228,712.336,-3.135
2020-08-12 02:00:00,223886.822,941.852,-3.2
2020-08-12 03:00:00,206118.94199999998,780.242,-2.966
2020-08-12 04:00:00,191594.284,898.598,-3.088
2020-08-12 05:00:00,180266.51799999998,1017.685,-2.986
2020-08-12 06:00:00,172875.794,973.917,-3.027
2020-08-12 07:00:00,167773.068,820.454,-3.039
2020-08-12 08:00:00,167057.186,675.967,-3.157
2020-08-12 09:00:00,170634.74599999998,534.306,-3.0
2020-08-12 10:00:00,178600.972,425.619,19.276
2020-08-12 11:00:00,187874.174,417.583,332.15
2020-08-12 12:00:00,201134.426,411.287,894.895
2020-08-12 13:00:00,215365.72,242.282,1285.714
2020-08-12 14:00:00,230719.652,46.717,1423.07
2020-08-12 15:00:00,245383.756,132.747,1419.1
2020-08-12 16:00:00,257086.076,209.436,1313.945
2020-08-12 17:00:00,264691.154,180.754,1223.522
2020-08-12 18:00:00,267160.75,193.243,1158.969
2020-08-12 19:00:00,267189.318,155.359,999.019
2020-08-12 20:00:00,266781.806,60.792,908.569
2020-08-12 21:00:00,263721.65,61.717,724.597
2020-08-12 22:00:00,257047.65,116.247,315.498
2020-08-12 23:00:00,247469.54200000002,262.657,53.121
2020-08-13 00:00:00,238712.888,524.321,-2.963
2020-08-13 01:00:00,228567.578,642.992,-3.132
2020-08-13 02:00:00,212910.742,796.948,-3.09
2020-08-13 03:00:00,196632.34,819.288,-3.235
2020-08-13 04:00:00,182878.974,1003.081,-3.07
2020-08-13 05:00:00,172870.574,1106.233,-3.106
2020-08-13 06:00:00,165868.144,1121.416,-3.125
2020-08-13 07:00:00,161818.996,1055.938,-3.088
2020-08-13 08:00:00,160925.462,969.034,-3.189
2020-08-13 09:00:00,165321.038,754.282,-3.152
2020-08-13 10:00:00,173640.754,588.64,39.338
2020-08-13 11:00:00,182652.74,647.378,320.906
2020-08-13 12:00:00,194031.55,663.484,873.559
2020-08-13 13:00:00,205424.69,242.461,837.378
2020-08-13 14:00:00,216707.564,155.355,972.454
2020-08-13 15:00:00,227019.842,243.874,994.748
2020-08-13 16:00:00,237334.16999999998,306.309,981.643
2020-08-13 17:00:00,246154.178,221.819,955.654
2020-08-13 18:00:00,251935.936,186.768,841.564
2020-08-13 19:00:00,255020.016,142.104,704.605
2020-08-13 20:00:00,256991.704,200.706,596.89
2020-08-13 21:00:00,257454.642,221.32,507.479
2020-08-13 22:00:00,252835.31,324.287,269.303
2020-08-13 23:00:00,243928.078,613.875,55.041
2020-08-14 00:00:00,236480.962,861.672,-2.98
2020-08-14 01:00:00,227495.994,1123.994,-3.075
2020-08-14 02:00:00,212302.378,1398.682,-3.159
2020-08-14 03:00:00,196586.45,1295.908,-3.096
2020-08-14 04:00:00,182866.538,1130.866,-3.295
2020-08-14 05:00:00,172858.394,1103.864,-3.279
2020-08-14 06:00:00,166083.28,911.701,-3.062
2020-08-14 07:00:00,161699.912,805.711,-3.26
2020-08-14 08:00:00,161434.726,674.626,-3.191
2020-08-14 09:00:00,165832.952,648.138,-3.049
2020-08-14 10:00:00,173892.908,635.059,5.723
2020-08-14 11:00:00,182895.946,637.204,139.116
2020-08-14 12:00:00,194726.55,535.614,392.368
2020-08-14 13:00:00,207365.204,266.643,684.345
2020-08-14 14:00:00,220089.082,175.349,1017.579
2020-08-14 15:00:00,232419.48,158.371,1135.449
2020-08-14 16:00:00,243007.602,119.159,1262.675
2020-08-14 17:00:00,251838.98,76.249,1184.112
2020-08-14 18:00:00,256428.496,79.61,1269.619
2020-08-14 19:00:00,258302.002,93.952,1104.505
2020-08-14 20:00:00,258035.56,139.459,938.145
2020-08-14 21:00:00,255222.586,238.257,653.637
2020-08-14 22:00:00,247333.832,618.368,347.576
2020-08-14 23:00:00,236160.658,882.42,49.993
2020-08-15 00:00:00,228041.684,1002.464,4.992
2020-08-15 01:00:00,218570.444,1258.156,0.0
2020-08-15 02:00:00,204361.034,1142.297,-3.225
2020-08-15 03:00:00,189060.368,986.92,-3.336
2020-08-15 04:00:00,175497.0,840.691,-3.152
2020-08-15 05:00:00,165437.568,607.828,-3.127
2020-08-15 06:00:00,158258.614,454.339,-3.107
2020-08-15 07:00:00,153113.428,463.639,-3.202
2020-08-15 08:00:00,150528.826,506.714,-3.305
2020-08-15 09:00:00,150573.786,495.123,-3.101
2020-08-15 10:00:00,152416.49,504.841,10.803
2020-08-15 11:00:00,155927.112,490.457,142.753
2020-08-15 12:00:00,165127.792,476.068,338.268
2020-08-15 13:00:00,176022.978,506.178,591.053
2020-08-15 14:00:00,186575.266,548.601,796.15
2020-08-15 15:00:00,196203.754,584.844,1000.728
2020-08-15 16:00:00,204100.32,676.071,1043.362
2020-08-15 17:00:00,209526.208,818.154,914.266
2020-08-15 18:00:00,213417.658,894.964,805.066
2020-08-15 19:00:00,215148.78,764.39,517.823
2020-08-15 20:00:00,216081.528,798.495,333.269
2020-08-15 21:00:00,215700.006,982.809,244.652
2020-08-15 22:00:00,210780.1,1323.383,97.623
2020-08-15 23:00:00,204023.668,1436.572,12.946
2020-08-16 00:00:00,199441.362,1592.18,-3.121
2020-08-16 01:00:00,192998.936,1611.647,-3.104
2020-08-16 02:00:00,182288.75,1698.571,-3.419
2020-08-16 03:00:00,170592.8,2356.644,-3.152
2020-08-16 04:00:00,160004.728,2459.713,-3.162
2020-08-16 05:00:00,151591.856,2564.211,-3.19
2020-08-16 06:00:00,145269.772,2365.541,-3.144
2020-08-16 07:00:00,140879.394,2294.351,-3.477
2020-08-16 08:00:00,138394.536,2524.855,-2.977
2020-08-16 09:00:00,137690.516,2802.81,-3.293
2020-08-16 10:00:00,138298.98,2724.562,-0.107
2020-08-16 11:00:00,139801.68,2361.878,52.031
2020-08-16 12:00:00,147960.648,1701.431,162.959
2020-08-16 13:00:00,158122.348,985.051,257.908
2020-08-16 14:00:00,167774.91,845.252,380.015
2020-08-16 15:00:00,176005.65,1107.347,539.866
2020-08-16 16:00:00,182012.612,997.514,582.912
2020-08-16 17:00:00,186227.764,855.367,685.045
2020-08-16 18:00:00,189972.02,870.877,726.011
2020-08-16 19:00:00,194288.71,961.55,641.445
2020-08-16 20:00:00,198816.782,1101.58,535.364
2020-08-16 21:00:00,203013.67,1088.611,379.077
2020-08-16 22:00:00,203004.09,1109.925,209.648
2020-08-16 23:00:00,198460.286,851.683,39.772
2020-08-17 00:00:00,194040.436,782.233,-3.13
2020-08-17 01:00:00,187893.592,1104.327,-2.993
2020-08-17 02:00:00,176324.752,1500.147,-3.157
2020-08-17 03:00:00,164162.21,1623.903,-3.097
2020-08-17 04:00:00,153468.172,1516.879,-3.14
2020-08-17 05:00:00,146052.95799999998,1229.297,-3.435
2020-08-17 06:00:00,140868.018,1082.455,-3.052
2020-08-17 07:00:00,138021.54,1220.478,-3.245
2020-08-17 08:00:00,138781.70799999998,1049.742,-3.276
2020-08-17 09:00:00,144108.45,724.799,-3.136
2020-08-17 10:00:00,153106.844,734.567,14.835
2020-08-17 11:00:00,161776.024,713.77,298.976
2020-08-17 12:00:00,172871.238,537.649,831.904
2020-08-17 13:00:00,183412.94,245.468,1174.565
2020-08-17 14:00:00,193543.316,210.849,1404.755
2020-08-17 15:00:00,205005.226,327.273,1541.5
2020-08-17 16:00:00,215569.332,629.296,1523.498
2020-08-17 17:00:00,225508.162,863.786,1426.773
2020-08-17 18:00:00,232167.45,950.581,1338.739
2020-08-17 19:00:00,235527.22,922.14,1281.373
2020-08-17 20:00:00,236105.546,1140.678,1138.3
2020-08-17 21:00:00,235886.376,1247.57,933.114
2020-08-17 22:00:00,231192.694,1203.351,404.448
2020-08-17 23:00:00,221950.826,973.186,33.084
2020-08-18 00:00:00,213954.054,893.998,-2.923
2020-08-18 01:00:00,204216.402,892.955,-3.108
2020-08-18 02:00:00,189541.216,1108.961,-3.199
2020-08-18 03:00:00,174677.038,1110.454,-3.177
2020-08-18 04:00:00,162306.804,1337.186,-3.137
2020-08-18 05:00:00,153686.052,1366.113,-3.11
2020-08-18 06:00:00,147237.324,1279.595,-3.1
2020-08-18 07:00:00,143987.87,1245.833,-3.084
2020-08-18 08:00:00,143788.17,1144.495,-3.061
2020-08-18 09:00:00,148775.88,1152.191,-3.37
2020-08-18 10:00:00,156651.112,1181.038,15.931
2020-08-18 11:00:00,165521.578,1364.311,310.467
2020-08-18 12:00:00,175668.148,1027.23,819.357
2020-08-18 13:00:00,185551.066,601.377,1283.12
2020-08-18 14:00:00,195229.352,728.868,1594.572
2020-08-18 15:00:00,203789.45,846.364,1692.623
2020-08-18 16:00:00,212103.718,957.29,1668.179
2020-08-18 17:00:00,220277.454,1025.873,1598.049
2020-08-18 18:00:00,225794.732,1134.395,1524.792
2020-08-18 19:00:00,228883.41,1241.212,1393.925
2020-08-18 20:00:00,231378.228,1343.451,1270.992
2020-08-18 21:00:00,231606.47,1588.338,1036.111
2020-08-18 22:00:00,227226.094,1812.494,492.968
2020-08-18 23:00:00,217189.352,1650.611,62.425
2020-08-19 00:00:00,209979.474,1582.327,-2.888
2020-08-19 01:00:00,200843.832,1877.98,-3.278
2020-08-19 02:00:00,186573.202,1843.864,-3.074
2020-08-19 03:00:00,172206.262,1642.419,-3.056
2020-08-19 04:00:00,160200.752,1308.105,-2.881
2020-08-19 05:00:00,151964.522,1021.651,-3.217
2020-08-19 06:00:00,146127.842,845.531,-2.989
2020-08-19 07:00:00,143029.918,733.523,-3.091
2020-08-19 08:00:00,142977.724,581.909,-3.134
2020-08-19 09:00:00,147781.754,473.379,-3.174
2020-08-19 10:00:00,156706.176,433.732,13.036
2020-08-19 11:00:00,164272.694,555.206,243.729
2020-08-19 12:00:00,172710.53,508.896,466.535
2020-08-19 13:00:00,180332.432,212.355,590.83
2020-08-19 14:00:00,186880.184,153.033,813.937
2020-08-19 15:00:00,193190.86,341.197,830.721
2020-08-19 16:00:00,200601.32,424.214,1182.705
2020-08-19 17:00:00,208166.636,550.122,1128.303
2020-08-19 18:00:00,214003.636,543.74,1084.719
2020-08-19 19:00:00,218996.084,496.216,1100.759
2020-08-19 20:00:00,223059.856,431.015,1002.134
2020-08-19 21:00:00,225823.946,292.834,771.886
2020-08-19 22:00:00,223036.462,222.877,349.614
2020-08-19 23:00:00,213435.646,206.741,40.564
2020-08-20 00:00:00,205624.01,228.136,-3.137
2020-08-20 01:00:00,196769.212,360.195,-3.302
2020-08-20 02:00:00,182405.602,488.963,-3.165
2020-08-20 03:00:00,167933.374,659.321,-3.268
2020-08-20 04:00:00,156208.914,603.146,-3.086
2020-08-20 05:00:00,147179.624,624.618,-3.155
2020-08-20 06:00:00,141307.24599999998,662.232,-3.351
2020-08-20 07:00:00,138117.708,665.956,-3.165
2020-08-20 08:00:00,137677.456,647.252,-3.156
2020-08-20 09:00:00,142188.938,641.125,-3.098
2020-08-20 10:00:00,149835.076,590.337,12.156
2020-08-20 11:00:00,158309.028,518.779,288.744
2020-08-20 12:00:00,167842.636,351.245,719.565
2020-08-20 13:00:00,176843.128,182.738,1076.462
2020-08-20 14:00:00,185682.09,121.207,1325.077
2020-08-20 15:00:00,194934.294,110.545,1429.062
2020-08-20 16:00:00,204364.782,97.579,1541.417
2020-08-20 17:00:00,212957.196,114.507,1556.742
2020-08-20 18:00:00,220744.502,147.255,1468.814
2020-08-20 19:00:00,226745.474,156.054,1264.584
2020-08-20 20:00:00,231676.88199999998,189.423,1081.341
2020-08-20 21:00:00,234089.9,216.792,789.544
2020-08-20 22:00:00,230748.804,182.071,322.937
2020-08-20 23:00:00,220672.468,208.93,37.668
2020-08-21 00:00:00,212518.47,337.383,-3.239
2020-08-21 01:00:00,202420.712,515.681,-3.211
2020-08-21 02:00:00,187309.846,669.467,-3.216
2020-08-21 03:00:00,172217.414,726.486,-3.305
2020-08-21 04:00:00,160295.55,799.732,-3.148
2020-08-21 05:00:00,151543.146,837.598,-3.245
2020-08-21 06:00:00,145553.824,814.67,-3.116
2020-08-21 07:00:00,141882.262,786.301,-3.342
2020-08-21 08:00:00,141770.662,764.533,-3.15
2020-08-21 09:00:00,146288.994,730.649,-3.294
2020-08-21 10:00:00,154270.946,663.652,12.33
2020-08-21 11:00:00,162540.946,543.003,266.772
2020-08-21 12:00:00,173283.834,289.123,736.031
2020-08-21 13:00:00,183822.562,84.033,1020.27
2020-08-21 14:00:00,195199.98,16.977,1154.139
2020-08-21 15:00:00,205708.104,16.307,1249.71
2020-08-21 16:00:00,216142.268,21.878,1346.122
2020-08-21 17:00:00,226632.07,25.209,1391.337
2020-08-21 18:00:00,234146.024,48.753,1357.133
2020-08-21 19:00:00,239852.626,71.208,1172.374
2020-08-21 20:00:00,243584.304,67.594,873.452
2020-08-21 21:00:00,243912.012,85.49,545.058
2020-08-21 22:00:00,237064.214,85.35,204.454
2020-08-21 23:00:00,227981.516,119.796,22.007
2020-08-22 00:00:00,221218.17,153.651,-3.133
2020-08-22 01:00:00,212300.316,254.731,-3.282
2020-08-22 02:00:00,198524.584,382.651,-3.34
2020-08-22 03:00:00,183879.096,394.424,-3.198
2020-08-22 04:00:00,171244.42,336.27,-3.503
2020-08-22 05:00:00,161719.322,348.966,-3.429
2020-08-22 06:00:00,154563.476,369.86,-3.295
2020-08-22 07:00:00,150087.872,334.898,-3.459
2020-08-22 08:00:00,147953.578,247.153,-3.538
2020-08-22 09:00:00,148366.702,185.766,-3.601
2020-08-22 10:00:00,150301.734,120.833,3.019
2020-08-22 11:00:00,153947.266,91.841,129.971
2020-08-22 12:00:00,163979.986,76.473,381.882
2020-08-22 13:00:00,176909.794,53.739,662.505
2020-08-22 14:00:00,191060.356,58.212,893.547
2020-08-22 15:00:00,204472.746,112.965,1197.688
2020-08-22 16:00:00,216758.894,145.691,1355.039
2020-08-22 17:00:00,226043.726,335.379,1363.184
2020-08-22 18:00:00,232468.736,652.683,1236.328
2020-08-22 19:00:00,237496.166,571.755,1180.308
2020-08-22 20:00:00,240241.408,324.392,940.276
2020-08-22 21:00:00,241083.62,311.247,592.301
2020-08-22 22:00:00,236456.06,252.876,221.466
2020-08-22 23:00:00,227024.384,210.028,28.644
2020-08-23 00:00:00,219523.51,291.846,-3.323
2020-08-23 01:00:00,209671.58,429.464,-3.357
2020-08-23 02:00:00,196302.874,501.505,-3.285
2020-08-23 03:00:00,182165.882,628.435,-3.458
2020-08-23 04:00:00,169711.75,750.495,-3.266
2020-08-23 05:00:00,160068.9,929.489,-3.254
2020-08-23 06:00:00,153400.012,1203.262,-3.4
2020-08-23 07:00:00,148661.156,1403.403,-3.242
2020-08-23 08:00:00,146314.954,1451.646,-3.34
2020-08-23 09:00:00,145467.826,1493.559,-3.23
2020-08-23 10:00:00,146255.288,1540.261,4.936
2020-08-23 11:00:00,148694.342,1401.99,167.096
2020-08-23 12:00:00,158694.086,1065.03,605.639
2020-08-23 13:00:00,172282.44,566.389,957.391
2020-08-23 14:00:00,188310.456,279.935,1246.52
2020-08-23 15:00:00,204368.914,280.656,1416.779
2020-08-23 16:00:00,218710.112,457.822,1511.846
2020-08-23 17:00:00,229113.822,681.123,1404.812
2020-08-23 18:00:00,236690.486,901.611,1282.392
2020-08-23 19:00:00,242944.15600000002,928.124,1166.008
2020-08-23 20:00:00,247664.21,915.211,963.373
2020-08-23 21:00:00,249462.174,1006.747,726.103
2020-08-23 22:00:00,244555.666,864.023,275.369
2020-08-23 23:00:00,235902.286,524.612,26.255
2020-08-24 00:00:00,229416.64,490.54,-3.232
2020-08-24 01:00:00,219716.016,784.852,-3.373
2020-08-24 02:00:00,205608.8,1283.829,-3.186
2020-08-24 03:00:00,190310.258,1755.545,-3.242
2020-08-24 04:00:00,178206.264,1854.954,-3.327
2020-08-24 05:00:00,168989.778,1851.262,-3.326
2020-08-24 06:00:00,162377.794,1695.894,-3.418
2020-08-24 07:00:00,158557.656,1516.218,-3.212
2020-08-24 08:00:00,158502.81,1333.498,-3.263
2020-08-24 09:00:00,163740.554,1364.025,-3.238
2020-08-24 10:00:00,173314.27000000002,1284.741,5.609
2020-08-24 11:00:00,183596.28399999999,1283.879,137.282
2020-08-24 12:00:00,197457.53399999999,1082.314,405.734
2020-08-24 13:00:00,212904.426,612.256,749.268
2020-08-24 14:00:00,228561.136,452.243,1035.339
2020-08-24 15:00:00,244061.232,376.73,1138.042
2020-08-24 16:00:00,257783.348,498.575,1155.214
2020-08-24 17:00:00,268091.382,828.974,1209.339
2020-08-24 18:00:00,274759.248,1122.659,1167.388
2020-08-24 19:00:00,278363.538,1221.93,1037.315
2020-08-24 20:00:00,281053.27,1309.934,867.07
2020-08-24 21:00:00,280521.624,1240.329,602.545
2020-08-24 22:00:00,274664.738,1141.751,281.395
2020-08-24 23:00:00,263485.408,1076.886,27.693
2020-08-25 00:00:00,255020.268,1588.329,-3.14
2020-08-25 01:00:00,242104.092,1965.27,-3.382
2020-08-25 02:00:00,224454.62,2423.229,-3.184
2020-08-25 03:00:00,207406.902,2975.47,-3.317
2020-08-25 04:00:00,192571.75,3345.556,-3.319
2020-08-25 05:00:00,182029.91,3731.166,-3.298
2020-08-25 06:00:00,174840.686,3864.494,-3.279
2020-08-25 07:00:00,170030.148,3847.318,-3.254
2020-08-25 08:00:00,169298.096,3833.728,-3.343
2020-08-25 09:00:00,174051.592,3527.028,-3.321
2020-08-25 10:00:00,182609.472,2923.756,6.671
2020-08-25 11:00:00,192047.374,2274.232,281.459
2020-08-25 12:00:00,203905.73,1835.722,931.881
2020-08-25 13:00:00,218170.214,1564.185,1330.771
2020-08-25 14:00:00,232663.41,1112.1,1480.513
2020-08-25 15:00:00,246921.90600000002,1151.631,1589.248
2020-08-25 16:00:00,259820.964,1454.569,1688.053
2020-08-25 17:00:00,268516.972,1551.19,1701.897
2020-08-25 18:00:00,274257.686,1654.986,1636.406
2020-08-25 19:00:00,277016.762,1620.094,1498.666
2020-08-25 20:00:00,277923.954,1584.713,1303.051
2020-08-25 21:00:00,277037.476,1478.474,984.858
2020-08-25 22:00:00,270920.274,1287.681,405.502
2020-08-25 23:00:00,258398.21,1335.018,29.92
2020-08-26 00:00:00,247973.92,1275.834,-3.131
2020-08-26 01:00:00,233761.416,1340.676,-3.396
2020-08-26 02:00:00,215606.942,1515.615,-3.329
2020-08-26 03:00:00,198231.722,1830.271,-3.254
2020-08-26 04:00:00,182964.342,2240.562,-3.398
2020-08-26 05:00:00,171893.04,2395.81,-3.451
2020-08-26 06:00:00,163907.878,2385.535,-3.41
2020-08-26 07:00:00,158661.772,2673.161,-3.247
2020-08-26 08:00:00,157108.466,3096.792,-3.342
2020-08-26 09:00:00,161317.7,3276.807,-3.469
2020-08-26 10:00:00,169710.91,3172.586,6.776
2020-08-26 11:00:00,178264.694,2922.481,312.401
2020-08-26 12:00:00,188960.456,2096.782,967.94
2020-08-26 13:00:00,199935.108,1095.195,1393.176
2020-08-26 14:00:00,211473.28,737.216,1585.794
2020-08-26 15:00:00,223184.96600000001,867.903,1688.713
2020-08-26 16:00:00,233837.69199999998,1082.973,1742.538
2020-08-26 17:00:00,243069.064,1538.879,1727.104
2020-08-26 18:00:00,250214.198,1910.208,1657.754
2020-08-26 19:00:00,255133.282,1993.683,1580.47
2020-08-26 20:00:00,259387.968,1985.813,1367.349
2020-08-26 21:00:00,260067.062,2441.206,1035.622
2020-08-26 22:00:00,255474.348,2343.926,428.696
2020-08-26 23:00:00,246181.232,2193.199,32.594
2020-08-27 00:00:00,240059.492,2574.58,-3.371
2020-08-27 01:00:00,228144.864,3344.681,-3.375
2020-08-27 02:00:00,212407.28399999999,4113.495,-3.286
2020-08-27 03:00:00,197085.174,4421.206,-3.217
2020-08-27 04:00:00,183964.554,4561.795,-3.222
2020-08-27 05:00:00,174586.99,4353.638,-3.324
2020-08-27 06:00:00,167765.902,4171.756,-2.892
2020-08-27 07:00:00,164258.9,4766.138,-4.184
2020-08-27 08:00:00,164402.75400000002,4670.818,-3.238
2020-08-27 09:00:00,169471.124,4291.491,-3.035
2020-08-27 10:00:00,179913.88199999998,4029.746,2.792
2020-08-27 11:00:00,189546.882,3643.549,211.261
2020-08-27 12:00:00,201993.594,3145.969,724.742
2020-08-27 13:00:00,216060.636,2843.321,1146.875
2020-08-27 14:00:00,231760.224,2838.219,1391.295
2020-08-27 15:00:00,247854.236,2803.555,1504.301
2020-08-27 16:00:00,262714.45,3066.73,1537.497
2020-08-27 17:00:00,273184.644,3279.791,1609.87
2020-08-27 18:00:00,279079.234,3701.71,1611.215
2020-08-27 19:00:00,281047.622,3887.498,1466.06
2020-08-27 20:00:00,282078.156,3915.352,1119.583
2020-08-27 21:00:00,281111.558,3617.985,669.879
2020-08-27 22:00:00,276488.232,3223.178,235.638
2020-08-27 23:00:00,266421.438,2748.74,16.834
2020-08-28 00:00:00,257594.986,2570.895,-2.912
2020-08-28 01:00:00,244599.328,2649.506,-3.285
2020-08-28 02:00:00,227055.038,3262.202,-4.193
2020-08-28 03:00:00,210027.326,3521.796,-2.975
2020-08-28 04:00:00,195468.33,3673.591,-5.147
2020-08-28 05:00:00,184233.198,3894.757,-3.172
2020-08-28 06:00:00,176504.006,3565.951,-2.992
2020-08-28 07:00:00,171663.644,2960.595,-3.101
2020-08-28 08:00:00,170400.20799999998,2596.24,-4.174
2020-08-28 09:00:00,174715.994,1975.734,-2.902
2020-08-28 10:00:00,183651.32,1646.347,7.576
2020-08-28 11:00:00,192699.262,1488.509,221.984
2020-08-28 12:00:00,204115.602,1399.365,632.107
2020-08-28 13:00:00,217184.88,1150.098,929.915
2020-08-28 14:00:00,230763.106,1370.41,1228.447
2020-08-28 15:00:00,243929.124,1180.657,1393.748
2020-08-28 16:00:00,254738.426,1086.189,1462.684
2020-08-28 17:00:00,262212.902,1225.04,1442.994
2020-08-28 18:00:00,266154.64,1204.104,1307.888
2020-08-28 19:00:00,266484.462,1225.321,1168.28
2020-08-28 20:00:00,263442.516,1199.829,886.567
2020-08-28 21:00:00,256093.622,1023.864,659.628
2020-08-28 22:00:00,246899.29200000002,1018.935,314.884
2020-08-28 23:00:00,238328.916,1022.845,22.207
2020-08-29 00:00:00,231319.26799999998,1445.089,-3.173
2020-08-29 01:00:00,221703.732,1789.209,-3.061
2020-08-29 02:00:00,208629.684,2209.829,-4.117
2020-08-29 03:00:00,194601.748,2787.149,-3.037
2020-08-29 04:00:00,182336.338,3578.061,-3.195
2020-08-29 05:00:00,172456.202,3812.486,-3.193
2020-08-29 06:00:00,165335.82,3651.305,-3.015
2020-08-29 07:00:00,160363.596,3279.914,-3.12
2020-08-29 08:00:00,157924.22,3043.705,-4.055
2020-08-29 09:00:00,158364.654,3097.037,-3.088
2020-08-29 10:00:00,161080.744,2825.934,1.101
2020-08-29 11:00:00,164878.44,2849.774,102.052
2020-08-29 12:00:00,174034.308,2703.436,214.893
2020-08-29 13:00:00,184808.328,2639.185,408.07
2020-08-29 14:00:00,194295.854,2858.851,538.846
2020-08-29 15:00:00,202569.59,2761.697,628.505
2020-08-29 16:00:00,208944.162,3440.371,732.83
2020-08-29 17:00:00,213585.854,3642.709,849.853
2020-08-29 18:00:00,216966.75400000002,3924.608,947.438
2020-08-29 19:00:00,221497.682,4422.946,836.084
2020-08-29 20:00:00,226144.212,4382.181,995.809
2020-08-29 21:00:00,228728.832,3979.566,799.288
2020-08-29 22:00:00,225563.198,3558.328,407.307
2020-08-29 23:00:00,216271.002,3098.743,23.482
2020-08-30 00:00:00,209530.452,3024.194,-3.047
2020-08-30 01:00:00,199510.728,2752.831,-3.312
2020-08-30 02:00:00,186802.65,2498.231,-3.144
2020-08-30 03:00:00,173188.46,2013.141,-3.994
2020-08-30 04:00:00,160311.91999999998,1554.666,-3.019
2020-08-30 05:00:00,150209.66,1393.618,-3.214
2020-08-30 06:00:00,143082.358,1433.086,-2.935
2020-08-30 07:00:00,138022.942,1494.719,-3.283
2020-08-30 08:00:00,134758.202,1561.826,-3.192
2020-08-30 09:00:00,133582.138,1669.248,-4.092
2020-08-30 10:00:00,133811.096,1710.693,4.037
2020-08-30 11:00:00,135910.872,1961.214,330.816
2020-08-30 12:00:00,144442.748,1847.559,1091.81
2020-08-30 13:00:00,154938.516,1281.998,1475.867
2020-08-30 14:00:00,163552.714,1130.497,1591.682
2020-08-30 15:00:00,171497.332,1027.809,1667.052
2020-08-30 16:00:00,178695.694,645.9,1695.092
2020-08-30 17:00:00,185298.068,483.944,1635.732
2020-08-30 18:00:00,190470.724,378.51,1594.687
2020-08-30 19:00:00,195940.374,294.753,1564.79
2020-08-30 20:00:00,201181.508,247.068,1351.565
2020-08-30 21:00:00,204379.346,285.309,1041.884
2020-08-30 22:00:00,201764.08,375.396,391.978
2020-08-30 23:00:00,194098.49,512.675,19.492
2020-08-31 00:00:00,190461.366,753.183,-3.14
2020-08-31 01:00:00,181800.68,1176.61,-2.97
2020-08-31 02:00:00,169552.476,1718.155,-3.224
2020-08-31 03:00:00,157404.584,2177.562,-3.159
2020-08-31 04:00:00,148084.47,2487.14,-4.127
2020-08-31 05:00:00,141167.38,2727.223,-3.092
2020-08-31 06:00:00,137263.14,2853.015,-3.079
2020-08-31 07:00:00,135241.478,2978.661,-3.18
2020-08-31 08:00:00,136451.426,3108.789,-3.284
2020-08-31 09:00:00,142502.632,3086.468,-3.214
2020-08-31 10:00:00,152832.892,3138.286,5.097
2020-08-31 11:00:00,161876.45,3249.432,206.34
2020-08-31 12:00:00,170172.696,2718.699,611.547
2020-08-31 13:00:00,177295.61,1683.906,920.452
2020-08-31 14:00:00,184662.616,1200.508,1025.041
2020-08-31 15:00:00,191612.106,1263.612,1057.092
2020-08-31 16:00:00,198144.572,1876.933,1079.882
2020-08-31 17:00:00,203484.36,2189.622,1071.984
2020-08-31 18:00:00,207340.34,2282.104,963.234
2020-08-31 19:00:00,209250.372,1762.851,876.808
2020-08-31 20:00:00,210404.378,1397.931,700.385
2020-08-31 21:00:00,211578.138,1361.943,308.575
2020-08-31 22:00:00,209057.798,1285.761,115.346
2020-08-31 23:00:00,204849.326,1159.789,2.964
2020-09-01 00:00:00,202858.708,1058.91,-3.033
2020-09-01 01:00:00,195091.328,1125.257,-2.954
2020-09-01 02:00:00,182754.844,1318.552,-3.255
2020-09-01 03:00:00,170172.322,1421.505,-3.131
2020-09-01 04:00:00,159497.668,1404.0,-3.114
2020-09-01 05:00:00,152454.66999999998,1431.472,-4.065
2020-09-01 06:00:00,147655.346,1340.842,-3.103
2020-09-01 07:00:00,145293.214,1199.08,-3.136
2020-09-01 08:00:00,145881.088,1093.042,-3.198
2020-09-01 09:00:00,151779.998,1003.003,-3.192
2020-09-01 10:00:00,162743.832,872.064,0.606
2020-09-01 11:00:00,171929.984,869.855,125.66
2020-09-01 12:00:00,180370.664,933.716,378.421
2020-09-01 13:00:00,187408.942,755.513,643.826
2020-09-01 14:00:00,196159.762,557.803,828.577
2020-09-01 15:00:00,204240.718,453.699,812.103
2020-09-01 16:00:00,210929.066,1074.391,862.043
2020-09-01 17:00:00,216001.856,1179.924,924.833
2020-09-01 18:00:00,219942.06,1203.213,894.061
2020-09-01 19:00:00,221824.61,1187.878,818.981
2020-09-01 20:00:00,223292.348,927.883,728.786
2020-09-01 21:00:00,223342.906,744.511,497.03
2020-09-01 22:00:00,220182.052,814.189,196.074
2020-09-01 23:00:00,216893.584,912.898,8.626
2020-09-02 00:00:00,215140.676,1036.19,-4.053
2020-09-02 01:00:00,206668.972,1526.18,-3.232
2020-09-02 02:00:00,193520.882,2032.25,-2.907
2020-09-02 03:00:00,180616.236,2072.117,-3.32
2020-09-02 04:00:00,169214.974,2075.323,-3.086
2020-09-02 05:00:00,161514.006,2102.974,-3.082
2020-09-02 06:00:00,156574.164,2051.514,-4.062
2020-09-02 07:00:00,154350.26,2038.657,-3.054
2020-09-02 08:00:00,155217.932,2059.395,-3.104
2020-09-02 09:00:00,161085.272,1869.41,-3.121
2020-09-02 10:00:00,172899.606,1806.228,-0.393
2020-09-02 11:00:00,182917.902,1973.453,147.545
2020-09-02 12:00:00,192129.48,1937.416,501.071
2020-09-02 13:00:00,200256.788,1784.157,731.198
2020-09-02 14:00:00,208719.242,1601.933,969.492
2020-09-02 15:00:00,218145.158,1505.454,1133.334
2020-09-02 16:00:00,228015.568,1327.057,1246.009
2020-09-02 17:00:00,237317.564,1209.859,1275.094
2020-09-02 18:00:00,243819.94,1372.739,1219.102
2020-09-02 19:00:00,247618.75,1510.87,1080.409
2020-09-02 20:00:00,248531.274,1783.127,980.369
2020-09-02 21:00:00,247723.146,1986.117,753.564
2020-09-02 22:00:00,244143.876,1909.293,281.32
2020-09-02 23:00:00,237835.816,1712.185,12.592
2020-09-03 00:00:00,232562.934,1524.134,-3.866
2020-09-03 01:00:00,221231.38,1421.672,-3.053
2020-09-03 02:00:00,205633.924,1628.633,-2.92
2020-09-03 03:00:00,190372.95,1854.957,-3.184
2020-09-03 04:00:00,177743.08,1697.117,-2.966
2020-09-03 05:00:00,168850.01,1561.648,-2.979
2020-09-03 06:00:00,162464.052,1519.36,-4.086
2020-09-03 07:00:00,158687.158,1475.093,-3.168
2020-09-03 08:00:00,158338.54,1485.553,-2.882
2020-09-03 09:00:00,163081.97,1475.302,-3.064
2020-09-03 10:00:00,173190.818,1472.282,4.696
2020-09-03 11:00:00,182438.258,1639.564,252.321
2020-09-03 12:00:00,192175.736,1895.833,887.22
2020-09-03 13:00:00,201461.924,1537.89,1253.322
2020-09-03 14:00:00,212269.268,1653.969,1458.296
2020-09-03 15:00:00,222958.936,2867.012,1560.31
2020-09-03 16:00:00,233709.372,3737.185,1519.394
2020-09-03 17:00:00,242726.104,4600.72,1468.682
2020-09-03 18:00:00,248694.378,5329.473,1440.988
2020-09-03 19:00:00,251901.616,5833.872,1316.811
2020-09-03 20:00:00,253364.066,5888.708,1144.523
2020-09-03 21:00:00,251014.988,5515.414,869.009
2020-09-03 22:00:00,244690.904,5163.791,293.461
2020-09-03 23:00:00,235595.246,4881.576,9.402
2020-09-04 00:00:00,228432.50400000002,4887.35,-2.883
2020-09-04 01:00:00,217787.984,5180.797,-3.049
2020-09-04 02:00:00,203250.118,5353.548,-3.121
2020-09-04 03:00:00,188746.20799999998,5350.468,-3.156
2020-09-04 04:00:00,175967.526,5244.31,-2.983
2020-09-04 05:00:00,166455.796,4844.245,-3.057
2020-09-04 06:00:00,159703.058,4138.893,-3.152
2020-09-04 07:00:00,154483.146,3302.999,-4.031
2020-09-04 08:00:00,152843.772,2543.636,-3.131
2020-09-04 09:00:00,156298.526,1937.308,-2.975
2020-09-04 10:00:00,164105.726,1516.766,2.624
2020-09-04 11:00:00,171562.748,1283.645,272.416
2020-09-04 12:00:00,181665.564,975.388,981.139
2020-09-04 13:00:00,192385.734,617.269,1415.825
2020-09-04 14:00:00,202870.608,410.438,1611.248
2020-09-04 15:00:00,212265.088,637.503,1676.818
2020-09-04 16:00:00,220667.646,1301.02,1630.518
2020-09-04 17:00:00,227718.656,2006.378,1580.187
2020-09-04 18:00:00,231808.454,2537.959,1537.727
2020-09-04 19:00:00,233313.874,2851.052,1465.577
2020-09-04 20:00:00,233810.702,2829.391,1366.432
2020-09-04 21:00:00,231596.616,2470.465,1022.976
2020-09-04 22:00:00,223164.516,2115.956,346.151
2020-09-04 23:00:00,212060.908,1587.904,10.462
2020-09-05 00:00:00,204266.888,1395.36,-3.169
2020-09-05 01:00:00,192598.95,1384.757,-4.147
2020-09-05 02:00:00,178903.91,1861.486,-2.892
2020-09-05 03:00:00,164738.584,2518.554,-3.123
2020-09-05 04:00:00,152677.904,3220.332,-3.106
2020-09-05 05:00:00,143784.978,3903.02,-3.025
2020-09-05 06:00:00,137540.056,4520.645,-3.032
2020-09-05 07:00:00,133467.832,4791.122,-4.097
2020-09-05 08:00:00,131008.192,5176.607,-3.082
2020-09-05 09:00:00,130951.814,5277.049,-2.843
2020-09-05 10:00:00,132548.934,5330.244,3.102
2020-09-05 11:00:00,134922.13,5287.174,238.114
2020-09-05 12:00:00,141925.088,4732.495,925.566
2020-09-05 13:00:00,149741.63,3429.794,1393.993
2020-09-05 14:00:00,157545.728,3093.771,1660.843
2020-09-05 15:00:00,164415.488,3736.78,1748.119
2020-09-05 16:00:00,170738.862,4638.574,1796.164
2020-09-05 17:00:00,176491.26,4584.429,1721.631
2020-09-05 18:00:00,182172.032,4328.006,1615.972
2020-09-05 19:00:00,187977.072,3878.293,1522.007
2020-09-05 20:00:00,193183.212,3238.646,1296.047
2020-09-05 21:00:00,195722.1,2700.678,902.014
2020-09-05 22:00:00,192268.45,2039.808,313.415
2020-09-05 23:00:00,183778.752,1326.168,9.937
2020-09-06 00:00:00,178997.184,1350.956,-2.981
2020-09-06 01:00:00,170712.95,1321.203,-3.122
2020-09-06 02:00:00,160696.366,1387.942,-4.2
2020-09-06 03:00:00,150163.79,1513.55,-2.889
2020-09-06 04:00:00,140615.12,2000.974,-3.164
2020-09-06 05:00:00,133709.186,2807.911,-3.183
2020-09-06 06:00:00,128679.862,3908.511,-3.051
2020-09-06 07:00:00,125523.298,4577.929,-3.083
2020-09-06 08:00:00,123692.708,4387.567,-4.129
2020-09-06 09:00:00,123600.416,3881.36,-3.055
2020-09-06 10:00:00,124981.248,3325.365,2.904
2020-09-06 11:00:00,126843.316,2693.375,306.619
2020-09-06 12:00:00,133480.656,2296.768,1069.608
2020-09-06 13:00:00,141881.254,1736.309,1484.132
2020-09-06 14:00:00,150265.978,1762.33,1651.749
2020-09-06 15:00:00,158646.424,2386.161,1718.73
2020-09-06 16:00:00,167146.098,3257.346,1735.105
2020-09-06 17:00:00,174503.89,4230.445,1702.083
2020-09-06 18:00:00,181387.75400000002,4884.301,1662.424
2020-09-06 19:00:00,187643.21,5368.651,1567.665
2020-09-06 20:00:00,192437.686,5788.653,1392.75
2020-09-06 21:00:00,195165.736,5345.177,975.412
2020-09-06 22:00:00,191796.698,4915.887,318.108
2020-09-06 23:00:00,185288.196,5087.111,8.374
2020-09-07 00:00:00,182804.642,5300.61,32.698
2020-09-07 01:00:00,175358.766,5927.927,-3.03
2020-09-07 02:00:00,165944.924,6180.417,-3.107
2020-09-07 03:00:00,156012.926,6423.205,-4.165
2020-09-07 04:00:00,146516.74,6440.095,-2.874
2020-09-07 05:00:00,139296.978,6335.481,-3.105
2020-09-07 06:00:00,134291.596,6200.704,-3.214
2020-09-07 07:00:00,131191.45,5764.981,-2.91
2020-09-07 08:00:00,130101.22,5321.789,-3.15
2020-09-07 09:00:00,131116.91,4962.124,-3.921
2020-09-07 10:00:00,133211.076,4421.653,2.444
2020-09-07 11:00:00,135080.366,4004.125,267.847
2020-09-07 12:00:00,142138.248,3218.607,980.4
2020-09-07 13:00:00,152208.12,2307.223,1376.532
2020-09-07 14:00:00,162747.152,1714.163,1523.84
2020-09-07 15:00:00,172676.048,1435.867,1623.936
2020-09-07 16:00:00,182036.38,1079.988,1607.006
2020-09-07 17:00:00,189992.064,950.714,1583.095
2020-09-07 18:00:00,196520.59,810.251,1541.696
2020-09-07 19:00:00,202417.854,680.146,1411.061
2020-09-07 20:00:00,206286.156,646.023,1141.036
2020-09-07 21:00:00,206798.48,553.342,732.86
2020-09-07 22:00:00,201273.962,619.003,255.369
2020-09-07 23:00:00,194755.978,1028.203,11.728
2020-09-08 00:00:00,190996.634,1707.799,-3.111
2020-09-08 01:00:00,180873.18,2841.798,-3.016
2020-09-08 02:00:00,168347.444,3336.457,-3.0
2020-09-08 03:00:00,156614.024,2979.984,-2.99
2020-09-08 04:00:00,147079.972,2777.908,-4.13
2020-09-08 05:00:00,140504.15,2594.249,-3.039
2020-09-08 06:00:00,136177.59,2842.135,-3.197
2020-09-08 07:00:00,134089.492,3355.804,-3.007
2020-09-08 08:00:00,135333.538,3192.132,-3.0
2020-09-08 09:00:00,141526.986,3219.782,-3.145
2020-09-08 10:00:00,153051.708,2752.643,-0.003
2020-09-08 11:00:00,163123.622,2722.067,165.479
2020-09-08 12:00:00,172572.394,2320.225,682.969
2020-09-08 13:00:00,181625.892,1812.223,1061.212
2020-09-08 14:00:00,191768.666,1434.342,1309.209
2020-09-08 15:00:00,201799.78399999999,1404.362,1374.726
2020-09-08 16:00:00,212907.71,1692.682,1415.866
2020-09-08 17:00:00,223327.97,1923.636,1429.682
2020-09-08 18:00:00,231216.474,2567.881,1190.555
2020-09-08 19:00:00,236745.156,2760.158,958.3
2020-09-08 20:00:00,239713.54,2365.636,644.76
2020-09-08 21:00:00,238918.642,2139.235,366.06
2020-09-08 22:00:00,232416.942,2072.389,119.495
2020-09-08 23:00:00,224339.144,2067.725,1.752
2020-09-09 00:00:00,218471.702,2396.793,-2.994
2020-09-09 01:00:00,205533.104,2754.454,-3.041
2020-09-09 02:00:00,189713.46,1930.871,-3.014
2020-09-09 03:00:00,175302.506,2044.175,-3.069
2020-09-09 04:00:00,163536.428,1615.958,-4.046
2020-09-09 05:00:00,154965.402,1319.747,-2.925
2020-09-09 06:00:00,149405.678,1099.619,-3.167
2020-09-09 07:00:00,146726.02,1239.321,-3.105
2020-09-09 08:00:00,147224.368,1092.586,-3.062
2020-09-09 09:00:00,153230.614,1028.93,-3.122
2020-09-09 10:00:00,164282.854,966.22,-3.062
2020-09-09 11:00:00,173433.872,870.515,52.418
2020-09-09 12:00:00,181680.862,917.745,210.229
2020-09-09 13:00:00,189486.728,764.881,350.545
2020-09-09 14:00:00,197681.936,624.52,458.275
2020-09-09 15:00:00,206658.022,545.655,484.619
2020-09-09 16:00:00,214896.00400000002,556.854,537.075
2020-09-09 17:00:00,221231.65399999998,520.079,637.922
2020-09-09 18:00:00,225923.05,431.043,634.877
2020-09-09 19:00:00,228929.142,319.285,483.716
2020-09-09 20:00:00,230868.234,266.362,370.486
2020-09-09 21:00:00,230485.118,375.644,208.305
2020-09-09 22:00:00,226195.732,546.38,78.976
2020-09-09 23:00:00,221373.894,748.58,0.714
2020-09-10 00:00:00,217789.62,1068.891,-1.915
2020-09-10 01:00:00,206777.166,1470.703,-2.087
2020-09-10 02:00:00,192665.0,1497.458,-1.969
2020-09-10 03:00:00,178920.168,1276.59,-1.899
2020-09-10 04:00:00,167611.162,1068.264,-2.33
2020-09-10 05:00:00,159765.126,998.286,-3.147
2020-09-10 06:00:00,154914.968,957.797,-2.296
2020-09-10 07:00:00,151830.182,969.09,-2.163
2020-09-10 08:00:00,152769.8,1025.387,-2.172
2020-09-10 09:00:00,158578.64,1126.351,-2.22
2020-09-10 10:00:00,170520.146,1259.566,-2.061
2020-09-10 11:00:00,180103.994,1386.149,32.335
2020-09-10 12:00:00,188152.64,1467.169,186.957
2020-09-10 13:00:00,195600.284,1270.156,309.32
2020-09-10 14:00:00,203361.876,1311.045,523.261
2020-09-10 15:00:00,211838.546,1290.137,634.223
2020-09-10 16:00:00,218897.822,1281.17,808.799
2020-09-10 17:00:00,224851.758,1139.676,854.927
2020-09-10 18:00:00,228868.764,953.273,738.161
2020-09-10 19:00:00,231141.494,850.642,707.727
2020-09-10 20:00:00,231726.546,740.252,535.849
2020-09-10 21:00:00,230872.932,874.58,292.457
2020-09-10 22:00:00,226419.05,1248.803,119.08
2020-09-10 23:00:00,221748.23,1460.387,1.213
2020-09-11 00:00:00,217819.73,1541.294,-2.004
2020-09-11 01:00:00,206798.676,1635.835,-2.232
2020-09-11 02:00:00,192949.758,1763.235,-2.225
2020-09-11 03:00:00,179448.51,1453.898,-2.179
2020-09-11 04:00:00,167716.498,1237.409,-2.171
2020-09-11 05:00:00,159740.724,1134.916,-3.254
2020-09-11 06:00:00,154828.676,1158.97,-2.109
2020-09-11 07:00:00,152161.202,1007.046,-2.502
2020-09-11 08:00:00,152609.416,1019.051,-2.146
2020-09-11 09:00:00,157694.658,886.21,-2.137
2020-09-11 10:00:00,168331.07,1000.496,-1.486
2020-09-11 11:00:00,177381.314,1049.549,95.579
2020-09-11 12:00:00,184511.168,1303.86,389.461
2020-09-11 13:00:00,189539.606,1453.227,603.137
2020-09-11 14:00:00,194709.328,1586.895,838.652
2020-09-11 15:00:00,199136.366,1470.434,961.49
2020-09-11 16:00:00,202480.164,1358.099,993.724
2020-09-11 17:00:00,204302.38,1292.474,1026.469
2020-09-11 18:00:00,204665.834,1220.854,993.391
2020-09-11 19:00:00,204480.55800000002,1162.449,894.835
2020-09-11 20:00:00,203890.63,1213.706,660.104
2020-09-11 21:00:00,201838.082,1370.237,373.19
2020-09-11 22:00:00,196470.598,1344.511,102.184
2020-09-11 23:00:00,192352.722,1218.435,1.386
2020-09-12 00:00:00,189791.04,1527.739,-2.304
2020-09-12 01:00:00,181587.972,2324.066,-2.276
2020-09-12 02:00:00,171272.468,2928.448,-2.127
2020-09-12 03:00:00,159797.878,3141.992,-2.145
2020-09-12 04:00:00,149689.62,2964.302,-2.445
2020-09-12 05:00:00,142392.25,2690.381,-3.205
2020-09-12 06:00:00,137320.968,2598.529,-2.231
2020-09-12 07:00:00,134173.142,2438.116,-2.086
2020-09-12 08:00:00,133211.916,2188.817,-2.247
2020-09-12 09:00:00,134301.202,2126.559,-2.24
2020-09-12 10:00:00,137279.606,2168.674,-0.01
2020-09-12 11:00:00,140929.928,2359.059,113.613
2020-09-12 12:00:00,147247.814,2551.848,411.261
2020-09-12 13:00:00,154564.316,2220.48,722.95
2020-09-12 14:00:00,160717.18,1990.37,1042.891
2020-09-12 15:00:00,166277.576,2038.02,1255.188
2020-09-12 16:00:00,171402.368,2301.911,1347.23
2020-09-12 17:00:00,176003.906,2189.669,1345.821
2020-09-12 18:00:00,179917.88199999998,2074.869,1238.753
2020-09-12 19:00:00,183226.106,1993.405,1122.067
2020-09-12 20:00:00,186270.76,1924.485,838.423
2020-09-12 21:00:00,187498.918,1979.494,456.166
2020-09-12 22:00:00,185192.332,1816.272,135.516
2020-09-12 23:00:00,182950.38,1656.432,1.825
2020-09-13 00:00:00,181142.334,1733.835,-3.198
2020-09-13 01:00:00,174004.92,1969.823,-2.126
2020-09-13 02:00:00,164831.726,2239.893,-2.21
2020-09-13 03:00:00,155165.054,2075.366,-2.234
2020-09-13 04:00:00,146101.18,2032.906,-2.219
2020-09-13 05:00:00,139214.064,1918.38,-2.296
2020-09-13 06:00:00,134563.208,1851.17,-3.049
2020-09-13 07:00:00,131468.252,1805.806,-2.491
2020-09-13 08:00:00,129786.19,1504.691,-2.241
2020-09-13 09:00:00,130137.052,1572.526,-2.138
2020-09-13 10:00:00,132012.2,1566.513,-0.686
2020-09-13 11:00:00,134227.628,1332.472,167.219
2020-09-13 12:00:00,140749.044,1202.334,676.678
2020-09-13 13:00:00,149660.078,909.009,1031.872
2020-09-13 14:00:00,158250.51,972.397,1097.576
2020-09-13 15:00:00,166821.704,957.753,1099.862
2020-09-13 16:00:00,174371.208,1036.307,1057.59
2020-09-13 17:00:00,179841.846,1058.957,1055.753
2020-09-13 18:00:00,184167.5,922.708,1108.125
2020-09-13 19:00:00,188233.306,825.257,1032.821
2020-09-13 20:00:00,192579.588,777.132,928.284
2020-09-13 21:00:00,195157.406,696.508,671.64
2020-09-13 22:00:00,193665.248,573.683,182.693
2020-09-13 23:00:00,191787.008,621.687,1.16
2020-09-14 00:00:00,189699.32,797.256,-3.38
2020-09-14 01:00:00,180657.638,978.036,-2.219
2020-09-14 02:00:00,169262.782,1387.262,-2.221
2020-09-14 03:00:00,157912.502,1386.189,-2.316
2020-09-14 04:00:00,148786.272,1213.534,-2.38
2020-09-14 05:00:00,142471.742,1182.85,-2.219
2020-09-14 06:00:00,138240.56,1179.74,-2.206
2020-09-14 07:00:00,136710.198,1269.202,-3.048
2020-09-14 08:00:00,137931.036,1390.566,-2.235
2020-09-14 09:00:00,144231.33,1422.215,-2.013
2020-09-14 10:00:00,155735.212,1538.797,-1.234
2020-09-14 11:00:00,164292.502,1524.327,113.548
2020-09-14 12:00:00,170383.068,1577.654,496.88
2020-09-14 13:00:00,175560.004,1250.706,877.477
2020-09-14 14:00:00,180297.104,987.829,1041.258
2020-09-14 15:00:00,185165.472,1075.367,1178.363
2020-09-14 16:00:00,190097.216,1198.563,1135.172
2020-09-14 17:00:00,193631.996,1127.152,1140.605
2020-09-14 18:00:00,196258.614,1142.211,1041.023
2020-09-14 19:00:00,197067.288,1137.852,864.173
2020-09-14 20:00:00,196705.642,1039.691,645.396
2020-09-14 21:00:00,194650.148,1053.06,407.668
2020-09-14 22:00:00,189056.926,998.805,120.472
2020-09-14 23:00:00,185652.13,1047.391,7.314
2020-09-15 00:00:00,181508.634,1285.226,5.087
2020-09-15 01:00:00,171410.672,1473.809,4.186
2020-09-15 02:00:00,159158.052,1780.809,5.138
2020-09-15 03:00:00,147283.506,2016.324,4.949
2020-09-15 04:00:00,137837.126,2249.401,-2.255
2020-09-15 05:00:00,131836.696,2215.224,-2.205
2020-09-15 06:00:00,127711.686,2140.551,-2.231
2020-09-15 07:00:00,125812.88,2143.006,-3.415
2020-09-15 08:00:00,126577.10399999999,2402.367,-2.213
2020-09-15 09:00:00,132167.54200000002,2568.357,-2.397
2020-09-15 10:00:00,142625.574,2577.558,-0.563
2020-09-15 11:00:00,150281.908,2438.604,150.709
2020-09-15 12:00:00,154458.848,2075.611,644.619
2020-09-15 13:00:00,156777.278,1255.629,1120.247
2020-09-15 14:00:00,159260.66999999998,701.169,1431.227
2020-09-15 15:00:00,161809.228,648.204,1596.883
2020-09-15 16:00:00,164499.378,497.943,1660.153
2020-09-15 17:00:00,167197.668,325.517,1520.365
2020-09-15 18:00:00,169549.714,286.198,1404.944
2020-09-15 19:00:00,171967.374,239.913,1211.717
2020-09-15 20:00:00,174207.004,282.179,940.048
2020-09-15 21:00:00,175357.33,340.771,562.547
2020-09-15 22:00:00,173624.418,396.035,140.466
2020-09-15 23:00:00,173231.69,532.113,0.431
2020-09-16 00:00:00,171473.332,915.584,-2.317
2020-09-16 01:00:00,162652.794,1338.509,-2.423
2020-09-16 02:00:00,151651.598,1839.439,-3.099
2020-09-16 03:00:00,141400.11,2284.139,-2.274
2020-09-16 04:00:00,133717.246,2797.567,-3.225
2020-09-16 05:00:00,128630.036,3150.323,-3.501
2020-09-16 06:00:00,125332.486,3409.339,-3.426
2020-09-16 07:00:00,123386.98,3477.701,3.816
2020-09-16 08:00:00,125012.146,3291.344,2.92
2020-09-16 09:00:00,131143.472,2933.242,3.976
2020-09-16 10:00:00,141686.328,2778.748,5.505
2020-09-16 11:00:00,150038.3,2416.574,124.241
2020-09-16 12:00:00,154873.166,2244.243,500.678
2020-09-16 13:00:00,157860.406,1537.235,865.706
2020-09-16 14:00:00,161137.882,744.847,1160.567
2020-09-16 15:00:00,164199.718,642.879,1326.494
2020-09-16 16:00:00,167863.992,621.789,1198.897
2020-09-16 17:00:00,171749.642,624.721,1096.803
2020-09-16 18:00:00,175394.082,659.049,1026.653
2020-09-16 19:00:00,177937.0,749.72,923.575
2020-09-16 20:00:00,181057.218,917.037,704.73
2020-09-16 21:00:00,183202.472,894.601,358.079
2020-09-16 22:00:00,181503.864,853.712,85.298
2020-09-16 23:00:00,181440.368,1028.666,6.805
2020-09-17 00:00:00,179660.6,1230.416,5.867
2020-09-17 01:00:00,170724.592,1231.392,5.755
2020-09-17 02:00:00,159595.312,1395.763,4.734
2020-09-17 03:00:00,148730.846,1424.06,5.791
2020-09-17 04:00:00,140019.82,1497.554,4.173
2020-09-17 05:00:00,134209.948,1453.317,4.031
2020-09-17 06:00:00,130987.928,1364.274,4.115
2020-09-17 07:00:00,129207.748,1291.182,4.102
2020-09-17 08:00:00,130172.322,1347.092,4.12
2020-09-17 09:00:00,136232.686,1734.138,3.222
2020-09-17 10:00:00,147466.192,1831.367,5.215
2020-09-17 11:00:00,156298.646,1781.208,58.832
2020-09-17 12:00:00,162012.296,1995.907,182.311
2020-09-17 13:00:00,166006.99,2077.854,299.736
2020-09-17 14:00:00,169942.892,2738.745,408.068
2020-09-17 15:00:00,173600.432,2609.647,479.469
2020-09-17 16:00:00,176213.95,2137.717,557.525
2020-09-17 17:00:00,178983.732,1880.825,542.666
2020-09-17 18:00:00,180592.66,1701.08,428.174
2020-09-17 19:00:00,180494.064,1634.064,307.664
2020-09-17 20:00:00,180791.248,1724.958,170.91
2020-09-17 21:00:00,180327.348,1893.725,82.834
2020-09-17 22:00:00,178465.246,2315.161,14.41
2020-09-17 23:00:00,178100.644,2402.079,-3.083
2020-09-18 00:00:00,176556.864,2692.21,-3.118
2020-09-18 01:00:00,168674.554,2798.332,-3.239
2020-09-18 02:00:00,158219.6,2889.113,-4.256
2020-09-18 03:00:00,148536.254,2920.382,-3.233
2020-09-18 04:00:00,139847.884,2706.981,-3.604
2020-09-18 05:00:00,134263.69,2543.434,-3.664
2020-09-18 06:00:00,130742.732,2338.863,-3.539
2020-09-18 07:00:00,128566.65,2522.904,-3.648
2020-09-18 08:00:00,129694.77799999999,2629.454,-3.763
2020-09-18 09:00:00,135112.716,2881.417,-3.706
2020-09-18 10:00:00,145486.58000000002,3020.707,-2.137
2020-09-18 11:00:00,153424.872,3164.514,52.196
2020-09-18 12:00:00,158821.722,2816.656,217.244
2020-09-18 13:00:00,162677.358,2357.664,395.078
2020-09-18 14:00:00,164932.24,2690.307,673.414
2020-09-18 15:00:00,167109.202,3119.874,926.091
2020-09-18 16:00:00,168581.108,3147.425,983.299
2020-09-18 17:00:00,169170.606,3204.841,1035.09
2020-09-18 18:00:00,168702.61800000002,3281.305,1032.557
2020-09-18 19:00:00,168263.414,3245.757,974.011
2020-09-18 20:00:00,167713.63,3061.141,783.001
2020-09-18 21:00:00,166883.68,2666.259,518.305
2020-09-18 22:00:00,163800.928,2445.228,112.866
2020-09-18 23:00:00,162739.962,2394.186,-2.518
2020-09-19 00:00:00,161093.16,3043.855,-3.623
2020-09-19 01:00:00,154217.49,3515.441,-3.596
2020-09-19 02:00:00,145883.954,3508.033,-3.785
2020-09-19 03:00:00,136177.268,3642.57,-3.605
2020-09-19 04:00:00,128843.652,3344.505,-3.647
2020-09-19 05:00:00,123529.528,3010.314,-3.615
2020-09-19 06:00:00,120112.47200000001,2747.872,-3.701
2020-09-19 07:00:00,118305.322,2613.398,-3.699
2020-09-19 08:00:00,118324.372,2737.615,-3.613
2020-09-19 09:00:00,120388.872,2849.619,-3.805
2020-09-19 10:00:00,124770.798,2828.1,-2.126
2020-09-19 11:00:00,128816.936,2444.808,174.183
2020-09-19 12:00:00,134038.52,2191.373,683.148
2020-09-19 13:00:00,137796.69,1399.384,1193.066
2020-09-19 14:00:00,139252.098,1112.795,1550.385
2020-09-19 15:00:00,139467.168,854.407,1599.982
2020-09-19 16:00:00,139495.128,476.884,1604.751
2020-09-19 17:00:00,138981.886,302.366,1615.235
2020-09-19 18:00:00,138837.758,242.267,1426.518
2020-09-19 19:00:00,139706.326,187.134,1259.464
2020-09-19 20:00:00,141485.532,226.427,1016.282
2020-09-19 21:00:00,144429.748,241.058,493.472
2020-09-19 22:00:00,145350.808,290.859,107.477
2020-09-19 23:00:00,147372.29200000002,331.601,-2.656
2020-09-20 00:00:00,147963.828,597.276,-3.691
2020-09-20 01:00:00,143028.594,1093.726,-3.579
2020-09-20 02:00:00,136635.422,1387.859,-3.729
2020-09-20 03:00:00,129380.602,1837.118,-3.686
2020-09-20 04:00:00,123439.336,2308.306,-3.621
2020-09-20 05:00:00,119457.858,2463.087,-3.689
2020-09-20 06:00:00,116789.914,2513.357,-3.775
2020-09-20 07:00:00,115627.584,2299.078,-3.837
2020-09-20 08:00:00,115926.572,2017.233,-3.69
2020-09-20 09:00:00,117523.47,1934.632,-3.653
2020-09-20 10:00:00,120928.176,1892.975,-1.968
2020-09-20 11:00:00,124357.112,1911.691,184.379
2020-09-20 12:00:00,128984.146,1962.08,960.649
2020-09-20 13:00:00,132468.834,1240.683,1560.125
2020-09-20 14:00:00,134213.008,873.021,1789.474
2020-09-20 15:00:00,135311.264,1488.031,1768.212
2020-09-20 16:00:00,136480.488,2031.704,1669.2
2020-09-20 17:00:00,136869.15600000002,2060.754,1628.581
2020-09-20 18:00:00,136955.21,1931.761,1546.108
2020-09-20 19:00:00,138286.844,1794.317,1449.143
2020-09-20 20:00:00,141258.126,1628.704,1246.914
2020-09-20 21:00:00,145455.134,1554.776,853.241
2020-09-20 22:00:00,147634.68,1576.644,186.664
2020-09-20 23:00:00,150970.684,1743.92,-1.596
2020-09-21 00:00:00,151566.808,2690.333,-2.723
2020-09-21 01:00:00,145532.936,3995.114,-2.602
2020-09-21 02:00:00,137581.706,4760.311,-2.68
2020-09-21 03:00:00,129854.58,4998.033,-2.596
2020-09-21 04:00:00,124615.974,5107.317,-3.498
2020-09-21 05:00:00,121404.36,5040.228,-3.405
2020-09-21 06:00:00,120050.306,4673.49,-3.458
2020-09-21 07:00:00,120191.128,4435.303,-3.462
2020-09-21 08:00:00,123115.178,3904.012,-3.584
2020-09-21 09:00:00,130459.154,3834.97,-3.466
2020-09-21 10:00:00,142995.4,3755.306,-1.735
2020-09-21 11:00:00,152445.574,3460.776,162.513
2020-09-21 12:00:00,156833.932,2923.583,820.619
2020-09-21 13:00:00,157657.232,1808.938,1299.173
2020-09-21 14:00:00,158330.512,1129.286,1483.289
2020-09-21 15:00:00,159176.84600000002,828.975,1495.606
2020-09-21 16:00:00,159892.2,530.194,1485.135
2020-09-21 17:00:00,160083.53399999999,395.458,1470.755
2020-09-21 18:00:00,160035.11,442.657,1409.085
2020-09-21 19:00:00,160161.644,586.351,1160.06
2020-09-21 20:00:00,161631.762,717.886,922.201
2020-09-21 21:00:00,163801.164,698.052,597.547
2020-09-21 22:00:00,163963.354,738.898,153.013
2020-09-21 23:00:00,165534.084,817.975,-2.856
2020-09-22 00:00:00,164219.35,1168.319,-3.494
2020-09-22 01:00:00,156282.488,1531.073,-3.198
2020-09-22 02:00:00,146255.842,2025.188,-3.412
2020-09-22 03:00:00,137435.788,2418.866,-3.485
2020-09-22 04:00:00,130858.974,2637.325,-3.459
2020-09-22 05:00:00,126633.478,2597.209,-3.45
2020-09-22 06:00:00,124847.876,2424.216,-3.481
2020-09-22 07:00:00,124410.868,2160.538,-3.352
2020-09-22 08:00:00,126621.198,1903.252,-3.548
2020-09-22 09:00:00,134426.302,1656.162,-3.39
2020-09-22 10:00:00,146920.01,1664.81,-1.765
2020-09-22 11:00:00,155780.438,1394.059,204.253
2020-09-22 12:00:00,158895.80599999998,1145.505,1020.695
2020-09-22 13:00:00,158885.66,742.872,1579.905
2020-09-22 14:00:00,158934.884,321.566,1789.66
2020-09-22 15:00:00,159793.892,276.993,1889.023
2020-09-22 16:00:00,160848.156,287.866,1911.632
2020-09-22 17:00:00,161793.606,257.257,1909.176
2020-09-22 18:00:00,162593.32799999998,428.473,1857.715
2020-09-22 19:00:00,163913.806,631.379,1747.25
2020-09-22 20:00:00,165984.58,829.912,1505.467
2020-09-22 21:00:00,167751.166,1077.515,913.649
2020-09-22 22:00:00,167131.55,1235.09,170.89
2020-09-22 23:00:00,168753.81,1532.475,-3.369
2020-09-23 00:00:00,166683.882,1802.556,-3.434
2020-09-23 01:00:00,158513.69,2112.6,-3.302
2020-09-23 02:00:00,148152.032,2456.938,-3.473
2020-09-23 03:00:00,138806.546,2625.466,-3.456
2020-09-23 04:00:00,131447.884,3030.018,-3.414
2020-09-23 05:00:00,127044.544,3172.971,-3.528
2020-09-23 06:00:00,124596.796,2707.738,-3.398
2020-09-23 07:00:00,123444.55,2355.847,-3.431
2020-09-23 08:00:00,125111.532,2343.614,-3.403
2020-09-23 09:00:00,131991.796,2441.898,-2.349
2020-09-23 10:00:00,143585.998,2188.424,5.338
2020-09-23 11:00:00,152121.748,1882.61,139.49
2020-09-23 12:00:00,156311.712,1488.248,626.74
2020-09-23 13:00:00,158279.848,889.489,1200.987
2020-09-23 14:00:00,160666.058,456.293,1626.632
2020-09-23 15:00:00,163335.538,460.903,1802.22
2020-09-23 16:00:00,166592.256,557.348,1812.607
2020-09-23 17:00:00,169860.028,1001.55,1797.962
2020-09-23 18:00:00,172656.294,1154.186,1667.677
2020-09-23 19:00:00,175533.298,1098.291,1434.593
2020-09-23 20:00:00,178203.088,924.176,1056.878
2020-09-23 21:00:00,179501.524,779.731,529.191
2020-09-23 22:00:00,177539.814,837.868,92.984
2020-09-23 23:00:00,178009.482,1075.663,-2.968
2020-09-24 00:00:00,175227.99,1398.791,-3.23
2020-09-24 01:00:00,166004.164,1668.068,-3.337
2020-09-24 02:00:00,155143.052,2056.035,-3.337
2020-09-24 03:00:00,144167.676,2340.431,-3.29
2020-09-24 04:00:00,136043.41,2505.988,-3.386
2020-09-24 05:00:00,130504.536,2535.069,-3.404
2020-09-24 06:00:00,126878.824,2450.347,-3.454
2020-09-24 07:00:00,125258.476,2347.978,-3.394
2020-09-24 08:00:00,126611.532,2195.609,-3.175
2020-09-24 09:00:00,133034.288,1872.706,-3.46
2020-09-24 10:00:00,144240.842,1573.823,-2.896
2020-09-24 11:00:00,153442.866,1341.627,62.067
2020-09-24 12:00:00,158513.684,1203.442,242.571
2020-09-24 13:00:00,162091.256,760.588,414.77
2020-09-24 14:00:00,164389.758,257.423,525.811
2020-09-24 15:00:00,167999.998,326.22,626.82
2020-09-24 16:00:00,171067.126,492.83,619.321
2020-09-24 17:00:00,173644.884,563.335,585.214
2020-09-24 18:00:00,175221.482,614.081,533.433
2020-09-24 19:00:00,175887.934,676.466,417.111
2020-09-24 20:00:00,176912.706,562.003,334.265
2020-09-24 21:00:00,177250.242,562.209,179.69
2020-09-24 22:00:00,175348.576,493.776,32.446
2020-09-24 23:00:00,176036.574,436.079,-3.179
2020-09-25 00:00:00,173682.854,535.167,-3.348
2020-09-25 01:00:00,165386.19,644.613,-3.432
2020-09-25 02:00:00,154366.024,893.872,-3.349
2020-09-25 03:00:00,143354.734,1490.198,-3.384
2020-09-25 04:00:00,136837.22,1593.171,-3.502
2020-09-25 05:00:00,130963.0,1751.604,-3.447
2020-09-25 06:00:00,127483.882,1554.447,-3.484
2020-09-25 07:00:00,125587.832,1164.848,-3.441
2020-09-25 08:00:00,126539.554,877.155,-3.547
2020-09-25 09:00:00,132222.784,729.488,-3.263
2020-09-25 10:00:00,143213.414,527.146,-2.997
2020-09-25 11:00:00,152099.298,459.973,53.502
2020-09-25 12:00:00,157607.31,507.601,214.022
2020-09-25 13:00:00,161818.63,451.957,313.13
2020-09-25 14:00:00,166258.608,422.872,461.277
2020-09-25 15:00:00,169725.2,903.943,665.147
2020-09-25 16:00:00,173162.842,1378.955,782.304
2020-09-25 17:00:00,175947.618,1400.858,760.437
2020-09-25 18:00:00,178060.24599999998,1342.391,759.056
2020-09-25 19:00:00,179378.406,1298.829,668.86
2020-09-25 20:00:00,180558.496,1411.764,471.1
2020-09-25 21:00:00,180482.368,1588.011,248.002
2020-09-25 22:00:00,177616.166,1738.779,42.033
2020-09-25 23:00:00,176610.45799999998,1784.496,-3.265
2020-09-26 00:00:00,172829.79200000002,2557.298,-3.515
2020-09-26 01:00:00,165192.186,3451.706,-3.396
2020-09-26 02:00:00,156262.198,3907.015,-3.537
2020-09-26 03:00:00,146296.972,3896.734,-3.492
2020-09-26 04:00:00,137586.402,4098.2,-3.407
2020-09-26 05:00:00,131392.392,4245.785,-3.521
2020-09-26 06:00:00,127261.846,4023.891,-3.341
2020-09-26 07:00:00,124990.302,3594.84,-3.425
2020-09-26 08:00:00,124335.68,3225.532,-3.403
2020-09-26 09:00:00,126147.296,3087.358,-3.508
2020-09-26 10:00:00,130108.388,3132.102,-3.207
2020-09-26 11:00:00,134860.82,3268.263,28.604
2020-09-26 12:00:00,141118.842,2930.471,173.751
2020-09-26 13:00:00,147546.962,3262.557,419.799
2020-09-26 14:00:00,153241.984,3474.277,636.631
2020-09-26 15:00:00,157258.352,3735.073,814.031
2020-09-26 16:00:00,160175.838,4163.139,976.299
2020-09-26 17:00:00,161578.918,4659.283,960.862
2020-09-26 18:00:00,163104.306,5058.391,911.183
2020-09-26 19:00:00,164587.166,5500.789,817.13
2020-09-26 20:00:00,167415.586,5613.922,620.015
2020-09-26 21:00:00,169346.49599999998,5704.229,351.137
2020-09-26 22:00:00,169008.406,5586.341,54.597
2020-09-26 23:00:00,170502.272,5705.012,-3.26
2020-09-27 00:00:00,168059.216,6123.018,-3.422
2020-09-27 01:00:00,161685.004,6435.182,-3.471
2020-09-27 02:00:00,153964.118,6459.728,-3.377
2020-09-27 03:00:00,145055.382,6400.282,-3.482
2020-09-27 04:00:00,137234.448,6329.465,-3.403
2020-09-27 05:00:00,131046.964,6189.217,-3.545
2020-09-27 06:00:00,127263.248,6042.718,-3.505
2020-09-27 07:00:00,124662.72,5776.131,-3.546
2020-09-27 08:00:00,123602.352,5398.612,-3.381
2020-09-27 09:00:00,124039.69,5206.638,-3.384
2020-09-27 10:00:00,126433.776,4824.838,-3.26
2020-09-27 11:00:00,129236.368,4194.531,44.57
2020-09-27 12:00:00,135519.36599999998,3408.604,230.538
2020-09-27 13:00:00,143261.368,2613.696,455.537
2020-09-27 14:00:00,149784.566,2073.253,691.774
2020-09-27 15:00:00,155774.23,1376.323,918.492
2020-09-27 16:00:00,161722.318,986.978,1031.42
2020-09-27 17:00:00,166344.976,1217.941,1028.737
2020-09-27 18:00:00,170112.2,2086.717,914.718
2020-09-27 19:00:00,173086.992,2530.012,738.466
2020-09-27 20:00:00,176038.04,3078.794,533.335
2020-09-27 21:00:00,178087.66,3222.094,285.905
2020-09-27 22:00:00,177056.886,3104.23,46.623
2020-09-27 23:00:00,178508.092,2730.192,-3.549
2020-09-28 00:00:00,175844.386,2575.867,-3.373
2020-09-28 01:00:00,167430.268,2122.767,-3.571
2020-09-28 02:00:00,157946.22,2313.182,-3.542
2020-09-28 03:00:00,148066.498,2529.624,-3.3
2020-09-28 04:00:00,140055.21,2233.011,-3.418
2020-09-28 05:00:00,134668.934,1899.507,-3.251
2020-09-28 06:00:00,131375.042,1974.067,-3.379
2020-09-28 07:00:00,129915.032,1513.672,-3.308
2020-09-28 08:00:00,131347.322,1036.202,-3.175
2020-09-28 09:00:00,138095.934,967.848,-3.22
2020-09-28 10:00:00,150090.142,951.043,-2.796
2020-09-28 11:00:00,159141.754,992.155,77.7
2020-09-28 12:00:00,165747.008,1128.171,613.404
2020-09-28 13:00:00,171075.578,986.93,1214.35
2020-09-28 14:00:00,176436.06,1064.498,1385.076
2020-09-28 15:00:00,181938.818,1275.546,1473.339
2020-09-28 16:00:00,187213.466,1711.723,1565.94
2020-09-28 17:00:00,191875.354,2517.995,1550.235
2020-09-28 18:00:00,194645.27,3285.07,1473.672
2020-09-28 19:00:00,195904.982,4123.391,1331.258
2020-09-28 20:00:00,196708.356,4080.611,1010.694
2020-09-28 21:00:00,196084.832,3689.863,526.506
2020-09-28 22:00:00,192525.78399999999,3716.359,81.916
2020-09-28 23:00:00,191952.986,3278.003,-3.243
2020-09-29 00:00:00,186644.21,2947.896,-3.322
2020-09-29 01:00:00,176422.592,3233.564,-3.347
2020-09-29 02:00:00,164589.852,3399.396,-3.25
2020-09-29 03:00:00,152977.266,3262.651,-3.36
2020-09-29 04:00:00,143879.79,2923.309,-3.521
2020-09-29 05:00:00,137611.862,2657.367,-3.643
2020-09-29 06:00:00,133806.43,2534.565,-3.563
2020-09-29 07:00:00,131886.024,2463.974,-3.641
2020-09-29 08:00:00,133365.312,2528.633,-3.568
2020-09-29 09:00:00,139390.242,2120.431,-3.542
2020-09-29 10:00:00,151262.75400000002,1967.837,-3.521
2020-09-29 11:00:00,161314.648,1773.34,40.921
2020-09-29 12:00:00,167239.956,1441.666,194.925
2020-09-29 13:00:00,171262.856,790.36,383.518
2020-09-29 14:00:00,174839.192,613.543,557.534
2020-09-29 15:00:00,177750.464,757.238,545.294
2020-09-29 16:00:00,179791.272,1197.614,733.953
2020-09-29 17:00:00,181138.336,1215.959,719.978
2020-09-29 18:00:00,181514.696,1323.06,651.588
2020-09-29 19:00:00,180467.948,1389.26,585.936
2020-09-29 20:00:00,179594.214,1744.279,335.291
2020-09-29 21:00:00,178931.882,1693.915,92.638
2020-09-29 22:00:00,179091.268,1157.454,6.743
2020-09-29 23:00:00,179893.814,750.373,-3.491
2020-09-30 00:00:00,175594.018,1019.775,-3.587
2020-09-30 01:00:00,165533.736,1918.907,-3.492
2020-09-30 02:00:00,156042.802,2477.065,-3.649
2020-09-30 03:00:00,147918.2,2916.144,-3.521
2020-09-30 04:00:00,138986.274,3318.863,-3.495
2020-09-30 05:00:00,133014.96600000001,4321.12,-3.696
2020-09-30 06:00:00,129247.824,4952.296,-3.647
2020-09-30 07:00:00,127464.212,5198.74,-3.636
2020-09-30 08:00:00,127996.618,5745.241,-3.494
2020-09-30 09:00:00,133899.65,5871.839,-3.68
2020-09-30 10:00:00,144860.242,6188.418,-3.457
2020-09-30 11:00:00,153675.486,6295.235,96.942
2020-09-30 12:00:00,157626.892,6298.0,880.431
2020-09-30 13:00:00,159495.008,6541.46,1483.205
2020-09-30 14:00:00,160865.532,6556.845,1700.82
2020-09-30 15:00:00,161999.118,6079.997,1752.827
2020-09-30 16:00:00,163121.286,5708.055,1826.355
2020-09-30 17:00:00,163778.83,5705.852,1870.642
2020-09-30 18:00:00,164533.038,5911.451,1807.337
2020-09-30 19:00:00,164214.654,6073.117,1724.35
2020-09-30 20:00:00,165075.306,6606.192,1522.057
2020-09-30 21:00:00,166544.96,6996.531,869.259
2020-09-30 22:00:00,165863.204,5984.656,104.994
2020-09-30 23:00:00,168365.938,4156.84,-3.661
2020-10-01 00:00:00,165841.522,3578.261,-3.649
2020-10-01 01:00:00,157950.962,3964.919,-3.749
2020-10-01 02:00:00,148491.542,4085.88,-3.735
2020-10-01 03:00:00,139065.856,4504.816,-3.493
2020-10-01 04:00:00,131850.654,4394.864,-3.946
2020-10-01 05:00:00,127197.804,4104.394,-4.037
2020-10-01 06:00:00,124469.476,3468.17,-4.061
2020-10-01 07:00:00,123532.086,3098.807,-3.985
2020-10-01 08:00:00,125320.74,2924.862,-3.911
2020-10-01 09:00:00,131995.036,3074.59,-3.844
2020-10-01 10:00:00,143662.416,2876.047,3.163
2020-10-01 11:00:00,152707.432,2865.157,199.314
2020-10-01 12:00:00,156584.284,2613.764,954.136
2020-10-01 13:00:00,158554.2,1972.333,1552.86
2020-10-01 14:00:00,160139.352,2316.605,1737.116
2020-10-01 15:00:00,162143.54,2592.385,1778.997
2020-10-01 16:00:00,163917.50400000002,3378.995,1742.07
2020-10-01 17:00:00,165312.956,4016.841,1653.727
2020-10-01 18:00:00,165564.302,4433.292,1612.91
2020-10-01 19:00:00,165545.084,4795.758,1535.753
2020-10-01 20:00:00,165509.49,4773.261,1301.082
2020-10-01 21:00:00,166189.804,4284.682,704.261
2020-10-01 22:00:00,166629.53,3378.823,75.976
2020-10-01 23:00:00,168707.484,2744.221,-3.968
2020-10-02 00:00:00,165431.104,2348.695,-3.634
2020-10-02 01:00:00,158219.8,2345.401,-3.742
2020-10-02 02:00:00,149024.588,2213.704,-3.895
2020-10-02 03:00:00,139895.126,2180.257,-3.834
2020-10-02 04:00:00,132538.064,2071.911,-3.86
2020-10-02 05:00:00,127725.272,2039.075,-3.991
2020-10-02 06:00:00,125087.51,1898.24,-3.769
2020-10-02 07:00:00,124548.126,1761.664,-3.934
2020-10-02 08:00:00,126297.914,1690.829,-3.923
2020-10-02 09:00:00,132459.722,1613.884,-3.931
2020-10-02 10:00:00,143858.598,1593.608,-4.194
2020-10-02 11:00:00,153743.994,1543.265,42.254
2020-10-02 12:00:00,158587.73,1328.13,363.678
2020-10-02 13:00:00,160543.45,1007.481,733.789
2020-10-02 14:00:00,160944.924,1018.064,1015.842
2020-10-02 15:00:00,160115.134,916.073,1317.07
2020-10-02 16:00:00,158440.7,957.334,1710.662
2020-10-02 17:00:00,157767.474,982.141,1713.495
2020-10-02 18:00:00,156860.772,936.639,1619.572
2020-10-02 19:00:00,156038.476,813.991,1415.613
2020-10-02 20:00:00,155660.81,708.335,1294.246
2020-10-02 21:00:00,155769.422,654.115,759.01
2020-10-02 22:00:00,155884.706,534.84,83.599
2020-10-02 23:00:00,159557.998,551.374,-3.947
2020-10-03 00:00:00,157535.15399999998,1111.293,-3.683
2020-10-03 01:00:00,152019.802,1505.623,-3.719
2020-10-03 02:00:00,144939.086,1754.433,-3.791
2020-10-03 03:00:00,136831.072,1798.981,-3.852
2020-10-03 04:00:00,130252.858,1674.066,-3.956
2020-10-03 05:00:00,125966.35,1750.567,-3.941
2020-10-03 06:00:00,123518.61,1942.054,-3.72
2020-10-03 07:00:00,122407.586,1844.334,-3.843
2020-10-03 08:00:00,122922.912,1586.157,-3.998
2020-10-03 09:00:00,125565.096,1517.062,-3.77
2020-10-03 10:00:00,130798.94,1495.845,-3.328
2020-10-03 11:00:00,136122.404,1363.725,127.762
2020-10-03 12:00:00,140506.66,1066.03,901.66
2020-10-03 13:00:00,142631.922,635.764,1578.407
2020-10-03 14:00:00,142895.054,299.442,1838.135
2020-10-03 15:00:00,141864.26,217.037,1926.134
2020-10-03 16:00:00,140787.694,201.195,1912.079
2020-10-03 17:00:00,139700.954,321.212,1865.547
2020-10-03 18:00:00,138919.84399999998,390.508,1756.755
2020-10-03 19:00:00,139035.908,323.926,1622.179
2020-10-03 20:00:00,141119.628,237.171,1417.907
2020-10-03 21:00:00,143581.42,187.911,773.583
2020-10-03 22:00:00,145839.832,146.817,82.261
2020-10-03 23:00:00,150230.574,175.771,-3.817
2020-10-04 00:00:00,148616.42,328.861,-3.656
2020-10-04 01:00:00,144010.838,346.616,-3.587
2020-10-04 02:00:00,138010.24,388.421,-3.761
2020-10-04 03:00:00,131418.052,506.756,-3.797
2020-10-04 04:00:00,125927.042,682.219,-3.847
2020-10-04 05:00:00,122014.006,817.435,-3.723
2020-10-04 06:00:00,119544.206,901.683,-3.732
2020-10-04 07:00:00,118526.45,997.14,-3.718
2020-10-04 08:00:00,118638.386,1363.953,-3.754
2020-10-04 09:00:00,120699.006,1498.974,-3.82
2020-10-04 10:00:00,124305.838,1635.501,-3.397
2020-10-04 11:00:00,128530.022,1803.443,66.547
2020-10-04 12:00:00,132907.71,2299.421,404.966
2020-10-04 13:00:00,136579.08,2258.269,789.808
2020-10-04 14:00:00,138155.914,2382.135,1051.543
2020-10-04 15:00:00,138826.206,2768.538,1136.601
2020-10-04 16:00:00,139808.8,2729.474,1186.4
2020-10-04 17:00:00,139211.06,2362.195,1213.178
2020-10-04 18:00:00,138817.582,2196.274,1276.859
2020-10-04 19:00:00,139696.146,2134.624,1164.997
2020-10-04 20:00:00,142532.238,1952.084,889.36
2020-10-04 21:00:00,145849.448,1855.242,381.32
2020-10-04 22:00:00,149128.568,1649.937,39.284
2020-10-04 23:00:00,154173.264,1309.217,-3.515
2020-10-05 00:00:00,152218.922,1160.576,-3.45
2020-10-05 01:00:00,146026.68,1178.53,-3.593
2020-10-05 02:00:00,139133.114,1397.474,-3.451
2020-10-05 03:00:00,131947.338,1329.985,-3.416
2020-10-05 04:00:00,127038.446,978.204,-3.34
2020-10-05 05:00:00,123687.012,821.085,-3.498
2020-10-05 06:00:00,122158.534,785.2,-3.595
2020-10-05 07:00:00,122402.33,819.935,-3.538
2020-10-05 08:00:00,125389.702,895.79,-3.508
2020-10-05 09:00:00,132984.098,916.346,-3.491
2020-10-05 10:00:00,146065.07,1041.976,-3.05
2020-10-05 11:00:00,156457.422,1138.584,99.469
2020-10-05 12:00:00,160346.366,1175.915,796.472
2020-10-05 13:00:00,161001.746,1227.995,1457.634
2020-10-05 14:00:00,161179.908,963.996,1655.42
2020-10-05 15:00:00,161736.964,1419.299,1639.719
2020-10-05 16:00:00,162320.544,1697.159,1583.389
2020-10-05 17:00:00,162181.932,1831.362,1520.989
2020-10-05 18:00:00,161306.202,2237.453,1533.103
2020-10-05 19:00:00,160020.266,2759.873,1420.201
2020-10-05 20:00:00,160323.842,3262.347,1237.138
2020-10-05 21:00:00,162023.36,3682.477,647.046
2020-10-05 22:00:00,163499.676,3479.039,60.164
2020-10-05 23:00:00,167344.782,3371.119,-3.397
2020-10-06 00:00:00,164341.624,4432.283,-3.384
2020-10-06 01:00:00,156863.606,5238.823,-3.429
2020-10-06 02:00:00,148078.712,5571.115,-3.595
2020-10-06 03:00:00,139673.492,5725.09,-3.353
2020-10-06 04:00:00,132943.292,5621.177,-3.696
2020-10-06 05:00:00,129349.32,5686.278,-3.847
2020-10-06 06:00:00,127720.658,5662.563,-3.895
2020-10-06 07:00:00,127563.81,5752.081,-3.727
2020-10-06 08:00:00,130262.684,5823.908,-3.827
2020-10-06 09:00:00,137518.968,5556.934,-3.754
2020-10-06 10:00:00,150014.798,5474.475,-3.373
2020-10-06 11:00:00,159642.132,5365.978,112.866
2020-10-06 12:00:00,162629.506,4968.022,831.35
2020-10-06 13:00:00,161917.198,3851.733,1457.397
2020-10-06 14:00:00,160909.266,3353.921,1710.993
2020-10-06 15:00:00,161168.314,3086.029,1753.059
2020-10-06 16:00:00,161523.666,2704.133,1709.56
2020-10-06 17:00:00,161448.24,3042.955,1762.631
2020-10-06 18:00:00,161422.622,3664.427,1749.8
2020-10-06 19:00:00,161972.238,4134.039,1670.837
2020-10-06 20:00:00,163190.886,4300.921,1398.872
2020-10-06 21:00:00,164858.914,3996.927,670.143
2020-10-06 22:00:00,165905.616,3186.24,54.019
2020-10-06 23:00:00,169085.922,2808.544,-2.866
2020-10-07 00:00:00,165717.976,3813.703,-3.869
2020-10-07 01:00:00,158137.704,5276.024,-3.892
2020-10-07 02:00:00,148269.116,6520.318,-3.928
2020-10-07 03:00:00,139322.46,6866.945,-3.863
2020-10-07 04:00:00,132420.212,7223.482,-3.703
2020-10-07 05:00:00,128039.492,7567.236,-3.767
2020-10-07 06:00:00,125307.912,7707.097,-4.755
2020-10-07 07:00:00,124563.002,7514.58,-3.736
2020-10-07 08:00:00,126470.324,7398.95,-3.849
2020-10-07 09:00:00,133255.362,7239.592,-3.684
2020-10-07 10:00:00,144863.53,6981.593,-3.166
2020-10-07 11:00:00,154144.96,6721.811,99.26
2020-10-07 12:00:00,157934.826,5954.052,813.551
2020-10-07 13:00:00,159407.818,4851.579,1503.899
2020-10-07 14:00:00,161190.248,4609.661,1768.784
2020-10-07 15:00:00,163335.56,4319.3,1812.196
2020-10-07 16:00:00,166093.664,3877.517,1809.986
2020-10-07 17:00:00,168238.8,4692.104,1799.084
2020-10-07 18:00:00,170116.34,5094.125,1736.855
2020-10-07 19:00:00,172142.516,5723.006,1586.969
2020-10-07 20:00:00,173945.242,5627.004,1265.536
2020-10-07 21:00:00,174847.276,4981.771,602.926
2020-10-07 22:00:00,174164.336,3708.919,47.304
2020-10-07 23:00:00,175911.91,3199.732,-3.794
2020-10-08 00:00:00,171984.546,2971.834,-3.607
2020-10-08 01:00:00,162422.79,2716.178,-4.74
2020-10-08 02:00:00,152091.876,2443.717,-3.662
2020-10-08 03:00:00,142226.062,2375.65,-3.695
2020-10-08 04:00:00,133743.314,2018.677,-3.879
2020-10-08 05:00:00,127946.458,1602.771,-3.82
2020-10-08 06:00:00,124963.58,1298.361,-3.931
2020-10-08 07:00:00,123414.406,1144.081,-3.872
2020-10-08 08:00:00,125197.176,952.771,-3.82
2020-10-08 09:00:00,131633.512,963.345,-3.791
2020-10-08 10:00:00,143266.362,939.821,-3.629
2020-10-08 11:00:00,152802.982,884.631,100.299
2020-10-08 12:00:00,156649.226,921.485,784.387
2020-10-08 13:00:00,157658.402,929.246,1421.11
2020-10-08 14:00:00,158841.384,971.046,1719.571
2020-10-08 15:00:00,160313.07,1150.225,1786.693
2020-10-08 16:00:00,162089.982,1240.927,1793.122
2020-10-08 17:00:00,162928.244,1186.174,1817.568
2020-10-08 18:00:00,162970.614,1166.596,1791.974
2020-10-08 19:00:00,163482.158,1139.772,1742.814
2020-10-08 20:00:00,164514.93,990.047,1489.225
2020-10-08 21:00:00,165571.186,760.562,707.705
2020-10-08 22:00:00,165661.668,522.258,47.197
2020-10-08 23:00:00,168092.784,857.016,-4.038
2020-10-09 00:00:00,164383.074,1603.011,-4.002
2020-10-09 01:00:00,156576.01,2263.417,-4.041
2020-10-09 02:00:00,147258.492,2628.888,-4.03
2020-10-09 03:00:00,138102.096,2809.161,-3.875
2020-10-09 04:00:00,130976.094,3284.764,-3.403
2020-10-09 05:00:00,126963.614,3061.059,-3.388
2020-10-09 06:00:00,124728.07,3477.412,-3.512
2020-10-09 07:00:00,124067.59,3658.708,-3.495
2020-10-09 08:00:00,126145.602,3072.581,-3.281
2020-10-09 09:00:00,132670.908,2911.769,-3.218
2020-10-09 10:00:00,144349.112,3206.948,-2.847
2020-10-09 11:00:00,154073.11,3645.653,98.791
2020-10-09 12:00:00,157330.416,3806.571,730.928
2020-10-09 13:00:00,158175.054,3434.552,1312.389
2020-10-09 14:00:00,158760.278,2221.548,1535.209
2020-10-09 15:00:00,159425.716,3032.726,1615.807
2020-10-09 16:00:00,160281.316,4737.587,1629.99
2020-10-09 17:00:00,161237.464,5515.54,1629.525
2020-10-09 18:00:00,161656.782,5667.032,1461.474
2020-10-09 19:00:00,161905.928,5736.968,1203.755
2020-10-09 20:00:00,162459.18,5576.243,778.788
2020-10-09 21:00:00,163060.43,5405.305,267.325
2020-10-09 22:00:00,162909.824,4608.742,18.299
2020-10-09 23:00:00,164717.772,4715.258,-3.433
2020-10-10 00:00:00,160678.606,5553.364,-3.63
2020-10-10 01:00:00,154639.726,6289.737,-3.604
2020-10-10 02:00:00,147233.968,6680.878,-3.628
2020-10-10 03:00:00,138576.802,6982.125,-3.353
2020-10-10 04:00:00,131535.51,6817.379,-3.651
2020-10-10 05:00:00,126650.928,6568.963,-3.498
2020-10-10 06:00:00,123638.27,6109.349,-3.314
2020-10-10 07:00:00,122026.22,5665.63,-3.575
2020-10-10 08:00:00,121715.396,5678.765,-3.502
2020-10-10 09:00:00,123920.852,5776.364,-3.28
2020-10-10 10:00:00,128508.0,5614.518,-3.244
2020-10-10 11:00:00,133386.352,5495.01,24.243
2020-10-10 12:00:00,138518.902,5338.637,166.308
2020-10-10 13:00:00,143987.126,4459.382,324.742
2020-10-10 14:00:00,147331.642,3418.004,489.813
2020-10-10 15:00:00,149540.812,2880.986,579.294
2020-10-10 16:00:00,150680.322,2625.682,661.7
2020-10-10 17:00:00,150898.082,2176.186,622.595
2020-10-10 18:00:00,150362.334,1724.311,592.944
2020-10-10 19:00:00,150415.616,1359.199,472.288
2020-10-10 20:00:00,151814.056,1074.523,271.76
2020-10-10 21:00:00,153273.622,1003.489,106.386
2020-10-10 22:00:00,155328.17,1294.91,5.324
2020-10-10 23:00:00,158176.652,2213.379,-3.374
2020-10-11 00:00:00,155321.552,2796.867,-3.306
2020-10-11 01:00:00,150153.36,2881.577,-3.673
2020-10-11 02:00:00,143629.148,2510.647,-3.44
2020-10-11 03:00:00,136131.648,2372.955,-3.548
2020-10-11 04:00:00,129655.536,2265.939,-3.912
2020-10-11 05:00:00,124392.842,2568.627,-3.988
2020-10-11 06:00:00,121443.202,2415.481,-3.882
2020-10-11 07:00:00,119213.99,1888.59,-3.951
2020-10-11 08:00:00,118347.154,1856.84,-4.096
2020-10-11 09:00:00,119434.656,1943.56,-3.69
2020-10-11 10:00:00,122211.766,1840.355,-3.781
2020-10-11 11:00:00,125920.702,1836.947,14.009
2020-10-11 12:00:00,131370.134,1752.898,119.913
2020-10-11 13:00:00,137922.83000000002,1448.619,226.567
2020-10-11 14:00:00,142425.712,1034.554,379.619
2020-10-11 15:00:00,145522.504,874.737,513.765
2020-10-11 16:00:00,148248.04200000002,933.997,479.689
2020-10-11 17:00:00,149264.842,1030.554,397.479
2020-10-11 18:00:00,149707.51,1273.256,293.782
2020-10-11 19:00:00,150286.886,1545.704,176.84
2020-10-11 20:00:00,152283.366,1839.842,97.968
2020-10-11 21:00:00,154804.158,2415.353,35.123
2020-10-11 22:00:00,157314.508,2781.88,-0.509
2020-10-11 23:00:00,159176.4,3201.205,-4.012
2020-10-12 00:00:00,156586.438,4253.48,-3.875
2020-10-12 01:00:00,150739.464,4847.155,-4.115
2020-10-12 02:00:00,143932.42,5095.049,-3.962
2020-10-12 03:00:00,136804.408,5587.362,-4.094
2020-10-12 04:00:00,130768.322,5418.999,-4.951
2020-10-12 05:00:00,126597.22,5527.255,-5.179
2020-10-12 06:00:00,124291.312,5637.662,-4.97
2020-10-12 07:00:00,123486.164,5299.068,-4.925
2020-10-12 08:00:00,125606.738,5049.065,-4.933
2020-10-12 09:00:00,131767.28,4805.095,-4.867
2020-10-12 10:00:00,143128.142,4730.231,-4.822
2020-10-12 11:00:00,153374.066,4885.438,6.077
2020-10-12 12:00:00,159440.854,5158.894,80.701
2020-10-12 13:00:00,164052.41,5379.815,208.776
2020-10-12 14:00:00,168255.63,5347.17,352.559
2020-10-12 15:00:00,170591.666,5590.959,479.116
2020-10-12 16:00:00,172101.32,5689.638,589.37
2020-10-12 17:00:00,172455.086,6261.104,562.046
2020-10-12 18:00:00,171262.166,6499.047,528.56
2020-10-12 19:00:00,169880.628,6649.279,396.872
2020-10-12 20:00:00,170375.344,6713.725,266.803
2020-10-12 21:00:00,171436.818,6786.232,92.544
2020-10-12 22:00:00,173016.938,5760.425,5.226
2020-10-12 23:00:00,173999.992,4878.323,-3.64
2020-10-13 00:00:00,169206.86,4778.078,-3.815
2020-10-13 01:00:00,161062.024,4597.258,-3.685
2020-10-13 02:00:00,151214.316,4062.468,-3.823
2020-10-13 03:00:00,142022.334,3328.102,-3.801
2020-10-13 04:00:00,134227.616,2594.754,-3.775
2020-10-13 05:00:00,129349.156,2513.861,-3.85
2020-10-13 06:00:00,126464.784,2103.241,-3.796
2020-10-13 07:00:00,125241.138,1606.179,-3.956
2020-10-13 08:00:00,126891.192,1346.408,-3.794
2020-10-13 09:00:00,133471.338,1449.061,-3.597
2020-10-13 10:00:00,145649.05,1762.578,-3.769
2020-10-13 11:00:00,155809.054,2214.605,15.296
2020-10-13 12:00:00,160458.28399999999,2983.777,178.31
2020-10-13 13:00:00,162138.764,3585.609,444.63
2020-10-13 14:00:00,163537.822,3034.961,657.459
2020-10-13 15:00:00,164111.002,3704.921,1040.433
2020-10-13 16:00:00,164724.252,5219.321,1156.622
2020-10-13 17:00:00,164705.814,5870.631,1206.639
2020-10-13 18:00:00,164467.848,6090.561,1124.544
2020-10-13 19:00:00,164229.63,6609.528,984.476
2020-10-13 20:00:00,164598.416,6692.769,645.54
2020-10-13 21:00:00,166018.614,6342.355,327.374
2020-10-13 22:00:00,166998.774,5343.32,21.528
2020-10-13 23:00:00,169510.226,5071.031,-3.649
2020-10-14 00:00:00,165326.524,5287.984,-4.146
2020-10-14 01:00:00,157563.322,5037.163,-3.873
2020-10-14 02:00:00,148436.39,4762.833,-4.033
2020-10-14 03:00:00,139096.678,4635.243,-3.94
2020-10-14 04:00:00,132470.256,3887.858,-3.805
2020-10-14 05:00:00,128188.084,3139.135,-3.591
2020-10-14 06:00:00,125973.89,2310.819,-3.564
2020-10-14 07:00:00,125555.866,1810.244,-3.604
2020-10-14 08:00:00,127872.708,1728.393,-3.495
2020-10-14 09:00:00,134819.448,1878.479,-3.544
2020-10-14 10:00:00,147715.622,2683.03,-3.383
2020-10-14 11:00:00,157847.272,3363.308,85.579
2020-10-14 12:00:00,160909.214,3839.284,870.61
2020-10-14 13:00:00,160983.428,4260.495,1593.102
2020-10-14 14:00:00,160524.75,4220.418,1802.06
2020-10-14 15:00:00,161268.544,4578.414,1872.65
2020-10-14 16:00:00,160922.86,5379.189,1881.061
2020-10-14 17:00:00,161239.508,5942.159,1851.089
2020-10-14 18:00:00,161625.344,6245.588,1841.056
2020-10-14 19:00:00,162310.334,6452.305,1764.287
2020-10-14 20:00:00,163765.478,6510.899,1420.91
2020-10-14 21:00:00,165657.962,6366.721,567.156
2020-10-14 22:00:00,167317.478,6320.862,23.548
2020-10-14 23:00:00,170248.014,5979.984,-3.386
2020-10-15 00:00:00,166022.53399999999,5969.02,-3.444
2020-10-15 01:00:00,158517.16,6308.321,-3.223
2020-10-15 02:00:00,149146.78,6743.78,-3.504
2020-10-15 03:00:00,139810.956,6335.927,-3.671
2020-10-15 04:00:00,132755.246,6066.92,-3.538
2020-10-15 05:00:00,128389.068,5061.19,-3.559
2020-10-15 06:00:00,125791.378,5427.061,-3.594
2020-10-15 07:00:00,124962.10800000001,6240.602,-3.396
2020-10-15 08:00:00,126849.42,6578.331,-3.563
2020-10-15 09:00:00,133839.948,6621.761,-3.495
2020-10-15 10:00:00,145809.568,6155.849,-3.356
2020-10-15 11:00:00,155934.29,6058.012,80.297
2020-10-15 12:00:00,159181.966,6161.198,836.035
2020-10-15 13:00:00,160088.972,5669.405,1575.363
2020-10-15 14:00:00,160988.66999999998,5513.689,1781.021
2020-10-15 15:00:00,161834.98,4975.178,1831.895
2020-10-15 16:00:00,162947.11800000002,4673.653,1805.487
2020-10-15 17:00:00,163631.342,4350.763,1747.603
2020-10-15 18:00:00,164201.114,4499.383,1707.701
2020-10-15 19:00:00,164988.602,4720.064,1545.847
2020-10-15 20:00:00,166258.79,5017.362,1246.055
2020-10-15 21:00:00,167272.878,4684.191,449.775
2020-10-15 22:00:00,169340.772,4203.186,11.788
2020-10-15 23:00:00,171322.26,3835.053,-3.564
2020-10-16 00:00:00,167255.268,4317.672,-3.489
2020-10-16 01:00:00,160404.7,4873.8,-3.515
2020-10-16 02:00:00,151336.168,4886.767,-3.483
2020-10-16 03:00:00,142024.33,3841.801,-3.597
2020-10-16 04:00:00,135045.314,3190.871,-3.901
2020-10-16 05:00:00,130616.578,2734.099,-4.011
2020-10-16 06:00:00,127997.032,2375.221,-3.926
2020-10-16 07:00:00,126854.05,2216.418,-3.769
2020-10-16 08:00:00,128506.874,2166.914,-4.093
2020-10-16 09:00:00,134938.662,2273.204,-3.605
2020-10-16 10:00:00,146407.84,2277.746,-3.583
2020-10-16 11:00:00,157255.494,2486.644,11.38
2020-10-16 12:00:00,162420.936,2419.34,107.22
2020-10-16 13:00:00,164948.738,2234.61,239.896
2020-10-16 14:00:00,166044.162,1744.069,319.738
2020-10-16 15:00:00,165803.202,2603.482,360.797
2020-10-16 16:00:00,165375.862,3211.606,337.23
2020-10-16 17:00:00,164079.036,3439.768,359.515
2020-10-16 18:00:00,161776.48,4307.764,382.548
2020-10-16 19:00:00,158749.346,5062.069,311.985
2020-10-16 20:00:00,157722.326,5119.176,210.729
2020-10-16 21:00:00,158832.064,5167.554,119.614
2020-10-16 22:00:00,160641.48,4489.068,4.849
2020-10-16 23:00:00,163312.84,3756.326,-3.759
2020-10-17 00:00:00,160378.502,3241.095,-3.854
2020-10-17 01:00:00,155179.524,3116.545,-3.628
2020-10-17 02:00:00,148487.49,2863.722,-3.799
2020-10-17 03:00:00,141032.006,1897.143,-3.738
2020-10-17 04:00:00,135098.864,1666.614,-3.493
2020-10-17 05:00:00,131284.704,1592.542,-3.307
2020-10-17 06:00:00,128780.046,1467.785,-3.398
2020-10-17 07:00:00,128457.602,1768.014,-3.413
2020-10-17 08:00:00,129471.014,2481.19,-3.224
2020-10-17 09:00:00,133020.804,3318.802,-3.321
2020-10-17 10:00:00,138735.552,4030.143,-3.142
2020-10-17 11:00:00,145309.552,4464.753,72.493
2020-10-17 12:00:00,149833.42,4971.09,862.246
2020-10-17 13:00:00,150444.588,4811.598,1687.828
2020-10-17 14:00:00,148680.198,4961.13,1929.555
2020-10-17 15:00:00,146243.962,5825.804,1970.271
2020-10-17 16:00:00,143739.118,6228.003,1980.58
2020-10-17 17:00:00,141210.484,6282.347,1941.9
2020-10-17 18:00:00,139257.43,6123.566,1898.447
2020-10-17 19:00:00,138863.878,6346.522,1746.522
2020-10-17 20:00:00,140777.862,6304.09,1295.678
2020-10-17 21:00:00,144196.552,6152.002,458.149
2020-10-17 22:00:00,149284.544,6315.404,11.98
2020-10-17 23:00:00,153727.462,6425.49,-3.656
2020-10-18 00:00:00,152052.272,6650.691,-3.411
2020-10-18 01:00:00,148317.304,6898.284,-3.5
2020-10-18 02:00:00,143193.896,7142.853,-3.62
2020-10-18 03:00:00,136997.976,7246.513,-3.477
2020-10-18 04:00:00,131899.102,7253.229,-3.556
2020-10-18 05:00:00,128392.29,7115.05,-3.368
2020-10-18 06:00:00,126529.416,6813.316,-3.279
2020-10-18 07:00:00,125729.986,6516.564,-3.543
2020-10-18 08:00:00,126068.166,5727.759,-3.446
2020-10-18 09:00:00,128359.954,5090.188,-3.488
2020-10-18 10:00:00,132635.346,4639.884,-3.319
2020-10-18 11:00:00,137366.254,4982.226,59.893
2020-10-18 12:00:00,141490.27,5267.951,712.448
2020-10-18 13:00:00,142908.068,4890.247,1419.529
2020-10-18 14:00:00,142465.646,4922.634,1665.456
2020-10-18 15:00:00,142179.03,4704.985,1616.14
2020-10-18 16:00:00,142393.84,3804.714,1613.644
2020-10-18 17:00:00,141570.474,3739.327,1467.877
2020-10-18 18:00:00,141057.302,3922.019,1359.732
2020-10-18 19:00:00,141391.378,4092.674,1226.492
2020-10-18 20:00:00,144172.072,3681.281,934.813
2020-10-18 21:00:00,147937.722,2893.748,354.954
2020-10-18 22:00:00,153699.502,2064.852,8.164
2020-10-18 23:00:00,157178.36,1802.527,-3.545
2020-10-19 00:00:00,154244.72,1699.338,-3.284
2020-10-19 01:00:00,148318.006,1547.653,-3.637
2020-10-19 02:00:00,141140.022,1588.543,-3.305
2020-10-19 03:00:00,134080.66,1507.772,-3.52
2020-10-19 04:00:00,129072.17,1340.897,10.553
2020-10-19 05:00:00,125555.15,1550.729,12.982
2020-10-19 06:00:00,124173.248,1552.376,13.491
2020-10-19 07:00:00,124107.32,1580.169,11.245
2020-10-19 08:00:00,127023.764,1550.438,15.703
2020-10-19 09:00:00,134546.942,1667.268,22.18
2020-10-19 10:00:00,147705.124,1315.696,17.922
2020-10-19 11:00:00,158965.036,1295.869,67.508
2020-10-19 12:00:00,163626.248,1347.439,526.762
2020-10-19 13:00:00,164825.712,1287.054,1079.165
2020-10-19 14:00:00,164930.492,1074.446,1378.299
2020-10-19 15:00:00,165227.07,1095.413,1490.211
2020-10-19 16:00:00,165519.098,1068.959,1415.04
2020-10-19 17:00:00,165212.552,933.13,1403.379
2020-10-19 18:00:00,164600.696,1166.636,1331.775
2020-10-19 19:00:00,164022.55,1486.166,1250.101
2020-10-19 20:00:00,164528.32,1892.947,897.944
2020-10-19 21:00:00,167206.206,1805.593,335.259
2020-10-19 22:00:00,171123.016,2090.376,37.857
2020-10-19 23:00:00,172006.93,2473.554,22.739
2020-10-20 00:00:00,166459.71,2624.908,28.577
2020-10-20 01:00:00,158763.14,2201.432,18.986
2020-10-20 02:00:00,149707.216,2083.856,20.764
2020-10-20 03:00:00,141161.66,1862.893,10.747
2020-10-20 04:00:00,134034.228,1731.9,-3.403
2020-10-20 05:00:00,129946.76,1593.156,-3.714
2020-10-20 06:00:00,127565.23,1591.225,-3.572
2020-10-20 07:00:00,126749.664,1668.446,-3.622
2020-10-20 08:00:00,128377.228,1575.285,-3.51
2020-10-20 09:00:00,135478.22,1815.214,-3.64
2020-10-20 10:00:00,147935.722,1756.072,-3.435
2020-10-20 11:00:00,158707.428,1672.537,14.751
2020-10-20 12:00:00,163243.976,1507.342,206.21
2020-10-20 13:00:00,165200.886,1324.339,425.279
2020-10-20 14:00:00,166035.0,1266.461,804.924
2020-10-20 15:00:00,166789.028,1876.165,1248.6
2020-10-20 16:00:00,167746.576,2565.199,1303.893
2020-10-20 17:00:00,167396.9,2655.17,1429.596
2020-10-20 18:00:00,167127.204,2929.57,1455.554
2020-10-20 19:00:00,167304.592,3197.057,1300.064
2020-10-20 20:00:00,168645.606,2995.648,967.801
2020-10-20 21:00:00,170226.314,3118.575,287.551
2020-10-20 22:00:00,172829.912,3029.071,5.769
2020-10-20 23:00:00,174426.93,2621.151,-3.466
2020-10-21 00:00:00,168984.38,2514.433,-3.437
2020-10-21 01:00:00,160763.18,2711.934,-3.605
2020-10-21 02:00:00,151352.95799999998,2380.341,-3.667
2020-10-21 03:00:00,142379.428,3152.128,-3.629
2020-10-21 04:00:00,134832.724,4354.981,-3.674
2020-10-21 05:00:00,130179.932,5341.39,-3.744
2020-10-21 06:00:00,127455.474,4871.935,-3.599
2020-10-21 07:00:00,126625.796,4013.32,-3.779
2020-10-21 08:00:00,128343.906,3701.83,-3.623
2020-10-21 09:00:00,135051.236,3435.456,-3.706
2020-10-21 10:00:00,147076.666,3275.996,-3.377
2020-10-21 11:00:00,157433.458,3094.299,17.205
2020-10-21 12:00:00,162784.86,2810.569,252.921
2020-10-21 13:00:00,165443.634,2341.787,666.288
2020-10-21 14:00:00,167480.744,1504.949,1043.711
2020-10-21 15:00:00,168730.916,1004.529,1236.959
2020-10-21 16:00:00,170523.986,818.355,1326.099
2020-10-21 17:00:00,171392.252,660.725,1415.473
2020-10-21 18:00:00,171695.48,618.765,1386.694
2020-10-21 19:00:00,171960.55,504.012,1354.24
2020-10-21 20:00:00,173345.538,472.808,1060.748
2020-10-21 21:00:00,174226.878,465.239,335.71
2020-10-21 22:00:00,176866.08,434.776,6.42
2020-10-21 23:00:00,177522.402,629.244,-3.619
2020-10-22 00:00:00,172561.848,1409.049,-3.639
2020-10-22 01:00:00,164259.044,1677.384,-3.755
2020-10-22 02:00:00,154345.61,1772.371,-3.401
2020-10-22 03:00:00,144469.616,2147.736,-3.656
2020-10-22 04:00:00,136669.47,1870.196,-3.419
2020-10-22 05:00:00,131552.722,1584.093,-3.617
2020-10-22 06:00:00,128544.236,1693.057,-3.51
2020-10-22 07:00:00,127262.594,1902.89,-3.494
2020-10-22 08:00:00,128759.736,1562.615,-3.652
2020-10-22 09:00:00,135510.12,1480.123,-3.151
2020-10-22 10:00:00,147619.316,1686.25,-3.408
2020-10-22 11:00:00,158290.954,2219.31,22.292
2020-10-22 12:00:00,162943.108,2730.214,395.257
2020-10-22 13:00:00,165438.226,2741.728,976.292
2020-10-22 14:00:00,167987.138,2327.346,1193.002
2020-10-22 15:00:00,170489.992,2313.463,1175.218
2020-10-22 16:00:00,173341.874,2730.0,1204.343
2020-10-22 17:00:00,175938.21600000001,3458.703,1229.74
2020-10-22 18:00:00,177691.194,4004.858,1172.549
2020-10-22 19:00:00,178610.942,4064.573,1167.562
2020-10-22 20:00:00,179713.956,4251.674,866.272
2020-10-22 21:00:00,180109.876,4585.213,254.403
2020-10-22 22:00:00,180485.01,4539.629,6.183
2020-10-22 23:00:00,181660.45,5218.511,-2.741
2020-10-23 00:00:00,176704.4,5953.586,-2.891
2020-10-23 01:00:00,166759.112,6521.053,-2.681
2020-10-23 02:00:00,156768.804,6827.439,-2.844
2020-10-23 03:00:00,147859.726,6909.015,-2.751
2020-10-23 04:00:00,138846.744,6901.598,-2.953
2020-10-23 05:00:00,132596.616,6718.929,-2.971
2020-10-23 06:00:00,129210.24799999999,6490.682,-2.832
2020-10-23 07:00:00,127434.702,6018.042,-2.796
2020-10-23 08:00:00,128679.928,5731.457,-2.904
2020-10-23 09:00:00,134652.448,5363.831,-3.213
2020-10-23 10:00:00,146080.76,5316.308,-3.203
2020-10-23 11:00:00,156350.946,5389.553,20.002
2020-10-23 12:00:00,161403.156,5213.675,312.954
2020-10-23 13:00:00,164665.008,4079.339,662.907
2020-10-23 14:00:00,167629.15,3625.113,957.915
2020-10-23 15:00:00,170225.198,4630.936,1188.782
2020-10-23 16:00:00,172808.678,4909.644,1364.238
2020-10-23 17:00:00,174424.436,5264.1,1444.713
2020-10-23 18:00:00,175100.302,5772.113,1427.122
2020-10-23 19:00:00,174745.56,6218.32,1296.39
2020-10-23 20:00:00,174657.418,5891.407,1049.069
2020-10-23 21:00:00,173629.488,5773.914,284.993
2020-10-23 22:00:00,173663.606,5772.779,3.795
2020-10-23 23:00:00,172933.234,5449.689,-2.703
2020-10-24 00:00:00,166977.268,5425.54,-2.583
2020-10-24 01:00:00,159790.794,5249.955,-2.803
2020-10-24 02:00:00,151236.72,4896.996,-2.8
2020-10-24 03:00:00,141616.426,4529.297,-2.731
2020-10-24 04:00:00,133817.574,3922.751,-2.861
2020-10-24 05:00:00,128401.386,3501.285,-2.811
2020-10-24 06:00:00,124911.294,3384.282,-3.256
2020-10-24 07:00:00,122961.562,3192.859,-3.503
2020-10-24 08:00:00,122768.35,2675.399,-3.431
2020-10-24 09:00:00,124886.532,2207.565,-3.375
2020-10-24 10:00:00,129243.452,2079.963,-3.295
2020-10-24 11:00:00,135118.596,2218.107,23.191
2020-10-24 12:00:00,140583.882,2059.142,482.175
2020-10-24 13:00:00,146136.584,1689.214,1227.991
2020-10-24 14:00:00,149910.888,1518.426,1400.543
2020-10-24 15:00:00,151971.554,1364.926,1412.698
2020-10-24 16:00:00,152522.722,1159.457,1523.367
2020-10-24 17:00:00,151969.124,1006.159,1516.816
2020-10-24 18:00:00,152082.288,1028.738,1374.948
2020-10-24 19:00:00,151817.61,891.27,1193.895
2020-10-24 20:00:00,152162.106,1000.978,916.327
2020-10-24 21:00:00,153407.446,1378.41,273.834
2020-10-24 22:00:00,157232.812,1622.985,2.867
2020-10-24 23:00:00,158501.788,1925.063,-3.53
2020-10-25 00:00:00,155063.892,2196.73,-3.564
2020-10-25 01:00:00,150124.848,2710.685,-3.387
2020-10-25 02:00:00,143575.742,3187.573,-3.606
2020-10-25 03:00:00,136586.072,2942.43,-3.522
2020-10-25 04:00:00,130499.908,2425.196,-3.585
2020-10-25 05:00:00,126197.628,2235.422,-3.546
2020-10-25 06:00:00,123319.91399999999,2263.882,-3.73
2020-10-25 07:00:00,121836.67199999999,2352.394,-3.469
2020-10-25 08:00:00,121985.286,2522.661,-3.626
2020-10-25 09:00:00,123410.582,2695.433,-3.494
2020-10-25 10:00:00,127203.758,2964.838,-3.617
2020-10-25 11:00:00,132565.504,3012.969,1.722
2020-10-25 12:00:00,138050.648,2979.876,63.634
2020-10-25 13:00:00,143484.622,2985.151,159.33
2020-10-25 14:00:00,147341.996,3212.154,226.194
2020-10-25 15:00:00,149372.756,3489.832,301.326
2020-10-25 16:00:00,150645.364,3324.858,342.341
2020-10-25 17:00:00,150079.428,2883.91,311.265
2020-10-25 18:00:00,149525.01,2653.295,258.052
2020-10-25 19:00:00,149431.364,2661.911,177.922
2020-10-25 20:00:00,152106.636,2624.573,106.682
2020-10-25 21:00:00,156101.608,2725.411,27.445
2020-10-25 22:00:00,161228.056,2859.002,-3.411
2020-10-25 23:00:00,162418.934,2861.081,-3.458
2020-10-26 00:00:00,158794.916,2693.109,-3.602
2020-10-26 01:00:00,153326.184,2414.878,-3.411
2020-10-26 02:00:00,146272.458,2358.878,-3.643
2020-10-26 03:00:00,138802.74599999998,2327.149,-3.461
2020-10-26 04:00:00,133437.174,2288.881,-3.462
2020-10-26 05:00:00,129813.56599999999,2350.828,-3.543
2020-10-26 06:00:00,128226.196,2476.312,-3.463
2020-10-26 07:00:00,128053.462,2648.843,-3.534
2020-10-26 08:00:00,130602.186,2441.417,-3.411
2020-10-26 09:00:00,138306.57,2654.002,-3.381
2020-10-26 10:00:00,151719.826,2829.481,-3.548
2020-10-26 11:00:00,163598.692,2689.0,0.579
2020-10-26 12:00:00,168921.0,2380.653,72.989
2020-10-26 13:00:00,171478.478,1926.622,199.459
2020-10-26 14:00:00,173305.21,1740.741,305.841
2020-10-26 15:00:00,173604.834,1984.578,460.53
2020-10-26 16:00:00,172871.022,2082.921,681.457
2020-10-26 17:00:00,171433.61,1853.751,771.85
2020-10-26 18:00:00,169898.89,1687.885,753.833
2020-10-26 19:00:00,168269.388,1564.496,669.747
2020-10-26 20:00:00,168507.172,1516.589,537.526
2020-10-26 21:00:00,171531.894,1391.364,153.21
2020-10-26 22:00:00,175882.474,1255.126,-0.812
2020-10-26 23:00:00,175509.808,912.031,-3.618
2020-10-27 00:00:00,170537.896,733.506,-3.438
2020-10-27 01:00:00,162975.05,703.654,-3.709
2020-10-27 02:00:00,153934.988,600.307,-3.427
2020-10-27 03:00:00,144691.106,554.304,-3.555
2020-10-27 04:00:00,137727.324,749.316,-3.543
2020-10-27 05:00:00,133738.392,955.292,-3.501
2020-10-27 06:00:00,131607.898,874.178,-3.355
2020-10-27 07:00:00,130737.828,669.358,-3.573
2020-10-27 08:00:00,132869.622,482.597,-3.491
2020-10-27 09:00:00,139546.466,469.983,-3.521
2020-10-27 10:00:00,152174.778,364.712,-3.343
2020-10-27 11:00:00,163796.542,271.674,2.019
2020-10-27 12:00:00,168360.404,278.599,103.269
2020-10-27 13:00:00,170527.036,137.849,263.581
2020-10-27 14:00:00,170938.41,99.471,452.977
2020-10-27 15:00:00,170083.766,117.494,748.311
2020-10-27 16:00:00,169516.482,230.726,805.94
2020-10-27 17:00:00,168488.182,301.031,801.833
2020-10-27 18:00:00,167439.198,268.663,729.074
2020-10-27 19:00:00,166538.192,318.745,525.131
2020-10-27 20:00:00,167050.086,265.474,366.572
2020-10-27 21:00:00,170209.646,116.637,109.489
2020-10-27 22:00:00,174483.796,121.034,-2.565
2020-10-27 23:00:00,174466.58000000002,113.475,-3.414
2020-10-28 00:00:00,169600.628,139.74,-3.484
2020-10-28 01:00:00,162517.296,200.153,-3.667
2020-10-28 02:00:00,153511.712,291.484,-3.336
2020-10-28 03:00:00,144833.9,356.298,-3.629
2020-10-28 04:00:00,138118.582,509.027,-3.588
2020-10-28 05:00:00,133844.138,672.973,-3.529
2020-10-28 06:00:00,130970.976,837.082,-3.656
2020-10-28 07:00:00,130399.058,1224.769,-3.56
2020-10-28 08:00:00,132103.478,1510.054,-3.513
2020-10-28 09:00:00,139416.134,1931.148,-3.673
2020-10-28 10:00:00,151768.196,2047.456,-3.541
2020-10-28 11:00:00,163191.786,1994.438,3.022
2020-10-28 12:00:00,167944.99,1863.609,120.9
2020-10-28 13:00:00,169854.13,1671.347,331.716
2020-10-28 14:00:00,170743.226,1460.657,693.716
2020-10-28 15:00:00,170563.368,1232.283,954.259
2020-10-28 16:00:00,170336.548,969.125,910.622
2020-10-28 17:00:00,169728.598,777.426,784.288
2020-10-28 18:00:00,168457.484,900.821,571.182
2020-10-28 19:00:00,166776.048,969.124,376.41
2020-10-28 20:00:00,166999.218,849.463,289.515
2020-10-28 21:00:00,169659.426,738.383,80.864
2020-10-28 22:00:00,174390.408,589.096,-2.218
2020-10-28 23:00:00,174102.792,513.704,-3.527
2020-10-29 00:00:00,169249.608,494.459,-3.505
2020-10-29 01:00:00,162438.656,403.642,-3.499
2020-10-29 02:00:00,153730.816,464.91,-3.494
2020-10-29 03:00:00,144902.732,442.716,-3.63
2020-10-29 04:00:00,137980.686,387.974,-3.513
2020-10-29 05:00:00,133527.958,576.387,-3.725
2020-10-29 06:00:00,131162.054,710.617,-3.502
2020-10-29 07:00:00,130340.968,1087.312,-3.589
2020-10-29 08:00:00,132291.59,2315.601,-3.596
2020-10-29 09:00:00,139005.374,3593.018,-3.504
2020-10-29 10:00:00,150894.984,4214.191,-3.671
2020-10-29 11:00:00,162897.476,4424.306,-0.349
2020-10-29 12:00:00,169066.49,4724.018,66.277
2020-10-29 13:00:00,172197.674,4981.132,132.785
2020-10-29 14:00:00,174953.342,5012.367,197.245
2020-10-29 15:00:00,176621.144,5355.441,218.964
2020-10-29 16:00:00,176776.384,5400.26,257.053
2020-10-29 17:00:00,176033.428,5200.858,248.853
2020-10-29 18:00:00,174607.008,5349.925,323.143
2020-10-29 19:00:00,173106.72,5512.347,418.594
2020-10-29 20:00:00,173403.928,5847.954,491.715
2020-10-29 21:00:00,175482.318,6094.765,147.316
2020-10-29 22:00:00,178427.856,5953.888,-1.586
2020-10-29 23:00:00,177722.104,5717.333,-3.752
2020-10-30 00:00:00,172942.448,5152.929,-3.603
2020-10-30 01:00:00,165907.214,4363.798,-3.639
2020-10-30 02:00:00,157062.654,3378.975,-3.737
2020-10-30 03:00:00,148010.304,2912.743,-3.585
2020-10-30 04:00:00,140977.656,2740.766,-3.68
2020-10-30 05:00:00,136617.794,2551.479,-3.568
2020-10-30 06:00:00,134275.418,2503.986,-3.543
2020-10-30 07:00:00,133485.768,2396.403,-3.779
2020-10-30 08:00:00,135863.884,2447.901,-3.56
2020-10-30 09:00:00,142577.57,2383.367,-3.688
2020-10-30 10:00:00,154767.906,2311.082,-3.555
2020-10-30 11:00:00,166506.168,2466.745,-0.409
2020-10-30 12:00:00,172064.052,2234.177,165.454
2020-10-30 13:00:00,174179.528,1765.973,622.709
2020-10-30 14:00:00,174769.59,1730.283,1041.127
2020-10-30 15:00:00,174044.01799999998,1946.005,1120.122
2020-10-30 16:00:00,172759.276,1972.443,1087.159
2020-10-30 17:00:00,171095.644,2038.037,1126.286
2020-10-30 18:00:00,168543.642,2095.485,1142.275
2020-10-30 19:00:00,166181.916,1965.576,1151.332
2020-10-30 20:00:00,166257.488,1709.009,892.288
2020-10-30 21:00:00,168333.964,1398.155,260.195
2020-10-30 22:00:00,173202.11,1314.936,-1.297
2020-10-30 23:00:00,174361.978,1076.07,-3.829
2020-10-31 00:00:00,171591.516,1211.796,-3.552
2020-10-31 01:00:00,166604.156,1495.268,-3.718
2020-10-31 02:00:00,160061.972,1876.422,-3.672
2020-10-31 03:00:00,152582.8,2045.536,-3.604
2020-10-31 04:00:00,146724.388,2312.386,-3.785
2020-10-31 05:00:00,142970.796,2630.113,-3.55
2020-10-31 06:00:00,141438.824,2899.055,-3.853
2020-10-31 07:00:00,140943.018,3256.963,-3.625
2020-10-31 08:00:00,142324.414,3715.525,-3.677
2020-10-31 09:00:00,146220.688,4112.843,-3.759
2020-10-31 10:00:00,152552.114,4390.419,-3.598
2020-10-31 11:00:00,159950.37,4812.555,18.092
2020-10-31 12:00:00,164650.99,5436.483,535.566
2020-10-31 13:00:00,164720.288,5269.242,1308.092
2020-10-31 14:00:00,161595.304,4693.187,1590.146
2020-10-31 15:00:00,158447.244,5314.382,1695.797
2020-10-31 16:00:00,155039.69,5580.67,1719.145
2020-10-31 17:00:00,151705.102,5039.389,1556.44
2020-10-31 18:00:00,148930.992,5008.228,1265.681
2020-10-31 19:00:00,148189.85,5496.913,1080.754
2020-10-31 20:00:00,149429.896,5992.405,884.298
2020-10-31 21:00:00,152272.784,6330.319,266.685
2020-10-31 22:00:00,157569.046,6467.572,0.151
2020-10-31 23:00:00,160699.174,7008.718,-2.319
2020-11-01 00:00:00,159750.488,7500.033,-2.339
2020-11-01 01:00:00,157089.28399999999,7545.068,-2.41
2020-11-01 02:00:00,152503.908,7547.915,-2.327
2020-11-01 03:00:00,146682.99,7459.155,-2.345
2020-11-01 04:00:00,141263.938,7215.412,-2.179
2020-11-01 05:00:00,137471.444,7003.933,-2.186
2020-11-01 06:00:00,134333.91999999998,7221.254,-2.135
2020-11-01 07:00:00,132771.02,7113.309,-2.2
2020-11-01 08:00:00,132032.134,7171.398,-2.239
2020-11-01 09:00:00,132771.546,7488.27,-2.113
2020-11-01 10:00:00,135123.26,7593.541,-2.023
2020-11-01 11:00:00,139388.464,7673.388,3.525
2020-11-01 12:00:00,143545.018,7614.615,101.258
2020-11-01 13:00:00,148495.964,7786.604,295.052
2020-11-01 14:00:00,152243.342,8016.593,513.713
2020-11-01 15:00:00,155029.086,8233.817,471.474
2020-11-01 16:00:00,157126.026,8361.639,363.76
2020-11-01 17:00:00,157939.342,8340.551,401.657
2020-11-01 18:00:00,156515.24,8282.016,411.718
2020-11-01 19:00:00,155265.63,8208.378,536.402
2020-11-01 20:00:00,154969.09,8207.596,634.484
2020-11-01 21:00:00,159142.282,8211.22,186.116
2020-11-01 22:00:00,167577.03,7954.067,-0.297
2020-11-01 23:00:00,170989.57,6996.716,-2.264
2020-11-02 00:00:00,169318.692,6632.981,-2.214
2020-11-02 01:00:00,166468.984,6470.301,-2.078
2020-11-02 02:00:00,161603.994,6219.883,-2.099
2020-11-02 03:00:00,155667.638,6048.309,-2.052
2020-11-02 04:00:00,150474.316,6031.126,-2.117
2020-11-02 05:00:00,147422.376,5745.577,-2.579
2020-11-02 06:00:00,146227.098,5358.865,-2.716
2020-11-02 07:00:00,146433.198,5014.399,-2.67
2020-11-02 08:00:00,148315.122,4439.756,-2.665
2020-11-02 09:00:00,152714.638,3792.01,-2.821
2020-11-02 10:00:00,162620.722,3331.884,-2.79
2020-11-02 11:00:00,176786.832,3153.317,16.788
2020-11-02 12:00:00,185691.052,3106.054,562.417
2020-11-02 13:00:00,187545.178,3283.671,1459.08
2020-11-02 14:00:00,185730.552,3418.101,1798.253
2020-11-02 15:00:00,182709.654,4215.919,1917.632
2020-11-02 16:00:00,179523.628,5014.229,1975.214
2020-11-02 17:00:00,177090.018,5902.201,2005.26
2020-11-02 18:00:00,174663.84,6467.516,1972.237
2020-11-02 19:00:00,172859.088,6754.664,1839.719
2020-11-02 20:00:00,173447.558,6664.738,1313.892
2020-11-02 21:00:00,178289.638,6552.445,305.944
2020-11-02 22:00:00,189508.356,6258.869,0.641
2020-11-02 23:00:00,193054.75,6552.63,-2.783
2020-11-03 00:00:00,190026.622,7222.34,-2.786
2020-11-03 01:00:00,185706.796,7586.921,-2.829
2020-11-03 02:00:00,178930.232,7733.178,-2.673
2020-11-03 03:00:00,170351.262,7649.252,-2.722
2020-11-03 04:00:00,162680.222,7345.687,-2.785
2020-11-03 05:00:00,156670.634,7114.408,-2.664
2020-11-03 06:00:00,153372.484,6684.621,-2.768
2020-11-03 07:00:00,151632.552,6049.979,-2.623
2020-11-03 08:00:00,152013.37,5373.328,-2.86
2020-11-03 09:00:00,155355.09,4534.982,-2.779
2020-11-03 10:00:00,163794.548,4231.58,-2.877
2020-11-03 11:00:00,175965.112,4246.876,14.235
2020-11-03 12:00:00,181505.084,4291.548,546.502
2020-11-03 13:00:00,180426.944,3836.52,1479.958
2020-11-03 14:00:00,176496.548,2969.13,1806.182
2020-11-03 15:00:00,172213.036,2144.839,1850.052
2020-11-03 16:00:00,168969.17,2496.045,1824.4
2020-11-03 17:00:00,166799.354,3864.068,1818.205
2020-11-03 18:00:00,165178.468,4697.653,1767.112
2020-11-03 19:00:00,164039.312,4914.481,1576.053
2020-11-03 20:00:00,163513.252,4882.886,1122.271
2020-11-03 21:00:00,166557.24,4573.436,257.916
2020-11-03 22:00:00,174894.212,4784.777,-0.821
2020-11-03 23:00:00,178760.928,5896.277,-2.671
2020-11-04 00:00:00,175961.87,6675.245,-2.643
2020-11-04 01:00:00,171614.066,7257.307,-2.806
2020-11-04 02:00:00,165918.872,7513.642,-2.662
2020-11-04 03:00:00,158710.572,7395.71,-2.824
2020-11-04 04:00:00,152415.324,7234.026,-2.597
2020-11-04 05:00:00,147513.942,7025.568,-2.666
2020-11-04 06:00:00,144551.098,7154.334,-2.871
2020-11-04 07:00:00,143645.934,7021.905,-2.647
2020-11-04 08:00:00,143940.928,6829.361,-2.599
2020-11-04 09:00:00,147754.882,6791.601,-2.913
2020-11-04 10:00:00,156894.91,6726.276,-2.576
2020-11-04 11:00:00,169929.938,6720.406,12.618
2020-11-04 12:00:00,177117.338,6614.918,534.649
2020-11-04 13:00:00,175136.152,6007.952,1508.788
2020-11-04 14:00:00,169842.252,4575.65,1820.745
2020-11-04 15:00:00,166543.022,3730.545,1869.069
2020-11-04 16:00:00,163935.364,3483.755,1848.132
2020-11-04 17:00:00,162873.616,3432.552,1832.098
2020-11-04 18:00:00,162078.964,4338.773,1766.796
2020-11-04 19:00:00,161794.342,5002.721,1662.501
2020-11-04 20:00:00,162005.432,5526.431,1136.079
2020-11-04 21:00:00,164224.942,5413.076,253.391
2020-11-04 22:00:00,172478.274,5559.048,0.067
2020-11-04 23:00:00,174707.82,6060.324,-1.923
2020-11-05 00:00:00,170915.5,6357.49,-2.571
2020-11-05 01:00:00,165751.836,6579.934,-2.363
2020-11-05 02:00:00,158900.32,6762.577,-2.545
2020-11-05 03:00:00,150686.48,6638.96,-2.559
2020-11-05 04:00:00,143367.20799999998,6383.586,-2.602
2020-11-05 05:00:00,138114.312,6260.583,-2.756
2020-11-05 06:00:00,135373.388,6261.842,-2.684
2020-11-05 07:00:00,134003.056,6160.446,-2.556
2020-11-05 08:00:00,134530.416,6139.274,-2.637
2020-11-05 09:00:00,138205.29,6025.267,-2.628
2020-11-05 10:00:00,146723.476,6048.442,-2.643
2020-11-05 11:00:00,159558.176,6233.295,8.458
2020-11-05 12:00:00,167026.99,6116.944,423.246
2020-11-05 13:00:00,167266.444,5537.84,1292.541
2020-11-05 14:00:00,164692.218,4470.804,1692.438
2020-11-05 15:00:00,162472.844,3529.552,1747.831
2020-11-05 16:00:00,161600.108,2913.423,1734.991
2020-11-05 17:00:00,161121.15,2306.407,1720.054
2020-11-05 18:00:00,160986.876,2231.376,1582.19
2020-11-05 19:00:00,160967.75,2341.049,1342.473
2020-11-05 20:00:00,161348.712,2288.971,827.717
2020-11-05 21:00:00,163162.608,2699.898,181.887
2020-11-05 22:00:00,170537.952,3262.808,-0.616
2020-11-05 23:00:00,172240.634,3459.313,-2.456
2020-11-06 00:00:00,168394.888,4211.582,-2.504
2020-11-06 01:00:00,163759.192,5006.787,-2.283
2020-11-06 02:00:00,157092.25,4916.941,-2.658
2020-11-06 03:00:00,148789.048,5019.381,-2.373
2020-11-06 04:00:00,141288.982,5025.159,-2.592
2020-11-06 05:00:00,135499.69,5442.033,-2.362
2020-11-06 06:00:00,132467.906,5611.828,-2.434
2020-11-06 07:00:00,131033.702,5286.387,-2.527
2020-11-06 08:00:00,131086.734,4754.13,-2.428
2020-11-06 09:00:00,133925.468,4403.68,-2.372
2020-11-06 10:00:00,141511.524,3874.362,-2.484
2020-11-06 11:00:00,153661.024,3612.054,3.386
2020-11-06 12:00:00,161775.854,3364.876,147.432
2020-11-06 13:00:00,164836.432,2923.893,496.037
2020-11-06 14:00:00,163575.106,1854.475,827.083
2020-11-06 15:00:00,161740.364,1275.194,1148.325
2020-11-06 16:00:00,160593.938,984.476,1476.615
2020-11-06 17:00:00,160434.018,1251.401,1467.79
2020-11-06 18:00:00,160466.68800000002,2039.108,1431.412
2020-11-06 19:00:00,160233.028,2390.389,1420.202
2020-11-06 20:00:00,160186.706,2312.784,1004.707
2020-11-06 21:00:00,161364.83,2054.959,209.556
2020-11-06 22:00:00,166208.394,2465.62,-1.435
2020-11-06 23:00:00,167392.992,3862.661,-2.612
2020-11-07 00:00:00,162873.61,4877.22,-2.553
2020-11-07 01:00:00,158433.826,5482.467,-2.714
2020-11-07 02:00:00,152397.85,5909.988,-2.629
2020-11-07 03:00:00,145354.544,6082.382,-2.569
2020-11-07 04:00:00,138433.414,6231.073,-2.787
2020-11-07 05:00:00,132475.554,6262.875,-2.438
2020-11-07 06:00:00,129069.644,6062.802,-2.723
2020-11-07 07:00:00,127276.148,6046.35,-2.494
2020-11-07 08:00:00,126925.056,5829.198,-2.573
2020-11-07 09:00:00,128212.86,5332.828,-2.581
2020-11-07 10:00:00,132369.756,4751.289,-2.465
2020-11-07 11:00:00,137879.688,4348.603,6.593
2020-11-07 12:00:00,142743.19,4228.381,310.931
2020-11-07 13:00:00,145273.242,3825.052,1003.379
2020-11-07 14:00:00,145821.69,2532.942,1506.851
2020-11-07 15:00:00,145625.184,1816.37,1719.246
2020-11-07 16:00:00,145019.394,2179.182,1761.157
2020-11-07 17:00:00,144969.282,2400.725,1759.337
2020-11-07 18:00:00,145077.414,2319.166,1680.333
2020-11-07 19:00:00,145100.196,2195.585,1538.442
2020-11-07 20:00:00,146267.88,2011.235,1011.308
2020-11-07 21:00:00,148505.25,1861.431,204.598
2020-11-07 22:00:00,155020.046,1924.595,-1.866
2020-11-07 23:00:00,156560.484,2619.157,-2.53
2020-11-08 00:00:00,153218.73200000002,3467.141,-2.55
2020-11-08 01:00:00,148777.524,4252.677,-2.427
2020-11-08 02:00:00,144530.654,4877.991,-2.597
2020-11-08 03:00:00,138828.914,5093.248,-2.542
2020-11-08 04:00:00,132187.242,5154.083,-2.472
2020-11-08 05:00:00,127303.206,5120.804,-2.759
2020-11-08 06:00:00,123889.644,4953.683,-2.505
2020-11-08 07:00:00,122032.302,4828.08,-2.682
2020-11-08 08:00:00,121352.714,4644.641,-2.643
2020-11-08 09:00:00,122166.014,4492.137,-2.486
2020-11-08 10:00:00,124860.5,4211.436,-2.723
2020-11-08 11:00:00,129186.998,4030.365,7.372
2020-11-08 12:00:00,132596.798,3889.937,412.506
2020-11-08 13:00:00,135660.418,3743.728,1356.458
2020-11-08 14:00:00,137550.808,3127.446,1758.52
2020-11-08 15:00:00,138459.39,2552.465,1800.778
2020-11-08 16:00:00,140048.486,2991.927,1759.976
2020-11-08 17:00:00,141650.252,3649.375,1681.859
2020-11-08 18:00:00,143440.016,3935.008,1621.871
2020-11-08 19:00:00,145164.842,4414.642,1508.011
2020-11-08 20:00:00,147331.382,4492.557,930.222
2020-11-08 21:00:00,150902.794,4228.251,171.039
2020-11-08 22:00:00,158611.154,3623.662,-1.875
2020-11-08 23:00:00,160646.196,3412.329,-2.608
2020-11-09 00:00:00,157012.738,4098.245,-2.743
2020-11-09 01:00:00,152586.074,4889.461,-2.564
2020-11-09 02:00:00,145953.644,5421.802,-2.706
2020-11-09 03:00:00,138970.194,5466.262,-2.566
2020-11-09 04:00:00,131739.098,5270.415,-2.765
2020-11-09 05:00:00,126962.442,5310.13,-3.944
2020-11-09 06:00:00,124000.218,5305.817,-3.944
2020-11-09 07:00:00,122915.03,5098.053,-4.092
2020-11-09 08:00:00,123363.786,4749.08,-3.893
2020-11-09 09:00:00,126648.388,4586.084,-3.914
2020-11-09 10:00:00,135134.34,4663.462,-2.569
2020-11-09 11:00:00,148273.608,4729.399,3.122
2020-11-09 12:00:00,157055.654,4701.89,375.224
2020-11-09 13:00:00,160165.144,4307.011,1343.521
2020-11-09 14:00:00,160907.984,3668.839,1756.404
2020-11-09 15:00:00,162268.058,4204.867,1805.297
2020-11-09 16:00:00,164725.84,4732.266,1754.733
2020-11-09 17:00:00,166870.162,5123.296,1637.995
2020-11-09 18:00:00,168959.632,5155.43,1514.435
2020-11-09 19:00:00,169944.754,5259.067,1262.353
2020-11-09 20:00:00,170543.872,5220.128,819.192
2020-11-09 21:00:00,171134.658,5176.093,157.784
2020-11-09 22:00:00,176855.972,5020.162,-1.294
2020-11-09 23:00:00,177964.82,4919.148,-3.997
2020-11-10 00:00:00,172557.942,5166.237,-3.901
2020-11-10 01:00:00,166475.436,6023.804,-4.078
2020-11-10 02:00:00,158439.796,6426.331,-3.822
2020-11-10 03:00:00,148943.896,6623.094,-3.963
2020-11-10 04:00:00,140079.38,6573.633,-13.034
2020-11-10 05:00:00,133456.334,6375.031,-2.613
2020-11-10 06:00:00,129173.806,6326.633,-2.607
2020-11-10 07:00:00,127120.454,6387.906,-2.524
2020-11-10 08:00:00,126456.058,6421.383,-2.512
2020-11-10 09:00:00,128505.67,6213.787,-2.644
2020-11-10 10:00:00,135758.126,6122.78,-2.527
2020-11-10 11:00:00,147522.632,6227.458,2.951
2020-11-10 12:00:00,155905.394,6292.654,282.98
2020-11-10 13:00:00,159229.18,5951.414,1053.74
2020-11-10 14:00:00,160721.228,6058.816,1556.576
2020-11-10 15:00:00,163217.766,6166.904,1635.321
2020-11-10 16:00:00,166061.46000000002,6267.009,1498.47
2020-11-10 17:00:00,169244.182,6306.293,1439.843
2020-11-10 18:00:00,171531.698,6465.229,1294.217
2020-11-10 19:00:00,172462.954,6437.517,1140.569
2020-11-10 20:00:00,172718.206,6538.635,697.212
2020-11-10 21:00:00,173177.974,6485.309,126.233
2020-11-10 22:00:00,179211.402,6311.575,-2.573
2020-11-10 23:00:00,179634.608,6687.255,-2.259
2020-11-11 00:00:00,174584.478,6821.759,-2.615
2020-11-11 01:00:00,168206.086,6996.041,-2.406
2020-11-11 02:00:00,159883.028,7199.294,-2.54
2020-11-11 03:00:00,150460.312,7299.981,-2.451
2020-11-11 04:00:00,141156.558,7358.568,-2.543
2020-11-11 05:00:00,134078.412,6966.292,-2.445
2020-11-11 06:00:00,129943.668,6565.388,-2.446
2020-11-11 07:00:00,127564.674,5994.976,-2.372
2020-11-11 08:00:00,126644.608,5535.892,-2.38
2020-11-11 09:00:00,128461.792,5202.757,-2.35
2020-11-11 10:00:00,134538.792,4830.003,-2.38
2020-11-11 11:00:00,145457.17,4282.098,5.145
2020-11-11 12:00:00,154609.276,3909.572,227.616
2020-11-11 13:00:00,161613.21600000001,3488.161,579.271
2020-11-11 14:00:00,165958.06,3054.048,771.285
2020-11-11 15:00:00,169209.802,2340.544,735.25
2020-11-11 16:00:00,170906.8,1948.531,664.695
2020-11-11 17:00:00,172043.55,1513.823,589.993
2020-11-11 18:00:00,172128.09399999998,1176.098,363.897
2020-11-11 19:00:00,171310.72,971.738,202.449
2020-11-11 20:00:00,170433.612,954.91,125.166
2020-11-11 21:00:00,172384.938,702.393,32.121
2020-11-11 22:00:00,178458.846,513.074,-1.548
2020-11-11 23:00:00,179343.776,550.989,-1.657
2020-11-12 00:00:00,175550.08000000002,590.623,-1.555
2020-11-12 01:00:00,170237.816,624.314,-1.606
2020-11-12 02:00:00,163120.024,745.31,-1.592
2020-11-12 03:00:00,154480.386,794.773,-1.677
2020-11-12 04:00:00,146217.04,931.629,-1.683
2020-11-12 05:00:00,139948.994,1319.239,-1.433
2020-11-12 06:00:00,135715.092,1530.673,-1.577
2020-11-12 07:00:00,133475.96,1754.314,-1.595
2020-11-12 08:00:00,133170.756,1951.566,-1.479
2020-11-12 09:00:00,135262.158,2039.138,-1.578
2020-11-12 10:00:00,142568.648,1734.21,-1.549
2020-11-12 11:00:00,155132.594,1487.069,-1.508
2020-11-12 12:00:00,165157.314,1262.553,13.465
2020-11-12 13:00:00,169457.364,1220.184,88.389
2020-11-12 14:00:00,170412.386,1063.706,175.08
2020-11-12 15:00:00,170721.586,806.404,209.302
2020-11-12 16:00:00,170566.532,963.383,186.444
2020-11-12 17:00:00,170084.088,1180.751,190.682
2020-11-12 18:00:00,168777.024,1265.121,159.304
2020-11-12 19:00:00,166972.258,1228.155,134.655
2020-11-12 20:00:00,166371.036,1291.635,106.173
2020-11-12 21:00:00,168825.796,1399.337,30.948
2020-11-12 22:00:00,175959.78399999999,1706.927,-0.98
2020-11-12 23:00:00,177629.104,1893.416,-1.632
2020-11-13 00:00:00,174642.444,2025.432,-1.825
2020-11-13 01:00:00,170174.38,1659.466,-1.608
2020-11-13 02:00:00,163641.128,1680.219,-1.602
2020-11-13 03:00:00,155525.862,1427.242,-1.723
2020-11-13 04:00:00,147804.364,1116.734,-1.611
2020-11-13 05:00:00,141807.774,1539.38,-1.128
2020-11-13 06:00:00,138290.438,1994.949,-1.108
2020-11-13 07:00:00,136098.998,3292.487,-1.355
2020-11-13 08:00:00,135908.624,4143.073,-1.483
2020-11-13 09:00:00,138745.99,4492.942,-1.638
2020-11-13 10:00:00,146044.666,5287.408,-1.478
2020-11-13 11:00:00,158097.686,5273.664,-1.335
2020-11-13 12:00:00,167290.828,4660.439,63.414
2020-11-13 13:00:00,171463.078,4330.563,231.985
2020-11-13 14:00:00,172142.698,4199.217,402.987
2020-11-13 15:00:00,171033.668,3944.13,540.467
2020-11-13 16:00:00,169380.73,3453.39,637.717
2020-11-13 17:00:00,167635.37,2573.151,668.958
2020-11-13 18:00:00,165286.586,2344.698,750.54
2020-11-13 19:00:00,162455.684,2369.418,897.583
2020-11-13 20:00:00,161528.018,1953.535,752.883
2020-11-13 21:00:00,164133.972,1634.768,163.082
2020-11-13 22:00:00,172916.61,1509.096,0.651
2020-11-13 23:00:00,174847.838,1406.728,-2.541
2020-11-14 00:00:00,171802.316,1248.278,-2.57
2020-11-14 01:00:00,168560.836,1103.532,-2.525
2020-11-14 02:00:00,163936.692,981.435,-2.686
2020-11-14 03:00:00,157548.108,964.859,-2.492
2020-11-14 04:00:00,150371.268,1041.485,-2.663
2020-11-14 05:00:00,144847.114,1247.426,-2.603
2020-11-14 06:00:00,142145.89,1728.726,-2.624
2020-11-14 07:00:00,141106.058,2563.892,-2.722
2020-11-14 08:00:00,141064.486,3286.556,-2.722
2020-11-14 09:00:00,142603.288,3700.875,-2.734
2020-11-14 10:00:00,147021.92,4407.382,-2.583
2020-11-14 11:00:00,153158.028,5074.381,1.829
2020-11-14 12:00:00,158276.36800000002,5067.999,338.392
2020-11-14 13:00:00,160077.678,5017.313,1298.378
2020-11-14 14:00:00,159146.138,4915.364,1727.475
2020-11-14 15:00:00,157120.086,4735.138,1709.104
2020-11-14 16:00:00,154924.342,4442.478,1738.947
2020-11-14 17:00:00,152583.486,4638.123,1703.258
2020-11-14 18:00:00,150848.31,4862.602,1547.121
2020-11-14 19:00:00,149661.078,5175.358,1213.625
2020-11-14 20:00:00,150901.778,5322.485,693.664
2020-11-14 21:00:00,155761.724,5763.211,133.687
2020-11-14 22:00:00,166079.78,6174.525,0.177
2020-11-14 23:00:00,168091.822,6708.087,-2.422
2020-11-15 00:00:00,166132.084,7009.553,-2.838
2020-11-15 01:00:00,163161.688,7227.757,-2.587
2020-11-15 02:00:00,158945.154,7397.687,-2.661
2020-11-15 03:00:00,152782.044,7646.887,-2.807
2020-11-15 04:00:00,146258.02,7724.519,-2.622
2020-11-15 05:00:00,140700.15399999998,7729.409,-2.686
2020-11-15 06:00:00,136565.912,7706.736,-2.609
2020-11-15 07:00:00,134208.222,7903.826,-2.651
2020-11-15 08:00:00,132755.648,7765.824,-2.72
2020-11-15 09:00:00,133001.472,7798.54,-2.652
2020-11-15 10:00:00,134853.014,8104.256,-2.601
2020-11-15 11:00:00,138272.532,8184.217,0.99
2020-11-15 12:00:00,141260.412,8103.463,237.708
2020-11-15 13:00:00,144935.892,8013.455,940.915
2020-11-15 14:00:00,147603.708,8159.023,1307.094
2020-11-15 15:00:00,149347.848,7629.018,1285.982
2020-11-15 16:00:00,151097.214,6976.236,1118.136
2020-11-15 17:00:00,152757.908,7225.051,866.875
2020-11-15 18:00:00,153177.06,7457.922,624.596
2020-11-15 19:00:00,153058.20799999998,7526.201,521.42
2020-11-15 20:00:00,153622.968,7771.714,463.113
2020-11-15 21:00:00,158026.374,7889.127,92.507
2020-11-15 22:00:00,166126.908,8144.541,-2.519
2020-11-15 23:00:00,167665.76,8317.929,-2.766
2020-11-16 00:00:00,164601.598,8386.22,-2.584
2020-11-16 01:00:00,160497.332,8277.118,-2.467
2020-11-16 02:00:00,155051.25400000002,8205.312,-2.52
2020-11-16 03:00:00,148460.598,8416.012,-2.491
2020-11-16 04:00:00,142296.814,8386.493,-2.655
2020-11-16 05:00:00,137715.482,8080.224,-2.533
2020-11-16 06:00:00,135438.322,7809.1,-2.477
2020-11-16 07:00:00,134568.91,7253.037,-2.648
2020-11-16 08:00:00,135594.132,6937.202,-2.5
2020-11-16 09:00:00,139704.09,6099.88,-2.527
2020-11-16 10:00:00,149137.918,5614.634,-2.558
2020-11-16 11:00:00,163200.74599999998,5716.845,0.554
2020-11-16 12:00:00,172979.662,5245.697,357.882
2020-11-16 13:00:00,174142.538,4525.604,1404.837
2020-11-16 14:00:00,172306.804,4032.898,1920.818
2020-11-16 15:00:00,170215.508,3902.436,1962.87
2020-11-16 16:00:00,168613.226,4084.787,1901.05
2020-11-16 17:00:00,167101.822,4727.311,1884.259
2020-11-16 18:00:00,165752.468,5308.656,1894.257
2020-11-16 19:00:00,164930.098,6115.357,1798.259
2020-11-16 20:00:00,165753.376,5675.589,1162.643
2020-11-16 21:00:00,170002.538,5210.903,202.726
2020-11-16 22:00:00,181250.678,5491.628,4.343
2020-11-16 23:00:00,184383.428,6484.109,-2.214
2020-11-17 00:00:00,182017.878,7204.946,-2.67
2020-11-17 01:00:00,178157.876,7548.657,-2.826
2020-11-17 02:00:00,171874.33000000002,8011.78,-2.686
2020-11-17 03:00:00,163599.69,8141.33,-2.788
2020-11-17 04:00:00,156097.188,8209.952,-2.543
2020-11-17 05:00:00,150832.532,7986.159,-2.676
2020-11-17 06:00:00,147840.528,7457.031,-2.777
2020-11-17 07:00:00,146935.444,7072.473,-2.687
2020-11-17 08:00:00,147657.056,6873.5,-2.736
2020-11-17 09:00:00,151480.806,6838.024,-2.729
2020-11-17 10:00:00,160073.098,6663.538,-2.708
2020-11-17 11:00:00,173670.426,6435.489,-0.028
2020-11-17 12:00:00,182983.258,6298.957,260.093
2020-11-17 13:00:00,184222.354,5608.269,1108.979
2020-11-17 14:00:00,182279.844,5207.127,1499.775
2020-11-17 15:00:00,180169.346,5063.374,1616.437
2020-11-17 16:00:00,179800.68,4613.142,1515.077
2020-11-17 17:00:00,180073.668,4228.175,1379.88
2020-11-17 18:00:00,179420.542,3878.347,1187.972
2020-11-17 19:00:00,177805.722,3858.481,1231.118
2020-11-17 20:00:00,178272.688,3667.781,851.114
2020-11-17 21:00:00,183899.264,3550.498,157.741
2020-11-17 22:00:00,195266.682,3321.197,-0.861
2020-11-17 23:00:00,197493.158,3288.975,-2.596
2020-11-18 00:00:00,194500.558,3245.288,-2.561
2020-11-18 01:00:00,190430.332,2999.858,-2.567
2020-11-18 02:00:00,183835.106,2857.162,-2.598
2020-11-18 03:00:00,175592.44,2659.731,-2.533
2020-11-18 04:00:00,167670.818,2432.037,-2.668
2020-11-18 05:00:00,162410.322,2378.091,-2.65
2020-11-18 06:00:00,159408.35,2511.471,-2.447
2020-11-18 07:00:00,158590.692,2865.131,-2.714
2020-11-18 08:00:00,159380.814,3124.168,-2.746
2020-11-18 09:00:00,163429.802,3338.88,-2.731
2020-11-18 10:00:00,172269.7,3820.8,-2.662
2020-11-18 11:00:00,185647.894,4567.029,-0.427
2020-11-18 12:00:00,194317.506,5403.948,304.172
2020-11-18 13:00:00,194938.918,5780.789,1212.949
2020-11-18 14:00:00,191062.276,5662.949,1627.489
2020-11-18 15:00:00,187342.356,5764.329,1675.761
2020-11-18 16:00:00,183995.138,5945.618,1772.492
2020-11-18 17:00:00,181005.098,6025.955,1779.555
2020-11-18 18:00:00,178133.216,6264.041,1779.103
2020-11-18 19:00:00,176795.198,6376.691,1650.417
2020-11-18 20:00:00,178042.726,6375.502,1053.57
2020-11-18 21:00:00,184642.738,6136.227,171.652
2020-11-18 22:00:00,197226.726,6182.861,0.261
2020-11-18 23:00:00,200284.032,6758.269,-2.786
2020-11-19 00:00:00,198616.498,6922.047,-2.866
2020-11-19 01:00:00,195426.276,6942.656,-2.777
2020-11-19 02:00:00,189486.29,6925.216,-2.964
2020-11-19 03:00:00,181249.166,6798.764,-2.833
2020-11-19 04:00:00,174143.738,6725.427,-2.847
2020-11-19 05:00:00,169223.502,6658.047,-2.884
2020-11-19 06:00:00,166339.762,6843.04,-2.949
2020-11-19 07:00:00,165735.18,7116.64,-2.915
2020-11-19 08:00:00,166113.088,7283.965,-3.026
2020-11-19 09:00:00,170043.36800000002,7293.429,-3.148
2020-11-19 10:00:00,179019.038,7405.75,-2.867
2020-11-19 11:00:00,192271.024,7473.505,0.097
2020-11-19 12:00:00,199698.748,7423.294,309.752
2020-11-19 13:00:00,197224.96600000001,7624.166,1220.664
2020-11-19 14:00:00,189714.616,7374.237,1640.211
2020-11-19 15:00:00,183525.468,7484.26,1737.494
2020-11-19 16:00:00,178934.95,7632.822,1748.745
2020-11-19 17:00:00,175562.802,7371.527,1744.463
2020-11-19 18:00:00,172840.858,7189.462,1653.235
2020-11-19 19:00:00,171609.178,7166.994,1471.788
2020-11-19 20:00:00,171634.478,7377.333,960.037
2020-11-19 21:00:00,175819.894,7585.372,152.544
2020-11-19 22:00:00,185950.956,7615.765,-1.879
2020-11-19 23:00:00,187771.254,7862.873,-2.864
2020-11-20 00:00:00,184977.352,7916.336,-2.922
2020-11-20 01:00:00,180392.598,7954.494,-2.606
2020-11-20 02:00:00,173575.938,8122.019,-2.751
2020-11-20 03:00:00,164781.8,8251.063,-2.791
2020-11-20 04:00:00,156610.63,8236.83,-2.599
2020-11-20 05:00:00,150142.048,8269.246,-3.098
2020-11-20 06:00:00,146786.442,8221.227,-2.886
2020-11-20 07:00:00,145457.738,8109.954,-2.892
2020-11-20 08:00:00,145756.714,8068.167,-2.979
2020-11-20 09:00:00,149086.592,8097.694,-3.083
2020-11-20 10:00:00,157402.152,7879.801,-2.923
2020-11-20 11:00:00,170169.54,7555.349,-1.142
2020-11-20 12:00:00,178071.008,7473.419,296.673
2020-11-20 13:00:00,177100.62,6831.053,1257.637
2020-11-20 14:00:00,172436.746,5501.074,1712.263
2020-11-20 15:00:00,168558.118,4635.337,1794.544
2020-11-20 16:00:00,165904.28,4216.608,1750.36
2020-11-20 17:00:00,163720.186,3841.011,1720.017
2020-11-20 18:00:00,161872.494,3764.915,1715.177
2020-11-20 19:00:00,160485.262,3633.781,1599.641
2020-11-20 20:00:00,160316.182,3532.182,985.27
2020-11-20 21:00:00,162961.908,3292.841,151.874
2020-11-20 22:00:00,171566.0,3081.668,3.19
2020-11-20 23:00:00,172189.17,2830.238,0.845
2020-11-21 00:00:00,168668.966,3005.582,0.801
2020-11-21 01:00:00,165056.136,2975.682,0.81
2020-11-21 02:00:00,159385.76,2929.134,0.835
2020-11-21 03:00:00,152360.86,3185.494,0.87
2020-11-21 04:00:00,145120.42,3214.458,0.857
2020-11-21 05:00:00,138829.008,3393.811,0.92
2020-11-21 06:00:00,135600.852,3249.643,0.928
2020-11-21 07:00:00,133664.65,3176.086,1.018
2020-11-21 08:00:00,132984.398,2875.748,0.875
2020-11-21 09:00:00,134374.454,2796.794,0.823
2020-11-21 10:00:00,138130.466,2141.017,1.0
2020-11-21 11:00:00,143875.432,1621.819,2.515
2020-11-21 12:00:00,148927.486,1295.641,248.286
2020-11-21 13:00:00,152174.418,1134.998,1067.245
2020-11-21 14:00:00,153698.644,1088.417,1469.335
2020-11-21 15:00:00,154267.094,957.564,1542.601
2020-11-21 16:00:00,153995.846,750.869,1496.604
2020-11-21 17:00:00,153302.056,625.303,1398.9
2020-11-21 18:00:00,152591.832,617.475,1285.801
2020-11-21 19:00:00,151488.144,736.524,1174.55
2020-11-21 20:00:00,152349.776,940.736,730.125
2020-11-21 21:00:00,157099.572,922.394,112.373
2020-11-21 22:00:00,165554.444,852.439,1.259
2020-11-21 23:00:00,166048.354,1300.791,0.87
2020-11-22 00:00:00,163246.69,1789.126,0.867
2020-11-22 01:00:00,159575.536,1647.494,0.934
2020-11-22 02:00:00,154827.144,1529.555,0.825
2020-11-22 03:00:00,148197.24599999998,1673.336,0.875
2020-11-22 04:00:00,141685.214,1913.717,1.072
2020-11-22 05:00:00,136141.4,2428.33,0.827
2020-11-22 06:00:00,132401.742,2796.689,1.034
2020-11-22 07:00:00,130599.83,3237.062,0.989
2020-11-22 08:00:00,129914.688,3697.714,0.764
2020-11-22 09:00:00,130786.248,3918.123,1.006
2020-11-22 10:00:00,133492.578,3689.481,0.89
2020-11-22 11:00:00,137701.778,3604.529,2.423
2020-11-22 12:00:00,142578.99,3664.062,133.815
2020-11-22 13:00:00,147947.434,3483.829,524.865
2020-11-22 14:00:00,152495.702,3601.745,823.101
2020-11-22 15:00:00,154774.888,3528.105,1014.316
2020-11-22 16:00:00,155490.914,3213.089,1066.822
2020-11-22 17:00:00,156074.398,3135.75,1022.294
2020-11-22 18:00:00,155995.912,3191.863,932.881
2020-11-22 19:00:00,155504.596,3064.946,637.953
2020-11-22 20:00:00,156646.346,3355.325,303.142
2020-11-22 21:00:00,162498.446,3292.421,52.988
2020-11-22 22:00:00,170855.71600000001,2992.93,0.81
2020-11-22 23:00:00,170996.45,3311.161,0.763
2020-11-23 00:00:00,168026.132,3513.04,0.888
2020-11-23 01:00:00,164112.58,3807.633,0.759
2020-11-23 02:00:00,157890.448,4436.867,0.929
2020-11-23 03:00:00,150818.866,4784.54,0.978
2020-11-23 04:00:00,143688.088,4640.351,-140.598
2020-11-23 05:00:00,138770.678,4714.469,0.988
2020-11-23 06:00:00,135247.65,5047.122,0.831
2020-11-23 07:00:00,134066.424,5027.057,0.815
2020-11-23 08:00:00,134257.48,4800.154,1.09
2020-11-23 09:00:00,137589.732,4143.799,0.756
2020-11-23 10:00:00,145681.238,3833.315,1.09
2020-11-23 11:00:00,158500.354,3409.4,0.861
2020-11-23 12:00:00,169365.864,3173.832,105.648
2020-11-23 13:00:00,173893.582,2784.113,761.257
2020-11-23 14:00:00,174282.222,2294.509,1116.034
2020-11-23 15:00:00,173866.858,1957.822,1404.124
2020-11-23 16:00:00,172281.832,1793.986,1544.165
2020-11-23 17:00:00,170606.994,1849.833,1622.177
2020-11-23 18:00:00,169694.76,1878.567,1586.874
2020-11-23 19:00:00,169039.466,1854.03,1482.491
2020-11-23 20:00:00,170567.482,1753.037,954.719
2020-11-23 21:00:00,176155.75,1658.958,136.5
2020-11-23 22:00:00,187535.994,1711.485,2.634
2020-11-23 23:00:00,189393.148,1590.336,0.728
2020-11-24 00:00:00,186512.672,1592.191,0.815
2020-11-24 01:00:00,182576.316,1697.075,0.784
2020-11-24 02:00:00,176584.02,1768.775,0.931
2020-11-24 03:00:00,168394.488,1761.376,0.913
2020-11-24 04:00:00,160318.848,1728.848,0.891
2020-11-24 05:00:00,154945.33000000002,1666.892,0.705
2020-11-24 06:00:00,152035.946,1649.187,0.827
2020-11-24 07:00:00,150800.298,1613.84,0.739
2020-11-24 08:00:00,151280.664,1799.683,0.844
2020-11-24 09:00:00,154919.794,1903.259,0.723
2020-11-24 10:00:00,163787.824,1995.903,0.771
2020-11-24 11:00:00,176983.174,2625.727,1.93
2020-11-24 12:00:00,186493.842,3284.437,233.141
2020-11-24 13:00:00,187056.094,3542.2,1098.608
2020-11-24 14:00:00,183430.198,3755.032,1628.248
2020-11-24 15:00:00,180339.652,3852.744,1670.339
2020-11-24 16:00:00,177993.062,3913.514,1642.34
2020-11-24 17:00:00,175597.796,4135.92,1682.384
2020-11-24 18:00:00,173871.336,4637.536,1618.814
2020-11-24 19:00:00,173019.984,4701.026,1431.272
2020-11-24 20:00:00,174108.624,4849.873,765.753
2020-11-24 21:00:00,179889.848,4858.465,95.859
2020-11-24 22:00:00,189953.878,5434.822,2.818
2020-11-24 23:00:00,190357.408,5700.458,0.844
2020-11-25 00:00:00,187286.482,5805.617,0.918
2020-11-25 01:00:00,182748.182,6393.065,0.868
2020-11-25 02:00:00,176260.586,6977.065,0.77
2020-11-25 03:00:00,167927.41,7268.723,0.737
2020-11-25 04:00:00,159236.638,6879.671,0.903
2020-11-25 05:00:00,152646.92,6165.338,-2.566
2020-11-25 06:00:00,148969.832,5400.059,-2.741
2020-11-25 07:00:00,147074.794,5517.611,-2.415
2020-11-25 08:00:00,146757.674,4960.964,-2.733
2020-11-25 09:00:00,149665.534,3821.394,-2.542
2020-11-25 10:00:00,156970.132,3237.331,-2.516
2020-11-25 11:00:00,167744.082,3267.104,-2.268
2020-11-25 12:00:00,176838.392,3229.982,120.965
2020-11-25 13:00:00,179281.994,3284.062,483.752
2020-11-25 14:00:00,178704.798,3061.689,828.774
2020-11-25 15:00:00,178163.552,2565.171,993.425
2020-11-25 16:00:00,176758.976,2048.805,1056.479
2020-11-25 17:00:00,174981.846,2008.231,1046.721
2020-11-25 18:00:00,173502.55,2297.591,970.273
2020-11-25 19:00:00,171799.252,2685.79,838.338
2020-11-25 20:00:00,170801.754,2851.812,466.409
2020-11-25 21:00:00,173637.638,2685.043,63.05
2020-11-25 22:00:00,180885.276,2997.913,-2.533
2020-11-25 23:00:00,179362.302,3359.817,-2.688
2020-11-26 00:00:00,175356.8,4328.075,-2.34
2020-11-26 01:00:00,170296.39,5294.292,-2.379
2020-11-26 02:00:00,163503.796,5431.963,-2.634
2020-11-26 03:00:00,154655.272,5102.557,-2.397
2020-11-26 04:00:00,145056.752,5041.454,-2.488
2020-11-26 05:00:00,137140.808,5061.345,-2.572
2020-11-26 06:00:00,131902.328,4963.855,-2.546
2020-11-26 07:00:00,128423.39,4964.356,-2.572
2020-11-26 08:00:00,126600.392,4652.088,-2.455
2020-11-26 09:00:00,126703.95199999999,4149.411,-2.663
2020-11-26 10:00:00,129220.89199999999,3890.259,-2.527
2020-11-26 11:00:00,133449.428,3292.311,-2.494
2020-11-26 12:00:00,138371.676,2752.317,20.691
2020-11-26 13:00:00,144710.668,2689.804,147.264
2020-11-26 14:00:00,151664.952,2708.925,396.673
2020-11-26 15:00:00,156097.18,2795.72,593.229
2020-11-26 16:00:00,158410.128,3013.267,773.725
2020-11-26 17:00:00,158118.69400000002,3292.095,837.117
2020-11-26 18:00:00,155142.396,3132.096,791.099
2020-11-26 19:00:00,152586.082,2858.113,652.216
2020-11-26 20:00:00,150613.028,2547.061,344.688
2020-11-26 21:00:00,150074.626,2390.35,51.056
2020-11-26 22:00:00,152885.82,2333.305,-1.391
2020-11-26 23:00:00,150932.058,2497.143,-2.483
2020-11-27 00:00:00,148172.998,2521.389,-2.614
2020-11-27 01:00:00,145744.80800000002,2691.974,-2.528
2020-11-27 02:00:00,142394.158,2666.051,-2.586
2020-11-27 03:00:00,137855.198,2681.456,-2.681
2020-11-27 04:00:00,132008.838,2065.107,-2.783
2020-11-27 05:00:00,126843.8,2289.273,-2.603
2020-11-27 06:00:00,124009.692,2207.904,-2.475
2020-11-27 07:00:00,122292.312,1990.706,-2.575
2020-11-27 08:00:00,122068.066,1389.789,-2.74
2020-11-27 09:00:00,123915.136,973.252,-2.466
2020-11-27 10:00:00,128676.478,887.782,-2.575
2020-11-27 11:00:00,135681.85,795.599,-2.31
2020-11-27 12:00:00,141519.36,729.869,73.201
2020-11-27 13:00:00,145199.562,630.756,379.974
2020-11-27 14:00:00,148635.362,670.97,710.2
2020-11-27 15:00:00,149993.668,653.525,869.572
2020-11-27 16:00:00,150896.43,870.222,820.411
2020-11-27 17:00:00,150677.59,1006.544,743.056
2020-11-27 18:00:00,149644.576,1457.586,644.496
2020-11-27 19:00:00,148490.15,1760.694,489.063
2020-11-27 20:00:00,148548.33,1814.388,384.652
2020-11-27 21:00:00,153027.56,1969.781,63.551
2020-11-27 22:00:00,162359.108,2006.725,-1.827
2020-11-27 23:00:00,163639.602,2700.825,-2.552
2020-11-28 00:00:00,161236.95,3633.468,-2.687
2020-11-28 01:00:00,157966.106,4055.818,-2.644
2020-11-28 02:00:00,153498.512,4041.871,-2.482
2020-11-28 03:00:00,147422.706,4119.193,-2.505
2020-11-28 04:00:00,141004.164,3593.721,-2.579
2020-11-28 05:00:00,135386.886,2922.385,-2.58
2020-11-28 06:00:00,131781.666,2488.448,-2.682
2020-11-28 07:00:00,130129.016,2130.684,-2.552
2020-11-28 08:00:00,129608.744,1786.449,-2.501
2020-11-28 09:00:00,131216.634,1363.79,-2.711
2020-11-28 10:00:00,134998.754,1389.52,-2.509
2020-11-28 11:00:00,140688.754,1367.256,-2.195
2020-11-28 12:00:00,146240.888,1433.583,48.564
2020-11-28 13:00:00,149683.25400000002,1811.895,379.273
2020-11-28 14:00:00,150156.796,2216.803,867.973
2020-11-28 15:00:00,149601.016,2242.438,1278.423
2020-11-28 16:00:00,148989.516,2205.462,1363.029
2020-11-28 17:00:00,147761.638,2144.316,1331.025
2020-11-28 18:00:00,145664.168,2177.2,1329.921
2020-11-28 19:00:00,143641.836,2402.367,1294.361
2020-11-28 20:00:00,144961.79,2874.954,830.142
2020-11-28 21:00:00,150812.316,3503.9,120.057
2020-11-28 22:00:00,163613.886,4609.064,-0.323
2020-11-28 23:00:00,167697.57,6003.139,-2.631
2020-11-29 00:00:00,167227.6,7005.593,-2.733
2020-11-29 01:00:00,165724.598,7098.789,-2.702
2020-11-29 02:00:00,162574.422,7233.573,-2.809
2020-11-29 03:00:00,157128.76,7133.073,-2.649
2020-11-29 04:00:00,151356.566,6604.25,-2.624
2020-11-29 05:00:00,146604.032,6150.199,-2.69
2020-11-29 06:00:00,144626.84,5701.148,-2.595
2020-11-29 07:00:00,143433.536,5370.943,-2.624
2020-11-29 08:00:00,143955.088,5295.185,-2.858
2020-11-29 09:00:00,145480.122,5465.117,-2.681
2020-11-29 10:00:00,149142.564,5282.808,-2.858
2020-11-29 11:00:00,154511.976,4701.008,-1.512
2020-11-29 12:00:00,159094.162,4405.256,135.467
2020-11-29 13:00:00,159895.0,3512.901,821.256
2020-11-29 14:00:00,156734.578,3196.618,1459.732
2020-11-29 15:00:00,153043.466,2384.545,1671.323
2020-11-29 16:00:00,150169.18,1698.622,1661.974
2020-11-29 17:00:00,148023.87,1506.702,1624.106
2020-11-29 18:00:00,146735.188,1429.077,1471.824
2020-11-29 19:00:00,146171.598,1448.944,1252.462
2020-11-29 20:00:00,149056.14,1525.189,614.682
2020-11-29 21:00:00,157129.266,2077.41,78.87
2020-11-29 22:00:00,170353.68,3589.498,-0.602
2020-11-29 23:00:00,172975.36,4317.102,-2.559
2020-11-30 00:00:00,171597.996,4646.487,-2.552
2020-11-30 01:00:00,168191.286,5294.912,-2.623
2020-11-30 02:00:00,162685.78399999999,5216.839,-2.661
2020-11-30 03:00:00,155324.432,5813.521,-2.585
2020-11-30 04:00:00,147943.92,6305.534,0.989
2020-11-30 05:00:00,142181.706,6360.387,-2.518
2020-11-30 06:00:00,139028.374,6383.292,-2.668
2020-11-30 07:00:00,137884.954,6496.253,-2.362
2020-11-30 08:00:00,137860.418,6454.933,-2.443
2020-11-30 09:00:00,141103.406,6866.954,-2.51
2020-11-30 10:00:00,149188.908,7492.506,-2.4
2020-11-30 11:00:00,161602.39,7866.197,-2.474
2020-11-30 12:00:00,172740.676,7974.112,11.096
2020-11-30 13:00:00,178543.192,7907.98,75.855
2020-11-30 14:00:00,182448.646,7742.64,171.629
2020-11-30 15:00:00,184871.378,7531.132,328.267
2020-11-30 16:00:00,186368.822,7535.525,455.986
2020-11-30 17:00:00,186462.26,7349.211,610.694
2020-11-30 18:00:00,185797.782,7491.26,656.555
2020-11-30 19:00:00,184243.858,7834.595,516.39
2020-11-30 20:00:00,183805.07,7841.969,463.748
2020-11-30 21:00:00,187285.036,7444.449,56.886
2020-11-30 22:00:00,195812.726,6905.498,-2.86
2020-11-30 23:00:00,195384.70799999998,6371.253,-2.843
2020-12-01 00:00:00,191632.322,5989.956,-11.642
2020-12-01 01:00:00,186784.552,5474.233,-11.62
2020-12-01 02:00:00,179859.522,4900.025,-2.721
2020-12-01 03:00:00,171251.93,4734.013,-2.577
2020-12-01 04:00:00,162582.476,4684.01,-2.766
2020-12-01 05:00:00,156483.026,4749.699,-2.623
2020-12-01 06:00:00,152664.816,4731.597,-2.447
2020-12-01 07:00:00,151289.412,4853.535,-3.603
2020-12-01 08:00:00,151684.664,4930.4,-2.495
2020-12-01 09:00:00,154953.612,4970.936,-2.565
2020-12-01 10:00:00,163683.148,4906.222,-2.613
2020-12-01 11:00:00,176507.48,4676.223,-2.009
2020-12-01 12:00:00,186928.716,4374.053,126.787
2020-12-01 13:00:00,191046.826,4346.724,852.952
2020-12-01 14:00:00,191308.794,4326.838,1381.246
2020-12-01 15:00:00,191196.714,4195.652,1357.566
2020-12-01 16:00:00,191907.922,4422.17,1230.612
2020-12-01 17:00:00,192213.248,4390.1,1177.719
2020-12-01 18:00:00,192616.99,4526.497,1115.4
2020-12-01 19:00:00,192448.666,4609.452,910.287
2020-12-01 20:00:00,193715.078,4606.624,509.813
2020-12-01 21:00:00,199564.72,4513.114,65.468
2020-12-01 22:00:00,210234.064,4321.044,-2.934
2020-12-01 23:00:00,211291.902,4306.6,-2.746
2020-12-02 00:00:00,208029.82,4149.492,-3.894
2020-12-02 01:00:00,203232.712,4130.985,-2.75
2020-12-02 02:00:00,196361.488,4159.582,-2.77
2020-12-02 03:00:00,186858.672,4115.939,-2.807
2020-12-02 04:00:00,177353.16,3951.924,-2.71
2020-12-02 05:00:00,170743.458,3977.519,-2.962
2020-12-02 06:00:00,167435.724,3790.935,-2.632
2020-12-02 07:00:00,165862.05,3511.108,-2.668
2020-12-02 08:00:00,166525.482,3248.489,-3.663
2020-12-02 09:00:00,170004.218,2924.322,-2.619
2020-12-02 10:00:00,178241.428,2677.072,-2.67
2020-12-02 11:00:00,191223.076,2407.679,-2.302
2020-12-02 12:00:00,201151.86,2251.385,146.491
2020-12-02 13:00:00,203138.206,2097.167,938.654
2020-12-02 14:00:00,199932.39,1729.923,1533.966
2020-12-02 15:00:00,195626.352,1541.953,1557.665
2020-12-02 16:00:00,192747.944,1586.066,1432.396
2020-12-02 17:00:00,189385.28,1799.991,1361.267
2020-12-02 18:00:00,186416.468,1844.611,1453.684
2020-12-02 19:00:00,183630.52,1804.049,1477.717
2020-12-02 20:00:00,183592.796,1807.119,937.86
2020-12-02 21:00:00,189823.982,1818.036,122.28
2020-12-02 22:00:00,203992.888,1947.751,-2.886
2020-12-02 23:00:00,207183.02000000002,2201.198,-2.729
2020-12-03 00:00:00,205695.56,2630.447,-3.635
2020-12-03 01:00:00,202065.116,3291.028,-2.647
2020-12-03 02:00:00,196232.936,3840.527,-2.729
2020-12-03 03:00:00,187513.752,3811.182,-2.484
2020-12-03 04:00:00,178852.794,3849.569,-2.722
2020-12-03 05:00:00,172724.224,4061.961,-2.523
2020-12-03 06:00:00,169869.038,4455.144,-2.532
2020-12-03 07:00:00,169093.858,4789.794,-2.589
2020-12-03 08:00:00,170520.092,4520.996,-3.607
2020-12-03 09:00:00,174757.86800000002,4405.003,-2.496
2020-12-03 10:00:00,183890.866,4495.904,-2.581
2020-12-03 11:00:00,197206.206,5004.686,-2.126
2020-12-03 12:00:00,206452.59399999998,4717.124,165.252
2020-12-03 13:00:00,205819.11,4655.398,1018.812
2020-12-03 14:00:00,199187.642,3744.764,1560.423
2020-12-03 15:00:00,192575.128,2418.534,1623.743
2020-12-03 16:00:00,187978.824,2323.128,1591.154
2020-12-03 17:00:00,184239.972,2625.631,1611.973
2020-12-03 18:00:00,181126.81,2697.716,1591.72
2020-12-03 19:00:00,179738.896,3317.616,1428.403
2020-12-03 20:00:00,181060.548,4113.099,823.959
2020-12-03 21:00:00,187130.212,3918.21,101.831
2020-12-03 22:00:00,198622.248,4059.899,-2.81
2020-12-03 23:00:00,200483.492,4844.015,-2.723
2020-12-04 00:00:00,197522.324,5601.553,-3.532
2020-12-04 01:00:00,193399.69400000002,6014.812,-2.633
2020-12-04 02:00:00,186505.236,5935.902,-2.618
2020-12-04 03:00:00,176780.314,6374.146,-2.535
2020-12-04 04:00:00,167231.848,6435.39,-2.606
2020-12-04 05:00:00,160149.522,6244.108,-2.687
2020-12-04 06:00:00,155315.418,6280.454,-2.734
2020-12-04 07:00:00,153174.452,6133.494,-2.586
2020-12-04 08:00:00,152626.468,5929.233,-3.894
2020-12-04 09:00:00,155586.95799999998,5767.844,-2.546
2020-12-04 10:00:00,163073.7,5748.936,-2.643
2020-12-04 11:00:00,174994.328,5639.406,-2.499
2020-12-04 12:00:00,184727.422,5684.908,35.899
2020-12-04 13:00:00,187998.24,5432.415,260.728
2020-12-04 14:00:00,187608.666,4525.293,599.013
2020-12-04 15:00:00,186332.204,4058.809,916.17
2020-12-04 16:00:00,185000.392,4095.84,893.35
2020-12-04 17:00:00,183714.648,4477.829,726.203
2020-12-04 18:00:00,182285.852,4552.86,619.409
2020-12-04 19:00:00,180620.064,4286.289,465.819
2020-12-04 20:00:00,180021.29,3608.694,243.559
2020-12-04 21:00:00,183762.088,2755.862,31.13
2020-12-04 22:00:00,191207.274,2483.955,-2.555
2020-12-04 23:00:00,191174.40600000002,2838.076,-2.613
2020-12-05 00:00:00,187227.696,2911.249,-3.56
2020-12-05 01:00:00,182821.6,2761.276,-2.639
2020-12-05 02:00:00,176665.504,2606.617,-2.55
2020-12-05 03:00:00,168362.508,2141.17,-2.33
2020-12-05 04:00:00,159194.894,1866.007,-2.69
2020-12-05 05:00:00,152204.686,1923.78,-2.495
2020-12-05 06:00:00,147872.876,2066.638,-2.776
2020-12-05 07:00:00,145570.342,2050.345,-3.539
2020-12-05 08:00:00,144838.406,1911.217,-2.522
2020-12-05 09:00:00,145953.826,1911.854,-2.553
2020-12-05 10:00:00,150040.48,1898.186,-2.596
2020-12-05 11:00:00,156532.61,1979.65,-2.531
2020-12-05 12:00:00,163118.792,1934.421,55.73
2020-12-05 13:00:00,168556.226,1993.27,464.996
2020-12-05 14:00:00,171754.198,1892.047,1007.417
2020-12-05 15:00:00,173042.618,1828.351,1097.177
2020-12-05 16:00:00,173334.162,1934.587,939.7
2020-12-05 17:00:00,172804.766,1892.261,747.504
2020-12-05 18:00:00,172797.002,1877.803,548.958
2020-12-05 19:00:00,172258.238,1896.407,373.718
2020-12-05 20:00:00,173601.05800000002,1799.15,204.213
2020-12-05 21:00:00,179629.28399999999,1676.403,31.457
2020-12-05 22:00:00,189471.102,1642.498,-2.637
2020-12-05 23:00:00,190546.074,1842.661,-2.651
2020-12-06 00:00:00,188487.088,1921.048,-2.681
2020-12-06 01:00:00,185347.834,1903.819,-3.747
2020-12-06 02:00:00,180762.71600000001,2271.907,-2.745
2020-12-06 03:00:00,174294.758,2191.686,-2.637
2020-12-06 04:00:00,166477.878,1976.024,-2.577
2020-12-06 05:00:00,160107.244,1991.942,-2.711
2020-12-06 06:00:00,156156.32,1953.793,-2.623
2020-12-06 07:00:00,154408.152,1998.802,-2.648
2020-12-06 08:00:00,154184.002,1829.064,-2.685
2020-12-06 09:00:00,155857.926,1664.336,-3.694
2020-12-06 10:00:00,159270.118,1552.622,-2.638
2020-12-06 11:00:00,164884.41,1288.323,-2.277
2020-12-06 12:00:00,170041.852,1227.114,122.216
2020-12-06 13:00:00,172798.936,1129.502,895.486
2020-12-06 14:00:00,173712.904,1053.392,1510.715
2020-12-06 15:00:00,171802.494,1089.616,1588.61
2020-12-06 16:00:00,170571.514,1061.009,1590.656
2020-12-06 17:00:00,169545.332,1113.182,1595.514
2020-12-06 18:00:00,168237.372,1219.891,1564.352
2020-12-06 19:00:00,168239.562,1271.457,1396.191
2020-12-06 20:00:00,170993.012,1282.777,768.245
2020-12-06 21:00:00,179734.074,1188.694,77.007
2020-12-06 22:00:00,193325.36,1008.512,-3.094
2020-12-06 23:00:00,195597.244,814.382,-2.767
2020-12-07 00:00:00,194924.378,664.777,-2.9
2020-12-07 01:00:00,192651.988,670.727,-3.884
2020-12-07 02:00:00,187442.014,699.441,-2.818
2020-12-07 03:00:00,179660.79,688.504,-2.826
2020-12-07 04:00:00,171638.8,539.909,-2.859
2020-12-07 05:00:00,166041.66999999998,410.887,-2.878
2020-12-07 06:00:00,162842.07,360.991,-2.857
2020-12-07 07:00:00,161947.728,478.945,-2.772
2020-12-07 08:00:00,162834.208,654.36,-2.844
2020-12-07 09:00:00,167026.436,716.604,-3.816
2020-12-07 10:00:00,176252.848,810.98,-2.71
2020-12-07 11:00:00,189992.45,866.955,-2.806
2020-12-07 12:00:00,201333.296,972.362,9.089
2020-12-07 13:00:00,206176.392,885.084,106.682
2020-12-07 14:00:00,206058.122,828.722,343.057
2020-12-07 15:00:00,205420.646,888.258,497.894
2020-12-07 16:00:00,203482.146,822.004,587.719
2020-12-07 17:00:00,201659.886,873.418,569.728
2020-12-07 18:00:00,199813.536,896.124,490.567
2020-12-07 19:00:00,198489.094,974.595,347.651
2020-12-07 20:00:00,199455.63199999998,1103.998,154.011
2020-12-07 21:00:00,205890.12,1309.248,17.446
2020-12-07 22:00:00,217921.792,1492.559,-2.927
2020-12-07 23:00:00,218552.554,1631.125,-2.991
2020-12-08 00:00:00,215267.392,1826.195,-3.853
2020-12-08 01:00:00,210742.956,1931.672,-2.998
2020-12-08 02:00:00,203917.904,1963.278,-2.868
2020-12-08 03:00:00,193716.952,1945.802,-2.91
2020-12-08 04:00:00,183977.1,1884.751,-2.85
2020-12-08 05:00:00,177113.084,1940.903,-2.891
2020-12-08 06:00:00,173597.464,1916.635,-2.797
2020-12-08 07:00:00,172033.748,1991.071,-2.877
2020-12-08 08:00:00,172110.114,2092.681,-3.89
2020-12-08 09:00:00,175472.122,2030.623,-3.071
2020-12-08 10:00:00,183970.254,2106.963,-2.894
2020-12-08 11:00:00,196666.888,2124.496,-2.514
2020-12-08 12:00:00,206612.448,2145.212,105.864
2020-12-08 13:00:00,208530.482,2107.078,779.112
2020-12-08 14:00:00,206164.498,2153.411,1300.358
2020-12-08 15:00:00,203993.312,2299.054,1439.389
2020-12-08 16:00:00,200789.056,2894.545,1469.175
2020-12-08 17:00:00,197752.87,3495.341,1537.455
2020-12-08 18:00:00,194706.916,3785.917,1608.845
2020-12-08 19:00:00,193109.426,4455.944,1471.599
2020-12-08 20:00:00,194589.424,4332.627,862.431
2020-12-08 21:00:00,201877.568,4355.227,103.938
2020-12-08 22:00:00,215294.358,4741.093,-1.757
2020-12-08 23:00:00,217319.74,4953.587,-2.917
2020-12-09 00:00:00,215097.374,5312.738,-2.009
2020-12-09 01:00:00,210583.958,5451.128,-1.746
2020-12-09 02:00:00,203677.956,5591.821,-1.912
2020-12-09 03:00:00,194273.558,6035.76,-2.021
2020-12-09 04:00:00,184989.888,6444.186,-1.806
2020-12-09 05:00:00,178728.448,6251.236,-1.974
2020-12-09 06:00:00,175475.964,5857.951,-1.9
2020-12-09 07:00:00,173927.546,5804.695,-2.872
2020-12-09 08:00:00,174359.266,5696.638,-2.065
2020-12-09 09:00:00,177899.556,5858.873,-1.965
2020-12-09 10:00:00,185777.88,5521.338,-2.167
2020-12-09 11:00:00,198040.316,4949.338,-1.761
2020-12-09 12:00:00,207500.354,4283.062,58.525
2020-12-09 13:00:00,210368.864,3652.463,261.665
2020-12-09 14:00:00,208418.148,3315.112,425.955
2020-12-09 15:00:00,204143.182,2803.501,875.5
2020-12-09 16:00:00,200333.78,2484.396,1007.892
2020-12-09 17:00:00,197162.906,2682.074,1050.319
2020-12-09 18:00:00,193243.248,2723.879,1204.692
2020-12-09 19:00:00,189906.87,2601.943,1167.453
2020-12-09 20:00:00,188400.37,2398.504,711.819
2020-12-09 21:00:00,193746.104,2064.406,106.049
2020-12-09 22:00:00,205659.44,2090.936,-1.156
2020-12-09 23:00:00,207731.266,2220.723,-2.593
2020-12-10 00:00:00,205311.826,2193.095,-1.299
2020-12-10 01:00:00,201631.872,2169.042,-1.462
2020-12-10 02:00:00,195153.782,2166.965,-1.323
2020-12-10 03:00:00,185593.61,1986.803,-1.325
2020-12-10 04:00:00,175953.728,1812.518,-1.577
2020-12-10 05:00:00,169576.858,1665.468,-1.917
2020-12-10 06:00:00,166728.546,1517.43,-1.958
2020-12-10 07:00:00,165237.586,1447.135,-2.981
2020-12-10 08:00:00,166587.52,1536.657,-1.962
2020-12-10 09:00:00,170338.678,1976.25,-2.179
2020-12-10 10:00:00,179758.844,2462.259,-2.045
2020-12-10 11:00:00,193284.79,2750.974,-1.755
2020-12-10 12:00:00,203632.018,3121.363,103.09
2020-12-10 13:00:00,203741.33,3423.955,803.131
2020-12-10 14:00:00,196547.104,3636.797,1462.029
2020-12-10 15:00:00,188924.038,2615.128,1606.986
2020-12-10 16:00:00,183608.242,1719.751,1602.523
2020-12-10 17:00:00,179023.81,1651.883,1604.39
2020-12-10 18:00:00,175622.608,1571.377,1554.968
2020-12-10 19:00:00,173647.728,1273.045,1262.45
2020-12-10 20:00:00,174381.392,1099.538,576.278
2020-12-10 21:00:00,180294.926,976.04,84.542
2020-12-10 22:00:00,194338.418,1393.798,-1.704
2020-12-10 23:00:00,197586.71600000001,2220.453,-2.959
2020-12-11 00:00:00,196071.582,3178.87,-1.99
2020-12-11 01:00:00,193537.406,4280.587,-1.87
2020-12-11 02:00:00,187747.492,4819.375,-1.91
2020-12-11 03:00:00,179535.794,5209.191,-1.809
2020-12-11 04:00:00,170577.304,4945.706,-1.97
2020-12-11 05:00:00,164740.744,4640.835,-4.093
2020-12-11 06:00:00,161421.184,4298.534,-4.158
2020-12-11 07:00:00,160336.064,3596.125,-4.241
2020-12-11 08:00:00,160877.03,3393.681,-4.318
2020-12-11 09:00:00,164431.876,3575.218,-4.174
2020-12-11 10:00:00,173010.004,4005.519,-4.382
2020-12-11 11:00:00,185480.73,4143.97,-3.942
2020-12-11 12:00:00,195154.368,4199.848,69.92
2020-12-11 13:00:00,195321.876,4188.869,731.192
2020-12-11 14:00:00,188615.802,4008.72,1422.763
2020-12-11 15:00:00,182463.16999999998,3112.656,1609.556
2020-12-11 16:00:00,177526.616,2780.822,1586.089
2020-12-11 17:00:00,173881.71,2573.984,1424.216
2020-12-11 18:00:00,171148.916,2969.926,1398.654
2020-12-11 19:00:00,169295.534,3140.248,1273.042
2020-12-11 20:00:00,169226.558,3460.131,752.74
2020-12-11 21:00:00,173617.252,3918.353,85.216
2020-12-11 22:00:00,185090.622,4721.478,-4.191
2020-12-11 23:00:00,185921.13,5074.283,-3.995
2020-12-12 00:00:00,183452.53,5051.883,-4.279
2020-12-12 01:00:00,180556.022,4728.929,-4.01
2020-12-12 02:00:00,175807.384,4711.896,-4.125
2020-12-12 03:00:00,168194.278,5185.126,-4.253
2020-12-12 04:00:00,159639.498,5484.415,-4.137
2020-12-12 05:00:00,152651.558,5236.161,-4.162
2020-12-12 06:00:00,148210.004,4891.183,-4.109
2020-12-12 07:00:00,145460.968,5044.415,-4.231
2020-12-12 08:00:00,144267.804,5264.296,-4.237
2020-12-12 09:00:00,144982.784,4928.02,-4.006
2020-12-12 10:00:00,148118.618,4896.274,-4.088
2020-12-12 11:00:00,153599.452,4873.35,-4.047
2020-12-12 12:00:00,159246.658,4838.619,18.912
2020-12-12 13:00:00,163846.896,5463.885,190.563
2020-12-12 14:00:00,167331.028,6306.35,363.342
2020-12-12 15:00:00,168548.672,6342.036,625.359
2020-12-12 16:00:00,167507.258,6202.663,822.231
2020-12-12 17:00:00,165176.416,6208.547,949.422
2020-12-12 18:00:00,161843.776,5908.949,793.664
2020-12-12 19:00:00,159253.226,5691.091,627.679
2020-12-12 20:00:00,158836.268,5141.458,372.572
2020-12-12 21:00:00,163892.012,4607.337,57.442
2020-12-12 22:00:00,174831.264,4419.912,-4.006
2020-12-12 23:00:00,176218.352,4476.538,-4.055
2020-12-13 00:00:00,173596.162,4505.823,-4.005
2020-12-13 01:00:00,170202.86,4517.527,-4.005
2020-12-13 02:00:00,165521.104,4691.435,-4.089
2020-12-13 03:00:00,158060.192,4317.856,-3.878
2020-12-13 04:00:00,149821.796,3498.327,-4.026
2020-12-13 05:00:00,143094.396,2729.496,-3.962
2020-12-13 06:00:00,138343.816,2166.764,-4.026
2020-12-13 07:00:00,135926.108,2046.64,-3.986
2020-12-13 08:00:00,135332.932,2294.343,-3.952
2020-12-13 09:00:00,136175.758,2218.795,-4.111
2020-12-13 10:00:00,138900.71,2058.516,-3.969
2020-12-13 11:00:00,143253.948,2021.774,-4.1
2020-12-13 12:00:00,148364.598,1897.579,24.526
2020-12-13 13:00:00,152453.9,1760.548,353.926
2020-12-13 14:00:00,154287.958,1515.276,800.322
2020-12-13 15:00:00,155614.436,1198.531,1262.973
2020-12-13 16:00:00,156619.284,1189.743,1347.596
2020-12-13 17:00:00,156418.318,1195.758,1317.407
2020-12-13 18:00:00,155875.466,1065.306,1280.923
2020-12-13 19:00:00,156448.03,987.704,1003.513
2020-12-13 20:00:00,158994.624,806.229,572.082
2020-12-13 21:00:00,166348.042,802.138,78.909
2020-12-13 22:00:00,178925.166,857.442,-4.142
2020-12-13 23:00:00,181141.666,953.246,-4.194
2020-12-14 00:00:00,179448.09,1101.546,-4.061
2020-12-14 01:00:00,176925.088,1438.131,-4.085
2020-12-14 02:00:00,171782.612,1989.714,-4.264
2020-12-14 03:00:00,164423.98,2790.864,-4.026
2020-12-14 04:00:00,156957.922,3309.358,-4.183
2020-12-14 05:00:00,150897.016,3596.073,-4.25
2020-12-14 06:00:00,147844.688,4049.875,-4.134
2020-12-14 07:00:00,146454.61,4421.77,-4.32
2020-12-14 08:00:00,147037.836,3952.553,-4.126
2020-12-14 09:00:00,150656.988,3796.409,-4.063
2020-12-14 10:00:00,159533.498,3704.401,-4.097
2020-12-14 11:00:00,173621.514,3325.54,-4.09
2020-12-14 12:00:00,186141.024,3426.855,-1.488
2020-12-14 13:00:00,192945.348,3546.816,46.941
2020-12-14 14:00:00,196717.30599999998,3127.505,73.943
2020-12-14 15:00:00,199501.116,3512.546,84.302
2020-12-14 16:00:00,200812.628,3495.982,107.125
2020-12-14 17:00:00,201622.244,3963.242,150.311
2020-12-14 18:00:00,201192.174,4223.926,213.004
2020-12-14 19:00:00,199528.222,3884.681,278.351
2020-12-14 20:00:00,197885.894,3788.057,284.3
2020-12-14 21:00:00,202778.272,3595.653,49.404
2020-12-14 22:00:00,214071.372,3390.375,-4.493
2020-12-14 23:00:00,215389.804,3316.604,-4.539
2020-12-15 00:00:00,212218.262,2961.753,-4.475
2020-12-15 01:00:00,207768.454,2876.765,-4.361
2020-12-15 02:00:00,201063.028,2559.625,-4.628
2020-12-15 03:00:00,192062.04200000002,2298.139,-4.333
2020-12-15 04:00:00,182791.552,2102.326,-4.326
2020-12-15 05:00:00,176214.78,1699.136,-4.4
2020-12-15 06:00:00,172967.402,1536.299,-4.439
2020-12-15 07:00:00,172048.584,1490.956,-4.534
2020-12-15 08:00:00,172641.758,1855.958,-4.559
2020-12-15 09:00:00,176990.708,2171.881,-4.559
2020-12-15 10:00:00,186489.6,2176.094,-4.582
2020-12-15 11:00:00,200590.67,2154.808,-4.52
2020-12-15 12:00:00,211101.622,1989.599,80.723
2020-12-15 13:00:00,212803.094,1708.353,809.35
2020-12-15 14:00:00,207696.976,1391.058,1548.275
2020-12-15 15:00:00,201799.946,1455.206,1721.521
2020-12-15 16:00:00,197308.766,1925.237,1727.252
2020-12-15 17:00:00,193834.594,2277.936,1674.653
2020-12-15 18:00:00,191789.998,1879.54,1596.279
2020-12-15 19:00:00,191827.558,1870.995,1382.828
2020-12-15 20:00:00,193904.114,2086.739,786.895
2020-12-15 21:00:00,201727.752,2326.647,108.094
2020-12-15 22:00:00,215697.154,2626.201,-4.264
2020-12-15 23:00:00,218679.518,3133.878,-4.51
2020-12-16 00:00:00,216973.654,3747.819,-4.383
2020-12-16 01:00:00,213717.148,4071.776,-4.706
2020-12-16 02:00:00,207427.314,4323.502,-4.486
2020-12-16 03:00:00,198414.87,4598.464,-4.684
2020-12-16 04:00:00,189303.918,4340.657,-4.586
2020-12-16 05:00:00,182084.216,3916.421,-4.417
2020-12-16 06:00:00,178174.974,3654.367,-4.627
2020-12-16 07:00:00,176280.74599999998,4040.838,-4.433
2020-12-16 08:00:00,175976.026,4110.849,-4.693
2020-12-16 09:00:00,179279.626,3583.286,-4.561
2020-12-16 10:00:00,187061.002,3390.093,-4.418
2020-12-16 11:00:00,198825.566,3308.028,-4.681
2020-12-16 12:00:00,208534.3,2822.729,22.876
2020-12-16 13:00:00,213442.566,2402.024,92.491
2020-12-16 14:00:00,215664.988,2205.931,137.352
2020-12-16 15:00:00,217801.06,1936.625,184.219
2020-12-16 16:00:00,219373.47,1723.168,155.201
2020-12-16 17:00:00,219793.904,1459.99,134.661
2020-12-16 18:00:00,219367.454,1443.049,92.498
2020-12-16 19:00:00,218305.30599999998,1457.134,47.218
2020-12-16 20:00:00,217666.968,1489.108,32.209
2020-12-16 21:00:00,221892.668,1215.663,6.896
2020-12-16 22:00:00,228903.98,1027.828,-4.608
2020-12-16 23:00:00,226779.438,1074.311,-4.522
2020-12-17 00:00:00,221393.472,1215.823,-4.349
2020-12-17 01:00:00,215446.336,1353.654,-4.488
2020-12-17 02:00:00,207925.556,1400.623,-4.333
2020-12-17 03:00:00,197477.176,1303.751,-4.309
2020-12-17 04:00:00,188041.136,1289.693,-4.312
2020-12-17 05:00:00,181430.036,1356.061,-4.412
2020-12-17 06:00:00,177784.29,1410.301,-4.409
2020-12-17 07:00:00,176140.304,1261.234,-4.431
2020-12-17 08:00:00,176311.292,1329.942,-4.609
2020-12-17 09:00:00,179395.044,1323.794,-4.723
2020-12-17 10:00:00,186965.37,1269.914,-4.405
2020-12-17 11:00:00,198449.61,1088.965,-4.142
2020-12-17 12:00:00,208170.908,869.688,30.763
2020-12-17 13:00:00,211896.316,680.995,348.098
2020-12-17 14:00:00,210643.612,631.565,694.038
2020-12-17 15:00:00,208187.7,473.958,760.772
2020-12-17 16:00:00,206316.072,450.709,834.166
2020-12-17 17:00:00,204401.26,456.503,856.754
2020-12-17 18:00:00,202271.52,631.531,893.379
2020-12-17 19:00:00,201083.916,692.619,799.151
2020-12-17 20:00:00,202104.952,608.758,482.878
2020-12-17 21:00:00,208521.304,538.994,61.721
2020-12-17 22:00:00,220864.03,525.541,-4.782
2020-12-17 23:00:00,222034.192,486.383,-4.609
2020-12-18 00:00:00,219186.736,552.671,-4.657
2020-12-18 01:00:00,215161.46,604.912,-4.533
2020-12-18 02:00:00,208059.902,554.748,-4.486
2020-12-18 03:00:00,198660.536,608.199,-4.402
2020-12-18 04:00:00,188641.136,550.785,-4.5
2020-12-18 05:00:00,181211.34,566.263,-4.384
2020-12-18 06:00:00,177221.322,621.437,-4.396
2020-12-18 07:00:00,175567.204,627.003,-4.483
2020-12-18 08:00:00,176039.684,638.186,-4.349
2020-12-18 09:00:00,179368.57,847.58,-4.592
2020-12-18 10:00:00,187707.038,1150.515,-4.406
2020-12-18 11:00:00,200128.954,1460.699,-4.369
2020-12-18 12:00:00,210910.076,1926.785,30.121
2020-12-18 13:00:00,215167.578,2670.937,319.187
2020-12-18 14:00:00,215287.72,3356.042,662.905
2020-12-18 15:00:00,212909.40600000002,3554.996,905.749
2020-12-18 16:00:00,209686.782,3621.705,819.69
2020-12-18 17:00:00,206790.804,4006.154,719.358
2020-12-18 18:00:00,203987.748,4376.953,692.397
2020-12-18 19:00:00,201888.678,4607.342,604.994
2020-12-18 20:00:00,201913.624,4838.082,323.892
2020-12-18 21:00:00,206969.96600000001,5303.099,64.391
2020-12-18 22:00:00,218321.062,5582.716,-4.423
2020-12-18 23:00:00,218620.718,6283.402,-4.354
2020-12-19 00:00:00,216021.084,6473.786,-4.446
2020-12-19 01:00:00,213189.378,6632.56,-4.667
2020-12-19 02:00:00,208370.65,6612.185,-4.398
2020-12-19 03:00:00,200744.164,6317.838,-4.546
2020-12-19 04:00:00,192241.08,6256.685,-4.462
2020-12-19 05:00:00,185859.922,6392.291,-4.427
2020-12-19 06:00:00,182342.914,6172.047,-4.689
2020-12-19 07:00:00,180917.196,5958.269,-4.428
2020-12-19 08:00:00,180854.326,5820.307,-4.659
2020-12-19 09:00:00,183213.892,5643.9,-4.501
2020-12-19 10:00:00,187653.068,5483.292,-4.602
2020-12-19 11:00:00,194542.278,5126.198,-4.513
2020-12-19 12:00:00,201095.24,4855.387,37.455
2020-12-19 13:00:00,204032.89,4458.744,425.337
2020-12-19 14:00:00,203115.35,4209.607,804.111
2020-12-19 15:00:00,199346.414,3805.234,933.724
2020-12-19 16:00:00,194889.082,3315.563,958.925
2020-12-19 17:00:00,190524.79,3130.76,843.423
2020-12-19 18:00:00,187268.138,2802.282,742.863
2020-12-19 19:00:00,186148.098,2480.484,686.791
2020-12-19 20:00:00,187386.334,2332.486,465.347
2020-12-19 21:00:00,194145.14,2755.677,88.028
2020-12-19 22:00:00,205093.728,2759.859,-3.087
2020-12-19 23:00:00,206006.376,2351.801,-3.613
2020-12-20 00:00:00,204436.52,2022.121,-3.278
2020-12-20 01:00:00,201788.16999999998,1907.282,-3.515
2020-12-20 02:00:00,196991.286,1940.916,-3.533
2020-12-20 03:00:00,189749.692,2023.888,-3.514
2020-12-20 04:00:00,181297.776,1700.985,-3.469
2020-12-20 05:00:00,173570.778,1586.424,-4.594
2020-12-20 06:00:00,169033.294,1654.212,-4.346
2020-12-20 07:00:00,166253.332,1795.814,-4.666
2020-12-20 08:00:00,164853.406,1782.18,-4.695
2020-12-20 09:00:00,165143.734,1874.408,-4.528
2020-12-20 10:00:00,167273.454,1496.227,-4.696
2020-12-20 11:00:00,171373.474,1569.61,-4.503
2020-12-20 12:00:00,176513.768,1794.889,-0.698
2020-12-20 13:00:00,181607.596,2093.662,35.558
2020-12-20 14:00:00,185967.282,2487.295,119.549
2020-12-20 15:00:00,186875.112,3133.428,233.035
2020-12-20 16:00:00,186177.98,3366.757,338.321
2020-12-20 17:00:00,185444.464,3803.669,340.386
2020-12-20 18:00:00,182973.554,4221.291,320.796
2020-12-20 19:00:00,180604.936,4010.65,262.202
2020-12-20 20:00:00,180524.574,3971.063,149.19
2020-12-20 21:00:00,186317.874,3572.005,25.669
2020-12-20 22:00:00,197417.44,3047.835,-4.431
2020-12-20 23:00:00,199515.342,3676.858,-4.45
2020-12-21 00:00:00,197515.644,3803.169,-4.511
2020-12-21 01:00:00,194844.694,3857.457,-4.501
2020-12-21 02:00:00,188997.934,3126.532,-4.538
2020-12-21 03:00:00,181295.594,3026.987,-4.473
2020-12-21 04:00:00,172543.25,3311.232,-4.39
2020-12-21 05:00:00,165994.18,3493.29,-4.479
2020-12-21 06:00:00,162234.488,3339.642,-4.528
2020-12-21 07:00:00,160629.226,2707.825,-4.459
2020-12-21 08:00:00,160747.232,2581.433,-4.593
2020-12-21 09:00:00,164363.754,3039.971,-4.62
2020-12-21 10:00:00,172572.788,4139.754,-4.592
2020-12-21 11:00:00,184850.968,4564.899,-4.554
2020-12-21 12:00:00,195634.714,4968.926,3.261
2020-12-21 13:00:00,200184.178,5281.013,108.0
2020-12-21 14:00:00,201218.678,5149.358,244.31
2020-12-21 15:00:00,200731.346,5277.656,411.813
2020-12-21 16:00:00,198399.188,6317.72,612.196
2020-12-21 17:00:00,194472.588,6843.96,811.962
2020-12-21 18:00:00,191373.584,6986.037,868.205
2020-12-21 19:00:00,189617.466,7126.815,809.413
2020-12-21 20:00:00,189853.55,7255.878,568.356
2020-12-21 21:00:00,195264.87,7318.169,100.894
2020-12-21 22:00:00,206141.926,7443.728,-4.24
2020-12-21 23:00:00,207366.486,7571.248,-4.346
2020-12-22 00:00:00,204501.342,7489.424,-4.489
2020-12-22 01:00:00,200096.64,7746.752,-4.572
2020-12-22 02:00:00,193439.196,8019.674,-4.236
2020-12-22 03:00:00,183897.038,8381.78,-4.432
2020-12-22 04:00:00,173936.35,8451.007,-4.347
2020-12-22 05:00:00,165588.67,8297.083,-4.403
2020-12-22 06:00:00,161039.654,8269.553,-4.413
2020-12-22 07:00:00,159010.658,7760.325,-4.322
2020-12-22 08:00:00,158940.186,6924.332,-4.406
2020-12-22 09:00:00,162205.16,5860.832,-4.54
2020-12-22 10:00:00,170201.806,4938.784,-4.281
2020-12-22 11:00:00,182342.486,4558.808,-4.264
2020-12-22 12:00:00,192477.762,4188.089,47.433
2020-12-22 13:00:00,195596.648,3373.706,604.165
2020-12-22 14:00:00,194543.942,2690.181,1407.892
2020-12-22 15:00:00,192080.638,2282.159,1538.656
2020-12-22 16:00:00,190677.41,2279.98,1477.297
2020-12-22 17:00:00,188804.11800000002,2587.937,1461.472
2020-12-22 18:00:00,187466.894,3088.161,1444.602
2020-12-22 19:00:00,186385.454,3630.738,1375.306
2020-12-22 20:00:00,186134.112,4099.005,930.134
2020-12-22 21:00:00,190996.094,4526.709,141.844
2020-12-22 22:00:00,202622.334,5846.729,-4.485
2020-12-22 23:00:00,205485.296,6861.865,-4.597
2020-12-23 00:00:00,203503.562,7323.996,-4.443
2020-12-23 01:00:00,200758.832,7667.868,-4.473
2020-12-23 02:00:00,195676.312,7598.671,-4.577
2020-12-23 03:00:00,187732.254,7583.759,-4.458
2020-12-23 04:00:00,178820.612,7443.883,-4.478
2020-12-23 05:00:00,172119.576,7519.399,-4.565
2020-12-23 06:00:00,168897.522,7466.793,-4.454
2020-12-23 07:00:00,168148.164,7570.778,-4.483
2020-12-23 08:00:00,169268.022,7345.154,-4.535
2020-12-23 09:00:00,173421.024,7284.046,-4.671
2020-12-23 10:00:00,181929.196,7292.866,-4.602
2020-12-23 11:00:00,194137.47,7250.96,-4.282
2020-12-23 12:00:00,204157.536,7513.822,79.494
2020-12-23 13:00:00,205087.838,7888.603,779.95
2020-12-23 14:00:00,199324.936,8278.673,1523.428
2020-12-23 15:00:00,192466.808,8462.167,1660.863
2020-12-23 16:00:00,186552.54200000002,8406.39,1675.023
2020-12-23 17:00:00,181952.242,8099.886,1622.379
2020-12-23 18:00:00,179028.27,7639.145,1502.694
2020-12-23 19:00:00,177703.148,7849.877,1239.565
2020-12-23 20:00:00,178737.804,8072.894,873.795
2020-12-23 21:00:00,184312.652,8609.067,135.181
2020-12-23 22:00:00,196014.52,8839.688,-4.761
2020-12-23 23:00:00,196975.106,8891.465,-4.436
2020-12-24 00:00:00,194257.038,8998.653,-4.541
2020-12-24 01:00:00,190597.886,9073.937,-4.701
2020-12-24 02:00:00,184899.55,8928.718,-4.501
2020-12-24 03:00:00,176065.104,9049.506,-4.599
2020-12-24 04:00:00,166262.282,9077.339,-4.435
2020-12-24 05:00:00,158057.592,9041.128,-4.584
2020-12-24 06:00:00,152235.898,9118.498,-4.687
2020-12-24 07:00:00,148825.7,9050.622,-4.368
2020-12-24 08:00:00,147087.708,8827.323,-4.472
2020-12-24 09:00:00,147904.756,8712.357,-4.329
2020-12-24 10:00:00,152222.668,8634.718,-4.181
2020-12-24 11:00:00,158747.33,8349.745,-4.338
2020-12-24 12:00:00,165316.25,8189.948,22.176
2020-12-24 13:00:00,169973.088,8031.602,194.225
2020-12-24 14:00:00,174020.258,8093.238,462.845
2020-12-24 15:00:00,176507.844,7879.528,547.162
2020-12-24 16:00:00,177676.63,7688.692,581.922
2020-12-24 17:00:00,177283.226,7320.284,494.127
2020-12-24 18:00:00,176988.52,7181.067,302.909
2020-12-24 19:00:00,176633.52,7032.88,155.143
2020-12-24 20:00:00,177472.384,6484.93,71.323
2020-12-24 21:00:00,181480.202,6292.22,9.27
2020-12-24 22:00:00,187145.148,6141.23,-2.645
2020-12-24 23:00:00,185221.942,6082.031,-2.434
2020-12-25 00:00:00,181382.168,6092.756,-2.318
2020-12-25 01:00:00,178149.738,6181.845,-2.502
2020-12-25 02:00:00,174867.144,6028.199,-2.503
2020-12-25 03:00:00,169448.204,5770.825,-2.44
2020-12-25 04:00:00,162340.518,5463.127,-2.283
2020-12-25 05:00:00,155719.224,5106.265,-2.389
2020-12-25 06:00:00,151399.482,5016.398,-2.358
2020-12-25 07:00:00,149233.038,5267.343,-2.236
2020-12-25 08:00:00,149035.676,5717.84,-2.482
2020-12-25 09:00:00,150753.174,5800.992,-2.386
2020-12-25 10:00:00,155109.936,5836.357,-2.403
2020-12-25 11:00:00,161552.822,5817.166,-2.59
2020-12-25 12:00:00,169465.936,5982.25,1.972
2020-12-25 13:00:00,176483.224,5680.789,72.694
2020-12-25 14:00:00,181914.0,5465.697,234.274
2020-12-25 15:00:00,184701.786,5008.42,539.485
2020-12-25 16:00:00,186260.158,4634.043,753.009
2020-12-25 17:00:00,186359.164,5152.108,835.305
2020-12-25 18:00:00,185253.176,5533.473,945.279
2020-12-25 19:00:00,184392.528,5449.01,838.654
2020-12-25 20:00:00,186803.406,5978.516,561.824
2020-12-25 21:00:00,193339.562,6340.095,98.446
2020-12-25 22:00:00,203352.964,6384.471,-2.649
2020-12-25 23:00:00,205532.306,6297.659,-2.701
2020-12-26 00:00:00,205410.02,6785.618,-2.603
2020-12-26 01:00:00,204956.77,7107.2,-2.728
2020-12-26 02:00:00,203172.64,7668.329,-2.651
2020-12-26 03:00:00,199045.256,8030.38,-2.469
2020-12-26 04:00:00,193557.974,8031.576,-2.585
2020-12-26 05:00:00,188748.06,7868.204,-2.501
2020-12-26 06:00:00,185764.802,7633.53,-2.595
2020-12-26 07:00:00,184300.986,7232.037,-2.521
2020-12-26 08:00:00,183919.842,6798.558,-2.621
2020-12-26 09:00:00,185282.98,6303.875,-2.563
2020-12-26 10:00:00,188765.954,5536.005,-2.585
2020-12-26 11:00:00,194467.58,4636.007,-2.647
2020-12-26 12:00:00,200039.858,3906.698,54.516
2020-12-26 13:00:00,202238.188,3621.326,765.043
2020-12-26 14:00:00,201197.976,3132.953,1619.991
2020-12-26 15:00:00,198874.014,2586.546,1824.835
2020-12-26 16:00:00,195943.596,2278.565,1811.545
2020-12-26 17:00:00,191915.712,2003.723,1777.852
2020-12-26 18:00:00,188644.21,1576.482,1800.777
2020-12-26 19:00:00,186566.434,1345.77,1724.51
2020-12-26 20:00:00,187891.024,1347.154,1131.286
2020-12-26 21:00:00,195028.242,1355.59,205.021
2020-12-26 22:00:00,207344.708,1384.261,8.636
2020-12-26 23:00:00,210829.738,1617.983,8.493
2020-12-27 00:00:00,209438.338,1777.042,8.388
2020-12-27 01:00:00,207333.636,1934.288,8.519
2020-12-27 02:00:00,203182.826,2513.023,8.393
2020-12-27 03:00:00,197225.588,2968.776,8.446
2020-12-27 04:00:00,190257.514,3097.5,8.588
2020-12-27 05:00:00,184795.01,2825.069,8.487
2020-12-27 06:00:00,181686.398,2897.101,8.534
2020-12-27 07:00:00,180189.924,3428.02,8.432
2020-12-27 08:00:00,180260.272,4177.341,8.375
2020-12-27 09:00:00,181816.678,5216.364,8.364
2020-12-27 10:00:00,185174.022,5893.149,8.132
2020-12-27 11:00:00,189993.934,5931.864,8.442
2020-12-27 12:00:00,194699.914,5771.747,74.754
2020-12-27 13:00:00,195596.952,5484.556,811.505
2020-12-27 14:00:00,191028.606,5449.468,1698.276
2020-12-27 15:00:00,185121.006,5303.035,1853.665
2020-12-27 16:00:00,179952.138,5301.102,1825.225
2020-12-27 17:00:00,175733.746,5101.003,1804.943
2020-12-27 18:00:00,172221.986,5158.583,1767.471
2020-12-27 19:00:00,170335.206,5451.296,1599.561
2020-12-27 20:00:00,172369.562,5835.247,957.51
2020-12-27 21:00:00,180798.794,6201.496,168.606
2020-12-27 22:00:00,195344.274,6698.6,9.199
2020-12-27 23:00:00,199230.426,7559.27,8.912
2020-12-28 00:00:00,198319.966,8080.09,8.845
2020-12-28 01:00:00,196226.642,8211.579,8.807
2020-12-28 02:00:00,190917.088,8365.355,8.77
2020-12-28 03:00:00,183620.798,8426.339,8.872
2020-12-28 04:00:00,175745.7,8364.456,8.879
2020-12-28 05:00:00,169343.81,8103.806,8.827
2020-12-28 06:00:00,165535.922,7640.411,8.839
2020-12-28 07:00:00,163738.714,7539.972,8.84
2020-12-28 08:00:00,163406.156,7278.53,8.824
2020-12-28 09:00:00,166369.896,6805.387,8.755
2020-12-28 10:00:00,172798.278,6090.031,8.615
2020-12-28 11:00:00,182458.572,5346.249,8.926
2020-12-28 12:00:00,190938.852,4795.454,52.079
2020-12-28 13:00:00,194733.924,4190.259,334.529
2020-12-28 14:00:00,195902.136,3916.155,585.648
2020-12-28 15:00:00,194651.366,3893.811,845.754
2020-12-28 16:00:00,191563.192,4135.55,1095.957
2020-12-28 17:00:00,187918.866,4250.274,1278.062
2020-12-28 18:00:00,184567.57,4319.801,1385.977
2020-12-28 19:00:00,182818.406,4209.414,1252.119
2020-12-28 20:00:00,182833.868,4074.338,798.218
2020-12-28 21:00:00,188260.962,3961.341,153.945
2020-12-28 22:00:00,199892.092,3569.204,1.175
2020-12-28 23:00:00,202272.842,3463.23,0.77
2020-12-29 00:00:00,199686.456,3304.642,0.748
2020-12-29 01:00:00,195895.046,3440.078,0.642
2020-12-29 02:00:00,189987.892,3523.314,0.798
2020-12-29 03:00:00,182118.222,3353.979,0.838
2020-12-29 04:00:00,173638.624,3023.5,0.831
2020-12-29 05:00:00,167718.95,2818.635,0.838
2020-12-29 06:00:00,164528.424,2805.235,0.84
2020-12-29 07:00:00,163587.546,2751.885,0.681
2020-12-29 08:00:00,163918.448,2527.399,0.84
2020-12-29 09:00:00,167696.352,2323.565,0.627
2020-12-29 10:00:00,175665.854,2109.068,0.919
2020-12-29 11:00:00,187160.568,2038.303,0.843
2020-12-29 12:00:00,196826.972,2263.77,56.036
2020-12-29 13:00:00,199674.532,2517.251,746.112
2020-12-29 14:00:00,197509.764,2672.942,1641.712
2020-12-29 15:00:00,194565.238,2428.332,1853.808
2020-12-29 16:00:00,191718.262,2289.617,1890.926
2020-12-29 17:00:00,189872.38199999998,2683.279,1847.521
2020-12-29 18:00:00,187480.944,3627.563,1861.704
2020-12-29 19:00:00,186638.204,4209.631,1764.983
2020-12-29 20:00:00,188387.35,4490.691,1139.791
2020-12-29 21:00:00,196332.312,4303.405,193.182
2020-12-29 22:00:00,210836.25,4985.437,-4.121
2020-12-29 23:00:00,214132.986,5947.127,0.397
2020-12-30 00:00:00,212494.372,6339.175,0.617
2020-12-30 01:00:00,209440.64,6704.804,0.497
2020-12-30 02:00:00,203597.934,6580.705,0.451
2020-12-30 03:00:00,195468.738,6540.001,0.714
2020-12-30 04:00:00,186972.532,5952.022,0.613
2020-12-30 05:00:00,180164.518,5677.084,0.599
2020-12-30 06:00:00,176451.794,5816.062,0.711
2020-12-30 07:00:00,174352.922,5925.881,0.665
2020-12-30 08:00:00,174192.642,6310.684,0.486
2020-12-30 09:00:00,176789.19,6826.544,0.564
2020-12-30 10:00:00,183528.994,6829.966,0.64
2020-12-30 11:00:00,193172.566,7028.486,0.865
2020-12-30 12:00:00,200871.952,7452.749,59.817
2020-12-30 13:00:00,202910.392,7271.186,592.39
2020-12-30 14:00:00,200277.502,7221.04,1311.968
2020-12-30 15:00:00,195488.684,7362.813,1634.905
2020-12-30 16:00:00,191275.66,7312.937,1679.814
2020-12-30 17:00:00,188127.524,6939.545,1657.019
2020-12-30 18:00:00,186095.54,6832.275,1502.035
2020-12-30 19:00:00,185211.008,6529.519,1091.459
2020-12-30 20:00:00,185167.068,6721.728,471.355
2020-12-30 21:00:00,190637.872,6676.768,65.816
2020-12-30 22:00:00,200789.728,6902.197,-1.417
2020-12-30 23:00:00,201357.618,7494.958,-1.076
2020-12-31 00:00:00,197626.846,7218.886,-1.246
2020-12-31 01:00:00,193373.874,7549.637,-1.158
2020-12-31 02:00:00,187042.774,7282.5,-1.129
2020-12-31 03:00:00,177803.886,6546.755,-1.25
2020-12-31 04:00:00,168264.55,5143.435,-1.093
2020-12-31 05:00:00,160671.73,4199.441,-1.167
2020-12-31 06:00:00,155851.644,4095.436,-1.158
2020-12-31 07:00:00,152955.878,3457.592,-1.181
2020-12-31 08:00:00,152511.816,2807.426,-1.123
2020-12-31 09:00:00,154191.086,2515.888,-1.057
2020-12-31 10:00:00,159151.518,2306.619,-1.15
2020-12-31 11:00:00,167004.498,1806.938,-1.239
2020-12-31 12:00:00,174367.36,1352.487,12.545
2020-12-31 13:00:00,178729.532,1098.403,139.841
2020-12-31 14:00:00,182078.906,780.385,235.816
2020-12-31 15:00:00,184042.674,523.759,332.2
2020-12-31 16:00:00,183743.096,564.704,452.605
2020-12-31 17:00:00,182528.862,514.825,565.668
2020-12-31 18:00:00,181306.818,440.899,471.227
2020-12-31 19:00:00,180562.11800000002,499.299,337.382
2020-12-31 20:00:00,180862.972,400.468,156.446
2020-12-31 21:00:00,185624.146,347.531,31.641
2020-12-31 22:00:00,194392.412,340.655,-1.334
2020-12-31 23:00:00,194091.558,474.864,-1.282
2021-01-01 00:00:00,188859.216,789.722,-1.262
2021-01-01 01:00:00,183942.844,1375.159,-1.21
2021-01-01 02:00:00,178941.204,1528.407,-1.202
2021-01-01 03:00:00,173726.706,2139.227,-1.136
2021-01-01 04:00:00,168574.31,2399.494,-1.197
